source_row_id,account_id,customer_id,branch_id,account_type,currency,opened_at,status,balance,credit_limit,updated_at
accounts-000001,AC-00001,CU-00001,BR-001,credit,USD,2026-01-01T00:00:00Z,active,2916.00,8640.00,2026-01-01T00:00:00Z
accounts-000002,AC-00002,CU-00002,BR-002,credit,USD,2026-01-01T00:53:00Z,active,13490.00,1858.00,2026-01-01T00:17:00Z
accounts-000003,AC-00003,CU-00003,BR-003,checking,USD,2026-01-01T01:46:00Z,active,4861.00,782.00,2026-01-01T00:34:00Z
accounts-000004,AC-00004,CU-00004,BR-004,savings,USD,2026-01-01T02:39:00Z,active,22712.00,10221.00,2026-01-01T00:51:00Z
accounts-000005,AC-00005,CU-00005,BR-005,checking,USD,2026-01-01T03:32:00Z,active,22491.00,6001.00,2026-01-01T01:08:00Z
accounts-000006,AC-00006,CU-00006,BR-006,savings,USD,2026-01-01T04:25:00Z,active,24072.00,13316.00,2026-01-01T01:25:00Z
accounts-000007,AC-00007,CU-00007,BR-007,savings,USD,2026-01-01T05:18:00Z,active,8794.00,9295.00,2026-01-01T01:42:00Z
accounts-000008,AC-00008,CU-00008,BR-008,savings,USD,2026-01-01T06:11:00Z,active,10588.00,5218.00,2026-01-01T01:59:00Z
accounts-000009,AC-00009,CU-00009,BR-009,checking,USD,2026-01-01T07:04:00Z,active,17029.00,6144.00,2026-01-01T02:16:00Z
accounts-000010,AC-00010,CU-00010,BR-010,savings,USD,2026-01-01T07:57:00Z,active,15269.00,10479.00,2026-01-01T02:33:00Z
accounts-000011,AC-00011,CU-00011,BR-011,savings,USD,2026-01-01T08:50:00Z,active,6264.00,8093.00,2026-01-01T02:50:00Z
accounts-000012,AC-00012,CU-00012,BR-012,checking,USD,2026-01-01T09:43:00Z,active,19984.00,9331.00,2026-01-01T03:07:00Z
accounts-000013,AC-00013,CU-00013,BR-013,savings,USD,2026-01-01T10:36:00Z,active,3510.00,12640.00,2026-01-01T03:24:00Z
accounts-000014,AC-00014,CU-00014,BR-014,checking,USD,2026-01-01T11:29:00Z,active,8412.00,7184.00,2026-01-01T03:41:00Z
accounts-000015,AC-00015,CU-00015,BR-015,credit,USD,2026-01-01T12:22:00Z,active,2186.00,5157.00,2026-01-01T03:58:00Z
accounts-000016,AC-00016,CU-00016,BR-016,checking,USD,2026-01-01T13:15:00Z,active,1245.00,1009.00,2026-01-01T04:15:00Z
accounts-000017,AC-00017,CU-00017,BR-017,credit,USD,2026-01-01T14:08:00Z,active,23489.00,11165.00,2026-01-01T04:32:00Z
accounts-000018,AC-00018,CU-00018,BR-018,credit,USD,2026-01-01T15:01:00Z,active,15808.00,2250.00,2026-01-01T04:49:00Z
accounts-000019,AC-00019,CU-00019,BR-019,credit,USD,2026-01-01T15:54:00Z,active,16029.00,2590.00,2026-01-01T05:06:00Z
accounts-000020,AC-00020,CU-00020,BR-020,savings,USD,2026-01-01T16:47:00Z,active,10316.00,13570.00,2026-01-01T05:23:00Z
accounts-000021,AC-00021,CU-00021,BR-001,savings,USD,2026-01-01T17:40:00Z,active,2614.00,3236.00,2026-01-01T05:40:00Z
accounts-000022,AC-00022,CU-00022,BR-002,savings,USD,2026-01-01T18:33:00Z,active,238.00,7555.00,2026-01-01T05:57:00Z
accounts-000023,AC-00023,CU-00023,BR-003,checking,USD,2026-01-01T19:26:00Z,active,14655.00,5156.00,2026-01-01T06:14:00Z
accounts-000024,AC-00024,CU-00024,BR-004,credit,USD,2026-01-01T20:19:00Z,active,22589.00,12224.00,2026-01-01T06:31:00Z
accounts-000025,AC-00025,CU-00025,BR-005,credit,USD,2026-01-01T21:12:00Z,active,7132.00,7093.00,2026-01-01T06:48:00Z
accounts-000026,AC-00026,CU-00026,BR-006,savings,USD,2026-01-01T22:05:00Z,active,9957.00,12933.00,2026-01-01T07:05:00Z
accounts-000027,AC-00027,CU-00027,BR-007,checking,USD,2026-01-01T22:58:00Z,active,20091.00,6570.00,2026-01-01T07:22:00Z
accounts-000028,AC-00028,CU-00028,BR-008,savings,USD,2026-01-01T23:51:00Z,active,5924.00,12870.00,2026-01-01T07:39:00Z
accounts-000029,AC-00029,CU-00029,BR-009,savings,USD,2026-01-02T00:44:00Z,active,12149.00,9137.00,2026-01-01T07:56:00Z
accounts-000030,AC-00030,CU-00030,BR-010,savings,USD,2026-01-02T01:37:00Z,active,23014.00,11230.00,2026-01-01T08:13:00Z
accounts-000031,AC-00031,CU-00031,BR-011,credit,USD,2026-01-02T02:30:00Z,active,15807.00,2869.00,2026-01-01T08:30:00Z
accounts-000032,AC-00032,CU-00032,BR-012,savings,USD,2026-01-02T03:23:00Z,active,11034.00,4985.00,2026-01-01T08:47:00Z
accounts-000033,AC-00033,CU-00033,BR-013,savings,USD,2026-01-02T04:16:00Z,active,15390.00,10323.00,2026-01-01T09:04:00Z
accounts-000034,AC-00034,CU-00034,BR-014,credit,USD,2026-01-02T05:09:00Z,active,16078.00,5504.00,2026-01-01T09:21:00Z
accounts-000035,AC-00035,CU-00035,BR-015,checking,USD,2026-01-02T06:02:00Z,active,12437.00,3732.00,2026-01-01T09:38:00Z
accounts-000036,AC-00036,CU-00036,BR-016,credit,USD,2026-01-02T06:55:00Z,active,22582.00,13727.00,2026-01-01T09:55:00Z
accounts-000037,AC-00037,CU-00037,BR-017,savings,USD,2026-01-02T07:48:00Z,active,13179.00,11274.00,2026-01-01T10:12:00Z
accounts-000038,AC-00038,CU-00038,BR-018,credit,USD,2026-01-02T08:41:00Z,active,18790.00,2670.00,2026-01-01T10:29:00Z
accounts-000039,AC-00039,CU-00039,BR-019,checking,USD,2026-01-02T09:34:00Z,active,5293.00,1298.00,2026-01-01T10:46:00Z
accounts-000040,AC-00040,CU-00040,BR-020,checking,USD,2026-01-02T10:27:00Z,active,23685.00,1792.00,2026-01-01T11:03:00Z
accounts-000041,AC-00041,CU-00041,BR-001,checking,USD,2026-01-02T11:20:00Z,active,19150.00,5678.00,2026-01-01T11:20:00Z
accounts-000042,AC-00042,CU-00042,BR-002,savings,USD,2026-01-02T12:13:00Z,active,6752.00,4880.00,2026-01-01T11:37:00Z
accounts-000043,AC-00043,CU-00043,BR-003,checking,USD,2026-01-02T13:06:00Z,active,10718.00,4439.00,2026-01-01T11:54:00Z
accounts-000044,AC-00044,CU-00044,BR-004,checking,USD,2026-01-02T13:59:00Z,active,5892.00,6377.00,2026-01-01T12:11:00Z
accounts-000045,AC-00045,CU-00045,BR-005,credit,USD,2026-01-02T14:52:00Z,active,12305.00,12696.00,2026-01-01T12:28:00Z
accounts-000046,AC-00046,CU-00046,BR-006,savings,USD,2026-01-02T15:45:00Z,active,22663.00,5556.00,2026-01-01T12:45:00Z
accounts-000047,AC-00047,CU-00047,BR-007,credit,USD,2026-01-02T16:38:00Z,active,12353.00,4834.00,2026-01-01T13:02:00Z
accounts-000048,AC-00048,CU-00048,BR-008,savings,USD,2026-01-02T17:31:00Z,active,6447.00,999.00,2026-01-01T13:19:00Z
accounts-000049,AC-00049,CU-00049,BR-009,credit,USD,2026-01-02T18:24:00Z,active,5079.00,5779.00,2026-01-01T13:36:00Z
accounts-000050,AC-00050,CU-00050,BR-010,credit,USD,2026-01-02T19:17:00Z,active,21728.00,10801.00,2026-01-01T13:53:00Z
accounts-000051,AC-00051,CU-00051,BR-011,checking,USD,2026-01-02T20:10:00Z,active,22102.00,11975.00,2026-01-01T14:10:00Z
accounts-000052,AC-00052,CU-00052,BR-012,savings,USD,2026-01-02T21:03:00Z,active,5340.00,8956.00,2026-01-01T14:27:00Z
accounts-000053,AC-00053,CU-00053,BR-013,checking,USD,2026-01-02T21:56:00Z,active,24719.00,13157.00,2026-01-01T14:44:00Z
accounts-000054,AC-00054,CU-00054,BR-014,checking,USD,2026-01-02T22:49:00Z,active,10160.00,14662.00,2026-01-01T15:01:00Z
accounts-000055,AC-00055,CU-00055,BR-015,savings,USD,2026-01-02T23:42:00Z,active,23045.00,3627.00,2026-01-01T15:18:00Z
accounts-000056,AC-00056,CU-00056,BR-016,credit,USD,2026-01-03T00:35:00Z,active,2452.00,5833.00,2026-01-01T15:35:00Z
accounts-000057,AC-00057,CU-00057,BR-017,savings,USD,2026-01-03T01:28:00Z,active,11009.00,8862.00,2026-01-01T15:52:00Z
accounts-000058,AC-00058,CU-00058,BR-018,savings,USD,2026-01-03T02:21:00Z,active,23146.00,13067.00,2026-01-01T16:09:00Z
accounts-000059,AC-00059,CU-00059,BR-019,checking,USD,2026-01-03T03:14:00Z,active,19393.00,6041.00,2026-01-01T16:26:00Z
accounts-000060,AC-00060,CU-00060,BR-020,savings,USD,2026-01-03T04:07:00Z,active,4082.00,8677.00,2026-01-01T16:43:00Z
accounts-000061,AC-00061,CU-00061,BR-001,credit,USD,2026-01-03T05:00:00Z,active,13240.00,13980.00,2026-01-01T17:00:00Z
accounts-000062,AC-00062,CU-00062,BR-002,checking,USD,2026-01-03T05:53:00Z,active,8792.00,12851.00,2026-01-01T17:17:00Z
accounts-000063,AC-00063,CU-00063,BR-003,savings,USD,2026-01-03T06:46:00Z,active,1346.00,818.00,2026-01-01T17:34:00Z
accounts-000064,AC-00064,CU-00064,BR-004,checking,USD,2026-01-03T07:39:00Z,active,11602.00,5761.00,2026-01-01T17:51:00Z
accounts-000065,AC-00065,CU-00065,BR-005,credit,USD,2026-01-03T08:32:00Z,active,3588.00,6320.00,2026-01-01T18:08:00Z
accounts-000066,AC-00066,CU-00066,BR-006,checking,USD,2026-01-03T09:25:00Z,active,20668.00,9484.00,2026-01-01T18:25:00Z
accounts-000067,AC-00067,CU-00067,BR-007,checking,USD,2026-01-03T10:18:00Z,active,4212.00,11838.00,2026-01-01T18:42:00Z
accounts-000068,AC-00068,CU-00068,BR-008,savings,USD,2026-01-03T11:11:00Z,active,7945.00,5571.00,2026-01-01T18:59:00Z
accounts-000069,AC-00069,CU-00069,BR-009,checking,USD,2026-01-03T12:04:00Z,active,15655.00,7861.00,2026-01-01T19:16:00Z
accounts-000070,AC-00070,CU-00070,BR-010,checking,USD,2026-01-03T12:57:00Z,active,17866.00,8493.00,2026-01-01T19:33:00Z
accounts-000071,AC-00071,CU-00071,BR-011,credit,USD,2026-01-03T13:50:00Z,active,20584.00,11639.00,2026-01-01T19:50:00Z
accounts-000072,AC-00072,CU-00072,BR-012,credit,USD,2026-01-03T14:43:00Z,active,9533.00,12374.00,2026-01-01T20:07:00Z
accounts-000073,AC-00073,CU-00073,BR-013,savings,USD,2026-01-03T15:36:00Z,active,21398.00,2449.00,2026-01-01T20:24:00Z
accounts-000074,AC-00074,CU-00074,BR-014,credit,USD,2026-01-03T16:29:00Z,active,4516.00,3614.00,2026-01-01T20:41:00Z
accounts-000075,AC-00075,CU-00075,BR-015,credit,USD,2026-01-03T17:22:00Z,active,24400.00,11550.00,2026-01-01T20:58:00Z
accounts-000076,AC-00076,CU-00076,BR-016,checking,USD,2026-01-03T18:15:00Z,active,6504.00,6666.00,2026-01-01T21:15:00Z
accounts-000077,AC-00077,CU-00077,BR-017,savings,USD,2026-01-03T19:08:00Z,active,10794.00,3817.00,2026-01-01T21:32:00Z
accounts-000078,AC-00078,CU-00078,BR-018,savings,USD,2026-01-03T20:01:00Z,active,14687.00,10301.00,2026-01-01T21:49:00Z
accounts-000079,AC-00079,CU-00079,BR-019,savings,USD,2026-01-03T20:54:00Z,active,21058.00,3847.00,2026-01-01T22:06:00Z
accounts-000080,AC-00080,CU-00080,BR-020,credit,USD,2026-01-03T21:47:00Z,active,23948.00,9465.00,2026-01-01T22:23:00Z
accounts-000081,AC-00081,CU-00081,BR-001,checking,USD,2026-01-03T22:40:00Z,active,6345.00,5869.00,2026-01-01T22:40:00Z
accounts-000082,AC-00082,CU-00082,BR-002,savings,USD,2026-01-03T23:33:00Z,active,5340.00,3629.00,2026-01-01T22:57:00Z
accounts-000083,AC-00083,CU-00083,BR-003,credit,USD,2026-01-04T00:26:00Z,active,15645.00,3824.00,2026-01-01T23:14:00Z
accounts-000084,AC-00084,CU-00084,BR-004,savings,USD,2026-01-04T01:19:00Z,active,20794.00,5148.00,2026-01-01T23:31:00Z
accounts-000085,AC-00085,CU-00085,BR-005,checking,USD,2026-01-04T02:12:00Z,active,5257.00,4417.00,2026-01-01T23:48:00Z
accounts-000086,AC-00086,CU-00086,BR-006,savings,USD,2026-01-04T03:05:00Z,active,10818.00,14916.00,2026-01-02T00:05:00Z
accounts-000087,AC-00087,CU-00087,BR-007,credit,USD,2026-01-04T03:58:00Z,active,24371.00,7678.00,2026-01-02T00:22:00Z
accounts-000088,AC-00088,CU-00088,BR-008,credit,USD,2026-01-04T04:51:00Z,active,15297.00,7159.00,2026-01-02T00:39:00Z
accounts-000089,AC-00089,CU-00089,BR-009,credit,USD,2026-01-04T05:44:00Z,active,21174.00,14611.00,2026-01-02T00:56:00Z
accounts-000090,AC-00090,CU-00090,BR-010,credit,USD,2026-01-04T06:37:00Z,active,6535.00,2284.00,2026-01-02T01:13:00Z
accounts-000091,AC-00091,CU-00091,BR-011,credit,USD,2026-01-04T07:30:00Z,active,19410.00,7313.00,2026-01-02T01:30:00Z
accounts-000092,AC-00092,CU-00092,BR-012,checking,USD,2026-01-04T08:23:00Z,active,886.00,4983.00,2026-01-02T01:47:00Z
accounts-000093,AC-00093,CU-00093,BR-013,checking,USD,2026-01-04T09:16:00Z,active,20347.00,11945.00,2026-01-02T02:04:00Z
accounts-000094,AC-00094,CU-00094,BR-014,checking,USD,2026-01-04T10:09:00Z,active,4325.00,9248.00,2026-01-02T02:21:00Z
accounts-000095,AC-00095,CU-00095,BR-015,savings,USD,2026-01-04T11:02:00Z,active,13071.00,4437.00,2026-01-02T02:38:00Z
accounts-000096,AC-00096,CU-00096,BR-016,checking,USD,2026-01-04T11:55:00Z,active,11199.00,12895.00,2026-01-02T02:55:00Z
accounts-000097,AC-00097,CU-00097,BR-017,checking,USD,2026-01-04T12:48:00Z,active,8422.00,2767.00,2026-01-02T03:12:00Z
accounts-000098,AC-00098,CU-00098,BR-018,savings,USD,2026-01-04T13:41:00Z,active,11554.00,5709.00,2026-01-02T03:29:00Z
accounts-000099,AC-00099,CU-00099,BR-019,savings,USD,2026-01-04T14:34:00Z,active,24734.00,5018.00,2026-01-02T03:46:00Z
accounts-000100,AC-00100,CU-00100,BR-020,savings,USD,2026-01-04T15:27:00Z,active,6317.00,9638.00,2026-01-02T04:03:00Z
accounts-000101,AC-00101,CU-00101,BR-001,credit,USD,2026-01-04T16:20:00Z,active,21595.00,8578.00,2026-01-02T04:20:00Z
accounts-000102,AC-00102,CU-00102,BR-002,checking,USD,2026-01-04T17:13:00Z,active,4661.00,8139.00,2026-01-02T04:37:00Z
accounts-000103,AC-00103,CU-00103,BR-003,savings,USD,2026-01-04T18:06:00Z,active,572.00,2209.00,2026-01-02T04:54:00Z
accounts-000104,AC-00104,CU-00104,BR-004,checking,USD,2026-01-04T18:59:00Z,active,21840.00,12644.00,2026-01-02T05:11:00Z
accounts-000105,AC-00105,CU-00105,BR-005,savings,USD,2026-01-04T19:52:00Z,active,12922.00,13587.00,2026-01-02T05:28:00Z
accounts-000106,AC-00106,CU-00106,BR-006,checking,USD,2026-01-04T20:45:00Z,active,5595.00,7123.00,2026-01-02T05:45:00Z
accounts-000107,AC-00107,CU-00107,BR-007,credit,USD,2026-01-04T21:38:00Z,active,6310.00,6155.00,2026-01-02T06:02:00Z
accounts-000108,AC-00108,CU-00108,BR-008,savings,USD,2026-01-04T22:31:00Z,active,2814.00,6952.00,2026-01-02T06:19:00Z
accounts-000109,AC-00109,CU-00109,BR-009,checking,USD,2026-01-04T23:24:00Z,active,13125.00,11307.00,2026-01-02T06:36:00Z
accounts-000110,AC-00110,CU-00110,BR-010,checking,USD,2026-01-05T00:17:00Z,active,10279.00,7690.00,2026-01-02T06:53:00Z
accounts-000111,AC-00111,CU-00111,BR-011,savings,USD,2026-01-05T01:10:00Z,active,13300.00,10011.00,2026-01-02T07:10:00Z
accounts-000112,AC-00112,CU-00112,BR-012,savings,USD,2026-01-05T02:03:00Z,active,16302.00,1182.00,2026-01-02T07:27:00Z
accounts-000113,AC-00113,CU-00113,BR-013,checking,USD,2026-01-05T02:56:00Z,active,9214.00,2802.00,2026-01-02T07:44:00Z
accounts-000114,AC-00114,CU-00114,BR-014,credit,USD,2026-01-05T03:49:00Z,active,23842.00,7290.00,2026-01-02T08:01:00Z
accounts-000115,AC-00115,CU-00115,BR-015,credit,USD,2026-01-05T04:42:00Z,active,2447.00,13769.00,2026-01-02T08:18:00Z
accounts-000116,AC-00116,CU-00116,BR-016,credit,USD,2026-01-05T05:35:00Z,active,13416.00,9981.00,2026-01-02T08:35:00Z
accounts-000117,AC-00117,CU-00117,BR-017,checking,USD,2026-01-05T06:28:00Z,active,2102.00,9983.00,2026-01-02T08:52:00Z
accounts-000118,AC-00118,CU-00118,BR-018,credit,USD,2026-01-05T07:21:00Z,active,6011.00,7990.00,2026-01-02T09:09:00Z
accounts-000119,AC-00119,CU-00119,BR-019,savings,USD,2026-01-05T08:14:00Z,active,3382.00,9782.00,2026-01-02T09:26:00Z
accounts-000120,AC-00120,CU-00120,BR-020,credit,USD,2026-01-05T09:07:00Z,active,12252.00,11584.00,2026-01-02T09:43:00Z
accounts-000121,AC-00121,CU-00121,BR-001,checking,USD,2026-01-05T10:00:00Z,active,22170.00,9096.00,2026-01-02T10:00:00Z
accounts-000122,AC-00122,CU-00122,BR-002,credit,USD,2026-01-05T10:53:00Z,active,13042.00,14329.00,2026-01-02T10:17:00Z
accounts-000123,AC-00123,CU-00123,BR-003,credit,USD,2026-01-05T11:46:00Z,active,15285.00,6988.00,2026-01-02T10:34:00Z
accounts-000124,AC-00124,CU-00124,BR-004,checking,USD,2026-01-05T12:39:00Z,active,3670.00,3312.00,2026-01-02T10:51:00Z
accounts-000125,AC-00125,CU-00125,BR-005,checking,USD,2026-01-05T13:32:00Z,active,699.00,3362.00,2026-01-02T11:08:00Z
accounts-000126,AC-00126,CU-00126,BR-006,credit,USD,2026-01-05T14:25:00Z,active,8348.00,12876.00,2026-01-02T11:25:00Z
accounts-000127,AC-00127,CU-00127,BR-007,checking,USD,2026-01-05T15:18:00Z,active,630.00,4835.00,2026-01-02T11:42:00Z
accounts-000128,AC-00128,CU-00128,BR-008,credit,USD,2026-01-05T16:11:00Z,active,16454.00,706.00,2026-01-02T11:59:00Z
accounts-000129,AC-00129,CU-00129,BR-009,savings,USD,2026-01-05T17:04:00Z,active,16109.00,6945.00,2026-01-02T12:16:00Z
accounts-000130,AC-00130,CU-00130,BR-010,checking,USD,2026-01-05T17:57:00Z,active,18273.00,13140.00,2026-01-02T12:33:00Z
accounts-000131,AC-00131,CU-00131,BR-011,checking,USD,2026-01-05T18:50:00Z,active,12113.00,6021.00,2026-01-02T12:50:00Z
accounts-000132,AC-00132,CU-00132,BR-012,savings,USD,2026-01-05T19:43:00Z,active,16977.00,2441.00,2026-01-02T13:07:00Z
accounts-000133,AC-00133,CU-00133,BR-013,savings,USD,2026-01-05T20:36:00Z,active,24172.00,12591.00,2026-01-02T13:24:00Z
accounts-000134,AC-00134,CU-00134,BR-014,savings,USD,2026-01-05T21:29:00Z,active,20412.00,1160.00,2026-01-02T13:41:00Z
accounts-000135,AC-00135,CU-00135,BR-015,credit,USD,2026-01-05T22:22:00Z,active,23209.00,1854.00,2026-01-02T13:58:00Z
accounts-000136,AC-00136,CU-00136,BR-016,checking,USD,2026-01-05T23:15:00Z,active,18443.00,3789.00,2026-01-02T14:15:00Z
accounts-000137,AC-00137,CU-00137,BR-017,checking,USD,2026-01-06T00:08:00Z,active,147.00,2204.00,2026-01-02T14:32:00Z
accounts-000138,AC-00138,CU-00138,BR-018,checking,USD,2026-01-06T01:01:00Z,active,17405.00,7791.00,2026-01-02T14:49:00Z
accounts-000139,AC-00139,CU-00139,BR-019,checking,USD,2026-01-06T01:54:00Z,active,13928.00,8714.00,2026-01-02T15:06:00Z
accounts-000140,AC-00140,CU-00140,BR-020,credit,USD,2026-01-06T02:47:00Z,active,20096.00,5884.00,2026-01-02T15:23:00Z
accounts-000141,AC-00141,CU-00141,BR-001,checking,USD,2026-01-06T03:40:00Z,active,17942.00,9841.00,2026-01-02T15:40:00Z
accounts-000142,AC-00142,CU-00142,BR-002,credit,USD,2026-01-06T04:33:00Z,active,17799.00,2680.00,2026-01-02T15:57:00Z
accounts-000143,AC-00143,CU-00143,BR-003,savings,USD,2026-01-06T05:26:00Z,active,13295.00,3845.00,2026-01-02T16:14:00Z
accounts-000144,AC-00144,CU-00144,BR-004,credit,USD,2026-01-06T06:19:00Z,active,20024.00,2467.00,2026-01-02T16:31:00Z
accounts-000145,AC-00145,CU-00145,BR-005,credit,USD,2026-01-06T07:12:00Z,active,19489.00,5741.00,2026-01-02T16:48:00Z
accounts-000146,AC-00146,CU-00146,BR-006,credit,USD,2026-01-06T08:05:00Z,active,1020.00,13653.00,2026-01-02T17:05:00Z
accounts-000147,AC-00147,CU-00147,BR-007,checking,USD,2026-01-06T08:58:00Z,active,9771.00,10379.00,2026-01-02T17:22:00Z
accounts-000148,AC-00148,CU-00148,BR-008,checking,USD,2026-01-06T09:51:00Z,active,5605.00,724.00,2026-01-02T17:39:00Z
accounts-000149,AC-00149,CU-00149,BR-009,credit,USD,2026-01-06T10:44:00Z,active,21617.00,1994.00,2026-01-02T17:56:00Z
accounts-000150,AC-00150,CU-00150,BR-010,savings,USD,2026-01-06T11:37:00Z,active,10665.00,9132.00,2026-01-02T18:13:00Z
accounts-000151,AC-00151,CU-00151,BR-011,savings,USD,2026-01-06T12:30:00Z,active,19059.00,4041.00,2026-01-02T18:30:00Z
accounts-000152,AC-00152,CU-00152,BR-012,checking,USD,2026-01-06T13:23:00Z,active,7059.00,6163.00,2026-01-02T18:47:00Z
accounts-000153,AC-00153,CU-00153,BR-013,checking,USD,2026-01-06T14:16:00Z,active,16673.00,9268.00,2026-01-02T19:04:00Z
accounts-000154,AC-00154,CU-00154,BR-014,checking,USD,2026-01-06T15:09:00Z,active,15223.00,12541.00,2026-01-02T19:21:00Z
accounts-000155,AC-00155,CU-00155,BR-015,savings,USD,2026-01-06T16:02:00Z,active,12415.00,5450.00,2026-01-02T19:38:00Z
accounts-000156,AC-00156,CU-00156,BR-016,checking,USD,2026-01-06T16:55:00Z,active,3378.00,13493.00,2026-01-02T19:55:00Z
accounts-000157,AC-00157,CU-00157,BR-017,savings,USD,2026-01-06T17:48:00Z,active,14639.00,3837.00,2026-01-02T20:12:00Z
accounts-000158,AC-00158,CU-00158,BR-018,checking,USD,2026-01-06T18:41:00Z,active,24500.00,7123.00,2026-01-02T20:29:00Z
accounts-000159,AC-00159,CU-00159,BR-019,checking,USD,2026-01-06T19:34:00Z,active,1223.00,13563.00,2026-01-02T20:46:00Z
accounts-000160,AC-00160,CU-00160,BR-020,savings,USD,2026-01-06T20:27:00Z,active,2015.00,10389.00,2026-01-02T21:03:00Z
accounts-000161,AC-00161,CU-00161,BR-001,credit,USD,2026-01-06T21:20:00Z,active,4768.00,10615.00,2026-01-02T21:20:00Z
accounts-000162,AC-00162,CU-00162,BR-002,credit,USD,2026-01-06T22:13:00Z,active,18060.00,4347.00,2026-01-02T21:37:00Z
accounts-000163,AC-00163,CU-00163,BR-003,credit,USD,2026-01-06T23:06:00Z,active,10591.00,1013.00,2026-01-02T21:54:00Z
accounts-000164,AC-00164,CU-00164,BR-004,checking,USD,2026-01-06T23:59:00Z,active,4795.00,8242.00,2026-01-02T22:11:00Z
accounts-000165,AC-00165,CU-00165,BR-005,credit,USD,2026-01-07T00:52:00Z,active,21408.00,4881.00,2026-01-02T22:28:00Z
accounts-000166,AC-00166,CU-00166,BR-006,checking,USD,2026-01-07T01:45:00Z,active,17530.00,12938.00,2026-01-02T22:45:00Z
accounts-000167,AC-00167,CU-00167,BR-007,savings,USD,2026-01-07T02:38:00Z,active,17040.00,9899.00,2026-01-02T23:02:00Z
accounts-000168,AC-00168,CU-00168,BR-008,savings,USD,2026-01-07T03:31:00Z,active,16097.00,10207.00,2026-01-02T23:19:00Z
accounts-000169,AC-00169,CU-00169,BR-009,credit,USD,2026-01-07T04:24:00Z,active,22126.00,10334.00,2026-01-02T23:36:00Z
accounts-000170,AC-00170,CU-00170,BR-010,savings,USD,2026-01-07T05:17:00Z,active,11513.00,3581.00,2026-01-02T23:53:00Z
accounts-000171,AC-00171,CU-00171,BR-011,credit,USD,2026-01-07T06:10:00Z,active,3476.00,9385.00,2026-01-03T00:10:00Z
accounts-000172,AC-00172,CU-00172,BR-012,credit,USD,2026-01-07T07:03:00Z,active,17416.00,3205.00,2026-01-03T00:27:00Z
accounts-000173,AC-00173,CU-00173,BR-013,savings,USD,2026-01-07T07:56:00Z,active,4563.00,10626.00,2026-01-03T00:44:00Z
accounts-000174,AC-00174,CU-00174,BR-014,checking,USD,2026-01-07T08:49:00Z,active,16439.00,13296.00,2026-01-03T01:01:00Z
accounts-000175,AC-00175,CU-00175,BR-015,credit,USD,2026-01-07T09:42:00Z,active,22378.00,14544.00,2026-01-03T01:18:00Z
accounts-000176,AC-00176,CU-00176,BR-016,checking,USD,2026-01-07T10:35:00Z,active,6808.00,12247.00,2026-01-03T01:35:00Z
accounts-000177,AC-00177,CU-00177,BR-017,savings,USD,2026-01-07T11:28:00Z,active,4167.00,4163.00,2026-01-03T01:52:00Z
accounts-000178,AC-00178,CU-00178,BR-018,credit,USD,2026-01-07T12:21:00Z,active,23452.00,13615.00,2026-01-03T02:09:00Z
accounts-000179,AC-00179,CU-00179,BR-019,savings,USD,2026-01-07T13:14:00Z,active,5390.00,7277.00,2026-01-03T02:26:00Z
accounts-000180,AC-00180,CU-00180,BR-020,checking,USD,2026-01-07T14:07:00Z,active,1395.00,5946.00,2026-01-03T02:43:00Z
accounts-000181,AC-00181,CU-00181,BR-001,checking,USD,2026-01-07T15:00:00Z,active,23751.00,1078.00,2026-01-03T03:00:00Z
accounts-000182,AC-00182,CU-00182,BR-002,credit,USD,2026-01-07T15:53:00Z,active,6630.00,2301.00,2026-01-03T03:17:00Z
accounts-000183,AC-00183,CU-00183,BR-003,savings,USD,2026-01-07T16:46:00Z,active,16868.00,13595.00,2026-01-03T03:34:00Z
accounts-000184,AC-00184,CU-00184,BR-004,checking,USD,2026-01-07T17:39:00Z,active,16984.00,4049.00,2026-01-03T03:51:00Z
accounts-000185,AC-00185,CU-00185,BR-005,credit,USD,2026-01-07T18:32:00Z,active,23959.00,1275.00,2026-01-03T04:08:00Z
accounts-000186,AC-00186,CU-00186,BR-006,savings,USD,2026-01-07T19:25:00Z,active,22592.00,1448.00,2026-01-03T04:25:00Z
accounts-000187,AC-00187,CU-00187,BR-007,savings,USD,2026-01-07T20:18:00Z,active,10814.00,3160.00,2026-01-03T04:42:00Z
accounts-000188,AC-00188,CU-00188,BR-008,savings,USD,2026-01-07T21:11:00Z,active,22894.00,12445.00,2026-01-03T04:59:00Z
accounts-000189,AC-00189,CU-00189,BR-009,checking,USD,2026-01-07T22:04:00Z,active,23059.00,2211.00,2026-01-03T05:16:00Z
accounts-000190,AC-00190,CU-00190,BR-010,checking,USD,2026-01-07T22:57:00Z,active,9728.00,9549.00,2026-01-03T05:33:00Z
accounts-000191,AC-00191,CU-00191,BR-011,checking,USD,2026-01-07T23:50:00Z,active,16328.00,2453.00,2026-01-03T05:50:00Z
accounts-000192,AC-00192,CU-00192,BR-012,credit,USD,2026-01-08T00:43:00Z,active,3976.00,8608.00,2026-01-03T06:07:00Z
accounts-000193,AC-00193,CU-00193,BR-013,credit,USD,2026-01-08T01:36:00Z,active,23828.00,2275.00,2026-01-03T06:24:00Z
accounts-000194,AC-00194,CU-00194,BR-014,savings,USD,2026-01-08T02:29:00Z,active,5064.00,10966.00,2026-01-03T06:41:00Z
accounts-000195,AC-00195,CU-00195,BR-015,credit,USD,2026-01-08T03:22:00Z,active,10309.00,13725.00,2026-01-03T06:58:00Z
accounts-000196,AC-00196,CU-00196,BR-016,credit,USD,2026-01-08T04:15:00Z,active,10337.00,1685.00,2026-01-03T07:15:00Z
accounts-000197,AC-00197,CU-00197,BR-017,credit,USD,2026-01-08T05:08:00Z,active,11650.00,4599.00,2026-01-03T07:32:00Z
accounts-000198,AC-00198,CU-00198,BR-018,checking,USD,2026-01-08T06:01:00Z,active,11835.00,9506.00,2026-01-03T07:49:00Z
accounts-000199,AC-00199,CU-00199,BR-019,credit,USD,2026-01-08T06:54:00Z,active,13623.00,8510.00,2026-01-03T08:06:00Z
accounts-000200,AC-00200,CU-00200,BR-020,checking,USD,2026-01-08T07:47:00Z,active,21844.00,10366.00,2026-01-03T08:23:00Z
accounts-000201,AC-00201,CU-00001,BR-001,savings,USD,2026-01-08T08:40:00Z,active,19562.00,3952.00,2026-01-03T08:40:00Z
accounts-000202,AC-00202,CU-00002,BR-002,credit,USD,2026-01-08T09:33:00Z,active,8391.00,11863.00,2026-01-03T08:57:00Z
accounts-000203,AC-00203,CU-00003,BR-003,credit,USD,2026-01-08T10:26:00Z,active,7478.00,12843.00,2026-01-03T09:14:00Z
accounts-000204,AC-00204,CU-00004,BR-004,savings,USD,2026-01-08T11:19:00Z,active,17425.00,13788.00,2026-01-03T09:31:00Z
accounts-000205,AC-00205,CU-00005,BR-005,credit,USD,2026-01-08T12:12:00Z,active,22794.00,823.00,2026-01-03T09:48:00Z
accounts-000206,AC-00206,CU-00006,BR-006,savings,USD,2026-01-08T13:05:00Z,active,19343.00,13850.00,2026-01-03T10:05:00Z
accounts-000207,AC-00207,CU-00007,BR-007,credit,USD,2026-01-08T13:58:00Z,active,13173.00,2264.00,2026-01-03T10:22:00Z
accounts-000208,AC-00208,CU-00008,BR-008,savings,USD,2026-01-08T14:51:00Z,active,13471.00,6957.00,2026-01-03T10:39:00Z
accounts-000209,AC-00209,CU-00009,BR-009,credit,USD,2026-01-08T15:44:00Z,active,11393.00,13690.00,2026-01-03T10:56:00Z
accounts-000210,AC-00210,CU-00010,BR-010,savings,USD,2026-01-08T16:37:00Z,active,24332.00,1914.00,2026-01-03T11:13:00Z
accounts-000211,AC-00211,CU-00011,BR-011,savings,USD,2026-01-08T17:30:00Z,active,18957.00,5747.00,2026-01-03T11:30:00Z
accounts-000212,AC-00212,CU-00012,BR-012,credit,USD,2026-01-08T18:23:00Z,active,19946.00,14140.00,2026-01-03T11:47:00Z
accounts-000213,AC-00213,CU-00013,BR-013,credit,USD,2026-01-08T19:16:00Z,active,24702.00,11907.00,2026-01-03T12:04:00Z
accounts-000214,AC-00214,CU-00014,BR-014,credit,USD,2026-01-08T20:09:00Z,active,7647.00,14983.00,2026-01-03T12:21:00Z
accounts-000215,AC-00215,CU-00015,BR-015,credit,USD,2026-01-08T21:02:00Z,active,7382.00,3400.00,2026-01-03T12:38:00Z
accounts-000216,AC-00216,CU-00016,BR-016,checking,USD,2026-01-08T21:55:00Z,active,9670.00,11677.00,2026-01-03T12:55:00Z
accounts-000217,AC-00217,CU-00017,BR-017,savings,USD,2026-01-08T22:48:00Z,active,1956.00,3057.00,2026-01-03T13:12:00Z
accounts-000218,AC-00218,CU-00018,BR-018,checking,USD,2026-01-08T23:41:00Z,active,9067.00,12388.00,2026-01-03T13:29:00Z
accounts-000219,AC-00219,CU-00019,BR-019,checking,USD,2026-01-09T00:34:00Z,active,13473.00,2063.00,2026-01-03T13:46:00Z
accounts-000220,AC-00220,CU-00020,BR-020,credit,USD,2026-01-09T01:27:00Z,active,13810.00,11983.00,2026-01-03T14:03:00Z
accounts-000221,AC-00221,CU-00021,BR-001,checking,USD,2026-01-09T02:20:00Z,active,15937.00,2899.00,2026-01-03T14:20:00Z
accounts-000222,AC-00222,CU-00022,BR-002,savings,USD,2026-01-09T03:13:00Z,active,16362.00,1361.00,2026-01-03T14:37:00Z
accounts-000223,AC-00223,CU-00023,BR-003,savings,USD,2026-01-09T04:06:00Z,active,6976.00,3141.00,2026-01-03T14:54:00Z
accounts-000224,AC-00224,CU-00024,BR-004,savings,USD,2026-01-09T04:59:00Z,active,18033.00,8619.00,2026-01-03T15:11:00Z
accounts-000225,AC-00225,CU-00025,BR-005,credit,USD,2026-01-09T05:52:00Z,active,17876.00,6203.00,2026-01-03T15:28:00Z
accounts-000226,AC-00226,CU-00026,BR-006,checking,USD,2026-01-09T06:45:00Z,active,2616.00,4098.00,2026-01-03T15:45:00Z
accounts-000227,AC-00227,CU-00027,BR-007,savings,USD,2026-01-09T07:38:00Z,active,20991.00,9256.00,2026-01-03T16:02:00Z
accounts-000228,AC-00228,CU-00028,BR-008,savings,USD,2026-01-09T08:31:00Z,active,5637.00,6848.00,2026-01-03T16:19:00Z
accounts-000229,AC-00229,CU-00029,BR-009,credit,USD,2026-01-09T09:24:00Z,active,7638.00,4987.00,2026-01-03T16:36:00Z
accounts-000230,AC-00230,CU-00030,BR-010,savings,USD,2026-01-09T10:17:00Z,active,22539.00,11709.00,2026-01-03T16:53:00Z
accounts-000231,AC-00231,CU-00031,BR-011,credit,USD,2026-01-09T11:10:00Z,active,20116.00,8151.00,2026-01-03T17:10:00Z
accounts-000232,AC-00232,CU-00032,BR-012,credit,USD,2026-01-09T12:03:00Z,active,12852.00,7589.00,2026-01-03T17:27:00Z
accounts-000233,AC-00233,CU-00033,BR-013,checking,USD,2026-01-09T12:56:00Z,active,22784.00,13390.00,2026-01-03T17:44:00Z
accounts-000234,AC-00234,CU-00034,BR-014,credit,USD,2026-01-09T13:49:00Z,active,7591.00,12647.00,2026-01-03T18:01:00Z
accounts-000235,AC-00235,CU-00035,BR-015,checking,USD,2026-01-09T14:42:00Z,active,19894.00,10672.00,2026-01-03T18:18:00Z
accounts-000236,AC-00236,CU-00036,BR-016,credit,USD,2026-01-09T15:35:00Z,active,10695.00,6531.00,2026-01-03T18:35:00Z
accounts-000237,AC-00237,CU-00037,BR-017,savings,USD,2026-01-09T16:28:00Z,active,6288.00,9764.00,2026-01-03T18:52:00Z
accounts-000238,AC-00238,CU-00038,BR-018,checking,USD,2026-01-09T17:21:00Z,active,20874.00,10151.00,2026-01-03T19:09:00Z
accounts-000239,AC-00239,CU-00039,BR-019,checking,USD,2026-01-09T18:14:00Z,active,18245.00,11371.00,2026-01-03T19:26:00Z
accounts-000240,AC-00240,CU-00040,BR-020,checking,USD,2026-01-09T19:07:00Z,active,2222.00,12113.00,2026-01-03T19:43:00Z
accounts-000241,AC-00241,CU-00041,BR-001,savings,USD,2026-01-09T20:00:00Z,active,2794.00,6087.00,2026-01-03T20:00:00Z
accounts-000242,AC-00242,CU-00042,BR-002,savings,USD,2026-01-09T20:53:00Z,active,18263.00,10709.00,2026-01-03T20:17:00Z
accounts-000243,AC-00243,CU-00043,BR-003,checking,USD,2026-01-09T21:46:00Z,active,22048.00,10462.00,2026-01-03T20:34:00Z
accounts-000244,AC-00244,CU-00044,BR-004,savings,USD,2026-01-09T22:39:00Z,active,10374.00,5815.00,2026-01-03T20:51:00Z
accounts-000245,AC-00245,CU-00045,BR-005,credit,USD,2026-01-09T23:32:00Z,active,638.00,10022.00,2026-01-03T21:08:00Z
accounts-000246,AC-00246,CU-00046,BR-006,credit,USD,2026-01-10T00:25:00Z,active,17008.00,6438.00,2026-01-03T21:25:00Z
accounts-000247,AC-00247,CU-00047,BR-007,savings,USD,2026-01-10T01:18:00Z,active,19964.00,13507.00,2026-01-03T21:42:00Z
accounts-000248,AC-00248,CU-00048,BR-008,checking,USD,2026-01-10T02:11:00Z,active,9966.00,853.00,2026-01-03T21:59:00Z
accounts-000249,AC-00249,CU-00049,BR-009,savings,USD,2026-01-10T03:04:00Z,active,19177.00,4240.00,2026-01-03T22:16:00Z
accounts-000250,AC-00250,CU-00050,BR-010,savings,USD,2026-01-10T03:57:00Z,active,16061.00,8470.00,2026-01-03T22:33:00Z
accounts-000251,AC-00251,CU-00051,BR-011,credit,USD,2026-01-10T04:50:00Z,active,6013.00,9112.00,2026-01-03T22:50:00Z
accounts-000252,AC-00252,CU-00052,BR-012,checking,USD,2026-01-10T05:43:00Z,active,23527.00,5499.00,2026-01-03T23:07:00Z
accounts-000253,AC-00253,CU-00053,BR-013,checking,USD,2026-01-10T06:36:00Z,active,18337.00,8450.00,2026-01-03T23:24:00Z
accounts-000254,AC-00254,CU-00054,BR-014,credit,USD,2026-01-10T07:29:00Z,active,6886.00,8602.00,2026-01-03T23:41:00Z
accounts-000255,AC-00255,CU-00055,BR-015,savings,USD,2026-01-10T08:22:00Z,active,21351.00,14097.00,2026-01-03T23:58:00Z
accounts-000256,AC-00256,CU-00056,BR-016,checking,USD,2026-01-10T09:15:00Z,active,14306.00,762.00,2026-01-04T00:15:00Z
accounts-000257,AC-00257,CU-00057,BR-017,credit,USD,2026-01-10T10:08:00Z,active,4239.00,6646.00,2026-01-04T00:32:00Z
accounts-000258,AC-00258,CU-00058,BR-018,savings,USD,2026-01-10T11:01:00Z,active,13333.00,14444.00,2026-01-04T00:49:00Z
accounts-000259,AC-00259,CU-00059,BR-019,savings,USD,2026-01-10T11:54:00Z,active,14959.00,12458.00,2026-01-04T01:06:00Z
accounts-000260,AC-00260,CU-00060,BR-020,credit,USD,2026-01-10T12:47:00Z,active,15015.00,3473.00,2026-01-04T01:23:00Z
accounts-000261,AC-00261,CU-00061,BR-001,checking,USD,2026-01-10T13:40:00Z,active,15330.00,8221.00,2026-01-04T01:40:00Z
accounts-000262,AC-00262,CU-00062,BR-002,checking,USD,2026-01-10T14:33:00Z,active,9777.00,4470.00,2026-01-04T01:57:00Z
accounts-000263,AC-00263,CU-00063,BR-003,credit,USD,2026-01-10T15:26:00Z,active,2825.00,4229.00,2026-01-04T02:14:00Z
accounts-000264,AC-00264,CU-00064,BR-004,checking,USD,2026-01-10T16:19:00Z,active,7522.00,8885.00,2026-01-04T02:31:00Z
accounts-000265,AC-00265,CU-00065,BR-005,checking,USD,2026-01-10T17:12:00Z,active,13835.00,7090.00,2026-01-04T02:48:00Z
accounts-000266,AC-00266,CU-00066,BR-006,credit,USD,2026-01-10T18:05:00Z,active,2861.00,831.00,2026-01-04T03:05:00Z
accounts-000267,AC-00267,CU-00067,BR-007,checking,USD,2026-01-10T18:58:00Z,active,18833.00,2176.00,2026-01-04T03:22:00Z
accounts-000268,AC-00268,CU-00068,BR-008,savings,USD,2026-01-10T19:51:00Z,active,1499.00,7114.00,2026-01-04T03:39:00Z
accounts-000269,AC-00269,CU-00069,BR-009,savings,USD,2026-01-10T20:44:00Z,active,4482.00,6201.00,2026-01-04T03:56:00Z
accounts-000270,AC-00270,CU-00070,BR-010,checking,USD,2026-01-10T21:37:00Z,active,22185.00,11092.00,2026-01-04T04:13:00Z
accounts-000271,AC-00271,CU-00071,BR-011,checking,USD,2026-01-10T22:30:00Z,active,8642.00,6633.00,2026-01-04T04:30:00Z
accounts-000272,AC-00272,CU-00072,BR-012,credit,USD,2026-01-10T23:23:00Z,active,13516.00,668.00,2026-01-04T04:47:00Z
accounts-000273,AC-00273,CU-00073,BR-013,credit,USD,2026-01-11T00:16:00Z,active,6307.00,5011.00,2026-01-04T05:04:00Z
accounts-000274,AC-00274,CU-00074,BR-014,credit,USD,2026-01-11T01:09:00Z,active,21720.00,11266.00,2026-01-04T05:21:00Z
accounts-000275,AC-00275,CU-00075,BR-015,credit,USD,2026-01-11T02:02:00Z,active,23796.00,5324.00,2026-01-04T05:38:00Z
accounts-000276,AC-00276,CU-00076,BR-016,savings,USD,2026-01-11T02:55:00Z,active,9423.00,12926.00,2026-01-04T05:55:00Z
accounts-000277,AC-00277,CU-00077,BR-017,savings,USD,2026-01-11T03:48:00Z,active,10226.00,8006.00,2026-01-04T06:12:00Z
accounts-000278,AC-00278,CU-00078,BR-018,savings,USD,2026-01-11T04:41:00Z,active,11478.00,959.00,2026-01-04T06:29:00Z
accounts-000279,AC-00279,CU-00079,BR-019,savings,USD,2026-01-11T05:34:00Z,active,10782.00,2541.00,2026-01-04T06:46:00Z
accounts-000280,AC-00280,CU-00080,BR-020,checking,USD,2026-01-11T06:27:00Z,active,17869.00,4504.00,2026-01-04T07:03:00Z
accounts-000281,AC-00281,CU-00081,BR-001,checking,USD,2026-01-11T07:20:00Z,active,22566.00,6826.00,2026-01-04T07:20:00Z
accounts-000282,AC-00282,CU-00082,BR-002,credit,USD,2026-01-11T08:13:00Z,active,23352.00,7777.00,2026-01-04T07:37:00Z
accounts-000283,AC-00283,CU-00083,BR-003,credit,USD,2026-01-11T09:06:00Z,active,18044.00,5175.00,2026-01-04T07:54:00Z
accounts-000284,AC-00284,CU-00084,BR-004,credit,USD,2026-01-11T09:59:00Z,active,18402.00,5855.00,2026-01-04T08:11:00Z
accounts-000285,AC-00285,CU-00085,BR-005,credit,USD,2026-01-11T10:52:00Z,active,4438.00,1048.00,2026-01-04T08:28:00Z
accounts-000286,AC-00286,CU-00086,BR-006,credit,USD,2026-01-11T11:45:00Z,active,2252.00,6500.00,2026-01-04T08:45:00Z
accounts-000287,AC-00287,CU-00087,BR-007,checking,USD,2026-01-11T12:38:00Z,active,6851.00,12881.00,2026-01-04T09:02:00Z
accounts-000288,AC-00288,CU-00088,BR-008,credit,USD,2026-01-11T13:31:00Z,active,15649.00,603.00,2026-01-04T09:19:00Z
accounts-000289,AC-00289,CU-00089,BR-009,credit,USD,2026-01-11T14:24:00Z,active,10101.00,4100.00,2026-01-04T09:36:00Z
accounts-000290,AC-00290,CU-00090,BR-010,checking,USD,2026-01-11T15:17:00Z,active,4640.00,5781.00,2026-01-04T09:53:00Z
accounts-000291,AC-00291,CU-00091,BR-011,savings,USD,2026-01-11T16:10:00Z,active,10108.00,14721.00,2026-01-04T10:10:00Z
accounts-000292,AC-00292,CU-00092,BR-012,credit,USD,2026-01-11T17:03:00Z,active,8127.00,10271.00,2026-01-04T10:27:00Z
accounts-000293,AC-00293,CU-00093,BR-013,savings,USD,2026-01-11T17:56:00Z,active,16309.00,12759.00,2026-01-04T10:44:00Z
accounts-000294,AC-00294,CU-00094,BR-014,credit,USD,2026-01-11T18:49:00Z,active,5038.00,1658.00,2026-01-04T11:01:00Z
accounts-000295,AC-00295,CU-00095,BR-015,credit,USD,2026-01-11T19:42:00Z,active,23093.00,11560.00,2026-01-04T11:18:00Z
accounts-000296,AC-00296,CU-00096,BR-016,savings,USD,2026-01-11T20:35:00Z,active,9141.00,5810.00,2026-01-04T11:35:00Z
accounts-000297,AC-00297,CU-00097,BR-017,savings,USD,2026-01-11T21:28:00Z,active,16146.00,721.00,2026-01-04T11:52:00Z
accounts-000298,AC-00298,CU-00098,BR-018,checking,USD,2026-01-11T22:21:00Z,active,11495.00,4740.00,2026-01-04T12:09:00Z
accounts-000299,AC-00299,CU-00099,BR-019,savings,USD,2026-01-11T23:14:00Z,active,10651.00,3733.00,2026-01-04T12:26:00Z
accounts-000300,AC-00300,CU-00100,BR-020,checking,USD,2026-01-12T00:07:00Z,active,15331.00,2374.00,2026-01-04T12:43:00Z
accounts-000301,AC-00301,CU-00101,BR-001,checking,USD,2026-01-12T01:00:00Z,active,8940.00,9496.00,2026-01-04T13:00:00Z
accounts-000302,AC-00302,CU-00102,BR-002,savings,USD,2026-01-12T01:53:00Z,active,9965.00,7036.00,2026-01-04T13:17:00Z
accounts-000303,AC-00303,CU-00103,BR-003,checking,USD,2026-01-12T02:46:00Z,active,9232.00,3633.00,2026-01-04T13:34:00Z
accounts-000304,AC-00304,CU-00104,BR-004,credit,USD,2026-01-12T03:39:00Z,active,1959.00,3456.00,2026-01-04T13:51:00Z
accounts-000305,AC-00305,CU-00105,BR-005,checking,USD,2026-01-12T04:32:00Z,active,4466.00,919.00,2026-01-04T14:08:00Z
accounts-000306,AC-00306,CU-00106,BR-006,savings,USD,2026-01-12T05:25:00Z,active,4755.00,13257.00,2026-01-04T14:25:00Z
accounts-000307,AC-00307,CU-00107,BR-007,savings,USD,2026-01-12T06:18:00Z,active,11862.00,11051.00,2026-01-04T14:42:00Z
accounts-000308,AC-00308,CU-00108,BR-008,savings,USD,2026-01-12T07:11:00Z,active,5860.00,5031.00,2026-01-04T14:59:00Z
accounts-000309,AC-00309,CU-00109,BR-009,savings,USD,2026-01-12T08:04:00Z,active,15730.00,6724.00,2026-01-04T15:16:00Z
accounts-000310,AC-00310,CU-00110,BR-010,credit,USD,2026-01-12T08:57:00Z,active,12031.00,1291.00,2026-01-04T15:33:00Z
accounts-000311,AC-00311,CU-00111,BR-011,credit,USD,2026-01-12T09:50:00Z,active,1399.00,1732.00,2026-01-04T15:50:00Z
accounts-000312,AC-00312,CU-00112,BR-012,checking,USD,2026-01-12T10:43:00Z,active,15497.00,1844.00,2026-01-04T16:07:00Z
accounts-000313,AC-00313,CU-00113,BR-013,checking,USD,2026-01-12T11:36:00Z,active,20504.00,6120.00,2026-01-04T16:24:00Z
accounts-000314,AC-00314,CU-00114,BR-014,savings,USD,2026-01-12T12:29:00Z,active,1137.00,13300.00,2026-01-04T16:41:00Z
accounts-000315,AC-00315,CU-00115,BR-015,checking,USD,2026-01-12T13:22:00Z,active,6241.00,4245.00,2026-01-04T16:58:00Z
accounts-000316,AC-00316,CU-00116,BR-016,credit,USD,2026-01-12T14:15:00Z,active,5256.00,11696.00,2026-01-04T17:15:00Z
accounts-000317,AC-00317,CU-00117,BR-017,checking,USD,2026-01-12T15:08:00Z,active,16376.00,5659.00,2026-01-04T17:32:00Z
accounts-000318,AC-00318,CU-00118,BR-018,checking,USD,2026-01-12T16:01:00Z,unknown_state,18595.00,5043.00,2026-01-04T17:49:00Z
accounts-000319,AC-00319,CU-ORPHAN,BR-019,credit,USD,2026-01-12T16:54:00Z,active,23701.00,14970.00,2026-01-04T18:06:00Z
accounts-000320,AC-00319,CU-00120,BR-020,checking,USD,2026-01-12T17:47:00Z,active,2360.00,11876.00,2026-01-04T18:23:00Z
