source_row_id,customer_id,first_name,last_name,document_number,segment,status,updated_at
SRC-C-0001,C0001,Ana,Alba,10000001,consumer,active,2026-01-01T00:00:00Z
SRC-C-0002,C0002,Bruno,Bello,10000002,family,active,2026-01-01T00:00:00Z
SRC-C-0003,C0003,Carla,Cruz,10000003,business,active,2026-01-01T00:00:00Z
SRC-C-0004,C0004,Diego,Duarte,10000004,consumer,active,2026-01-01T00:00:00Z
SRC-C-0005,C0005,Elena,Estevez,10000005,family,active,2026-01-01T00:00:00Z
SRC-C-0006,C0006,Fabian,Flores,10000006,business,active,2026-01-01T00:00:00Z
SRC-C-0007,C0007,Gloria,Guerrero,10000007,consumer,active,2026-01-01T00:00:00Z
SRC-C-0008,C0008,Hugo,Herrera,10000008,family,active,2026-01-01T00:00:00Z
SRC-C-0009,C0009,Ana,Alba,10000009,business,active,2026-01-01T00:00:00Z
SRC-C-0010,C0010,Bruno,Bello,10000010,consumer,active,2026-01-01T00:00:00Z
SRC-C-0011,C0011,Carla,Cruz,10000011,family,active,2026-01-01T00:00:00Z
SRC-C-0012,C0012,Diego,Duarte,10000012,business,active,2026-01-01T00:00:00Z
SRC-C-0013,C0013,Elena,Estevez,10000013,consumer,active,2026-01-01T00:00:00Z
SRC-C-0014,C0014,Fabian,Flores,10000014,family,active,2026-01-01T00:00:00Z
SRC-C-0015,C0015,Gloria,Guerrero,10000015,business,active,2026-01-01T00:00:00Z
SRC-C-0016,C0016,Hugo,Herrera,10000016,consumer,active,2026-01-01T00:00:00Z
SRC-C-0017,C0017,Ana,Alba,10000017,family,active,2026-01-01T00:00:00Z
SRC-C-0018,C0018,Bruno,Bello,10000018,business,active,2026-01-01T00:00:00Z
SRC-C-0019,C0019,Carla,Cruz,10000019,consumer,active,2026-01-01T00:00:00Z
SRC-C-0020,C0020,Diego,Duarte,10000020,family,active,2026-01-01T00:00:00Z
SRC-C-0021,C0021,Elena,Estevez,10000021,business,active,2026-01-01T00:00:00Z
SRC-C-0022,C0022,Fabian,Flores,10000022,consumer,active,2026-01-01T00:00:00Z
SRC-C-0023,C0023,Gloria,Guerrero,10000023,family,active,2026-01-01T00:00:00Z
SRC-C-0024,C0024,Hugo,Herrera,10000024,business,active,2026-01-01T00:00:00Z
SRC-C-0025,C0025,Ana,Alba,10000025,consumer,active,2026-01-01T00:00:00Z
SRC-C-0026,C0026,Bruno,Bello,10000026,family,active,2026-01-01T00:00:00Z
SRC-C-0027,C0027,Carla,Cruz,10000027,business,active,2026-01-01T00:00:00Z
SRC-C-0028,C0028,Diego,Duarte,10000028,consumer,active,2026-01-01T00:00:00Z
SRC-C-0029,C0029,Elena,Estevez,10000029,family,active,2026-01-01T00:00:00Z
SRC-C-0030,C0030,Fabian,Flores,10000030,business,active,2026-01-01T00:00:00Z
SRC-C-0031,C0031,Gloria,Guerrero,10000031,consumer,active,2026-01-01T00:00:00Z
SRC-C-0032,C0032,Hugo,Herrera,10000032,family,active,2026-01-01T00:00:00Z
SRC-C-0033,C0033,Ana,Alba,10000033,business,active,2026-01-01T00:00:00Z
SRC-C-0034,C0034,Bruno,Bello,10000034,consumer,active,2026-01-01T00:00:00Z
SRC-C-0035,C0035,Carla,Cruz,10000035,family,active,2026-01-01T00:00:00Z
SRC-C-0036,C0036,Diego,Duarte,10000036,business,active,2026-01-01T00:00:00Z
SRC-C-0037,C0037,Elena,Estevez,10000037,consumer,active,2026-01-01T00:00:00Z
SRC-C-0038,C0038,Fabian,Flores,10000038,family,active,2026-01-01T00:00:00Z
SRC-C-0039,C0039,Gloria,Guerrero,10000039,business,active,2026-01-01T00:00:00Z
SRC-C-0040,C0040,Hugo,Herrera,10000040,consumer,active,2026-01-01T00:00:00Z
SRC-C-0041,C0041,Ana,Alba,10000041,family,active,2026-01-01T00:00:00Z
SRC-C-0042,C0042,Bruno,Bello,10000042,business,active,2026-01-01T00:00:00Z
SRC-C-0043,C0043,Carla,Cruz,10000043,consumer,active,2026-01-01T00:00:00Z
SRC-C-0044,C0044,Diego,Duarte,10000044,family,active,2026-01-01T00:00:00Z
SRC-C-0045,C0045,Elena,Estevez,10000045,business,active,2026-01-01T00:00:00Z
SRC-C-0046,C0046,Fabian,Flores,10000046,consumer,active,2026-01-01T00:00:00Z
SRC-C-0047,C0047,Gloria,Guerrero,10000047,family,active,2026-01-01T00:00:00Z
SRC-C-0048,C0048,Hugo,Herrera,10000048,business,active,2026-01-01T00:00:00Z
SRC-C-0049,C0049,Ana,Alba,10000049,consumer,active,2026-01-01T00:00:00Z
SRC-C-0050,C0050,Bruno,Bello,10000050,family,active,2026-01-01T00:00:00Z
SRC-C-0051,C0051,Carla,Cruz,10000051,business,active,2026-01-01T00:00:00Z
SRC-C-0052,C0052,Diego,Duarte,10000052,consumer,active,2026-01-01T00:00:00Z
SRC-C-0053,C0053,Elena,Estevez,10000053,family,active,2026-01-01T00:00:00Z
SRC-C-0054,C0054,Fabian,Flores,10000054,business,active,2026-01-01T00:00:00Z
SRC-C-0055,C0055,Gloria,Guerrero,10000055,consumer,active,2026-01-01T00:00:00Z
SRC-C-0056,C0056,Hugo,Herrera,10000056,family,active,2026-01-01T00:00:00Z
SRC-C-0057,C0057,Ana,Alba,10000057,business,active,2026-01-01T00:00:00Z
SRC-C-0058,C0058,Bruno,Bello,10000058,consumer,active,2026-01-01T00:00:00Z
SRC-C-0059,C0059,Carla,Cruz,10000059,family,active,2026-01-01T00:00:00Z
SRC-C-0060,C0060,Diego,Duarte,10000060,business,active,2026-01-01T00:00:00Z
SRC-C-0061,C0061,Elena,Estevez,10000061,consumer,active,2026-01-01T00:00:00Z
SRC-C-0062,C0062,Fabian,Flores,10000062,family,active,2026-01-01T00:00:00Z
SRC-C-0063,C0063,Gloria,Guerrero,10000063,business,active,2026-01-01T00:00:00Z
SRC-C-0064,C0064,Hugo,Herrera,10000064,consumer,active,2026-01-01T00:00:00Z
SRC-C-0065,C0065,Ana,Alba,10000065,family,active,2026-01-01T00:00:00Z
SRC-C-0066,C0066,Bruno,Bello,10000066,business,active,2026-01-01T00:00:00Z
SRC-C-0067,C0067,Carla,Cruz,10000067,consumer,active,2026-01-01T00:00:00Z
SRC-C-0068,C0068,Diego,Duarte,10000068,family,active,2026-01-01T00:00:00Z
SRC-C-0069,C0069,Elena,Estevez,10000069,business,active,2026-01-01T00:00:00Z
SRC-C-0070,C0070,Fabian,Flores,10000070,consumer,active,2026-01-01T00:00:00Z
SRC-C-0071,C0071,Gloria,Guerrero,10000071,family,active,2026-01-01T00:00:00Z
SRC-C-0072,C0072,Hugo,Herrera,10000072,business,active,2026-01-01T00:00:00Z
SRC-C-0073,C0073,Ana,Alba,10000073,consumer,active,2026-01-01T00:00:00Z
SRC-C-0074,C0074,Bruno,Bello,10000074,family,active,2026-01-01T00:00:00Z
SRC-C-0075,C0075,Carla,Cruz,10000075,business,active,2026-01-01T00:00:00Z
SRC-C-0076,C0076,Diego,Duarte,10000076,consumer,active,2026-01-01T00:00:00Z
SRC-C-0077,C0077,Elena,Estevez,10000077,family,active,2026-01-01T00:00:00Z
SRC-C-0078,C0078,Fabian,Flores,10000078,business,active,2026-01-01T00:00:00Z
SRC-C-0079,C0079,Gloria,Guerrero,10000079,consumer,active,2026-01-01T00:00:00Z
SRC-C-0080,C0080,Hugo,Herrera,10000080,family,active,2026-01-01T00:00:00Z
SRC-C-0081,C0081,Ana,Alba,10000081,business,active,2026-01-01T00:00:00Z
SRC-C-0082,C0082,Bruno,Bello,10000082,consumer,active,2026-01-01T00:00:00Z
SRC-C-0083,C0083,Carla,Cruz,10000083,family,active,2026-01-01T00:00:00Z
SRC-C-0084,C0084,Diego,Duarte,10000084,business,active,2026-01-01T00:00:00Z
SRC-C-0085,C0085,Elena,Estevez,10000085,consumer,active,2026-01-01T00:00:00Z
SRC-C-0086,C0086,Fabian,Flores,10000086,family,active,2026-01-01T00:00:00Z
SRC-C-0087,C0087,Gloria,Guerrero,10000087,business,active,2026-01-01T00:00:00Z
SRC-C-0088,C0088,Hugo,Herrera,10000088,consumer,active,2026-01-01T00:00:00Z
SRC-C-0089,C0089,Ana,Alba,10000089,family,active,2026-01-01T00:00:00Z
SRC-C-0090,C0090,Bruno,Bello,10000090,business,active,2026-01-01T00:00:00Z
SRC-C-0091,C0091,Carla,Cruz,10000091,consumer,active,2026-01-01T00:00:00Z
SRC-C-0092,C0092,Diego,Duarte,10000092,family,active,2026-01-01T00:00:00Z
SRC-C-0093,C0093,Elena,Estevez,10000093,business,active,2026-01-01T00:00:00Z
SRC-C-0094,C0094,Fabian,Flores,10000094,consumer,active,2026-01-01T00:00:00Z
SRC-C-0095,C0095,Gloria,Guerrero,10000095,family,active,2026-01-01T00:00:00Z
SRC-C-0096,C0096,Hugo,Herrera,10000096,business,active,2026-01-01T00:00:00Z
SRC-C-0097,C0097,Ana,Alba,10000097,consumer,active,2026-01-01T00:00:00Z
SRC-C-0098,C0098,Bruno,Bello,10000098,family,active,2026-01-01T00:00:00Z
SRC-C-0099,C0099,Carla,Cruz,10000099,business,active,2026-01-01T00:00:00Z
SRC-C-0100,C0100,Diego,Duarte,10000100,consumer,active,2026-01-01T00:00:00Z
SRC-C-0101,C0101,Elena,Estevez,10000101,family,active,2026-01-01T00:00:00Z
SRC-C-0102,C0102,Fabian,Flores,10000102,business,active,2026-01-01T00:00:00Z
SRC-C-0103,C0103,Gloria,Guerrero,10000103,consumer,active,2026-01-01T00:00:00Z
SRC-C-0104,C0104,Hugo,Herrera,10000104,family,active,2026-01-01T00:00:00Z
SRC-C-0105,C0105,Ana,Alba,10000105,business,active,2026-01-01T00:00:00Z
SRC-C-0106,C0106,Bruno,Bello,10000106,consumer,active,2026-01-01T00:00:00Z
SRC-C-0107,C0107,Carla,Cruz,10000107,family,active,2026-01-01T00:00:00Z
SRC-C-0108,C0108,Diego,Duarte,10000108,business,active,2026-01-01T00:00:00Z
SRC-C-0109,C0109,Elena,Estevez,10000109,consumer,active,2026-01-01T00:00:00Z
SRC-C-0110,C0110,Fabian,Flores,10000110,family,active,2026-01-01T00:00:00Z
SRC-C-0111,C0111,Gloria,Guerrero,10000111,business,active,2026-01-01T00:00:00Z
SRC-C-0112,C0112,Hugo,Herrera,10000112,consumer,active,2026-01-01T00:00:00Z
SRC-C-0113,C0113,Ana,Alba,10000113,family,active,2026-01-01T00:00:00Z
SRC-C-0114,C0114,Bruno,Bello,10000114,business,active,2026-01-01T00:00:00Z
SRC-C-0115,C0115,Carla,Cruz,10000115,consumer,active,2026-01-01T00:00:00Z
SRC-C-0116,C0116,Diego,Duarte,10000116,family,active,2026-01-01T00:00:00Z
SRC-C-0117,C0117,Elena,Estevez,10000117,business,active,2026-01-01T00:00:00Z
SRC-C-0118,C0118,Fabian,Flores,10000118,consumer,active,2026-01-01T00:00:00Z
SRC-C-0119,C0119,Gloria,Guerrero,10000119,family,active,2026-01-01T00:00:00Z
SRC-C-0120,C0120,Hugo,Herrera,10000120,business,active,2026-01-01T00:00:00Z
SRC-C-0121,C0121,Ana,Alba,10000121,consumer,active,2026-01-01T00:00:00Z
SRC-C-0122,C0122,Bruno,Bello,10000122,family,active,2026-01-01T00:00:00Z
SRC-C-0123,C0123,Carla,Cruz,10000123,business,active,2026-01-01T00:00:00Z
SRC-C-0124,C0124,Diego,Duarte,10000124,consumer,active,2026-01-01T00:00:00Z
SRC-C-0125,C0125,Elena,Estevez,10000125,family,active,2026-01-01T00:00:00Z
SRC-C-0126,C0126,Fabian,Flores,10000126,business,active,2026-01-01T00:00:00Z
SRC-C-0127,C0127,Gloria,Guerrero,10000127,consumer,active,2026-01-01T00:00:00Z
SRC-C-0128,C0128,Hugo,Herrera,10000128,family,active,2026-01-01T00:00:00Z
SRC-C-0129,C0129,Ana,Alba,10000129,business,active,2026-01-01T00:00:00Z
SRC-C-0130,C0130,Bruno,Bello,10000130,consumer,active,2026-01-01T00:00:00Z
SRC-C-0131,C0131,Carla,Cruz,10000131,family,active,2026-01-01T00:00:00Z
SRC-C-0132,C0132,Diego,Duarte,10000132,business,active,2026-01-01T00:00:00Z
SRC-C-0133,C0133,Elena,Estevez,10000133,consumer,active,2026-01-01T00:00:00Z
SRC-C-0134,C0134,Fabian,Flores,10000134,family,active,2026-01-01T00:00:00Z
SRC-C-0135,C0135,Gloria,Guerrero,10000135,business,active,2026-01-01T00:00:00Z
SRC-C-0136,C0136,Hugo,Herrera,10000136,consumer,active,2026-01-01T00:00:00Z
SRC-C-0137,C0137,Ana,Alba,10000137,family,active,2026-01-01T00:00:00Z
SRC-C-0138,C0138,Bruno,Bello,10000138,business,active,2026-01-01T00:00:00Z
SRC-C-0139,C0139,Carla,Cruz,10000139,consumer,active,2026-01-01T00:00:00Z
SRC-C-0140,C0140,Diego,Duarte,10000140,family,active,2026-01-01T00:00:00Z
SRC-C-0141,C0141,Elena,Estevez,10000141,business,active,2026-01-01T00:00:00Z
SRC-C-0142,C0142,Fabian,Flores,10000142,consumer,active,2026-01-01T00:00:00Z
SRC-C-0143,C0143,Gloria,Guerrero,10000143,family,active,2026-01-01T00:00:00Z
SRC-C-0144,C0144,Hugo,Herrera,10000144,business,active,2026-01-01T00:00:00Z
SRC-C-0145,C0145,Ana,Alba,10000145,consumer,active,2026-01-01T00:00:00Z
SRC-C-0146,C0146,Bruno,Bello,10000146,family,active,2026-01-01T00:00:00Z
SRC-C-0147,C0147,Carla,Cruz,10000147,business,active,2026-01-01T00:00:00Z
SRC-C-0148,C0148,Diego,Duarte,10000148,consumer,active,2026-01-01T00:00:00Z
SRC-C-0149,C0149,Elena,Estevez,10000149,family,active,2026-01-01T00:00:00Z
SRC-C-0150,C0150,Fabian,Flores,10000150,business,active,2026-01-01T00:00:00Z
SRC-C-0151,C0151,Gloria,Guerrero,10000151,consumer,active,2026-01-01T00:00:00Z
SRC-C-0152,C0152,Hugo,Herrera,10000152,family,active,2026-01-01T00:00:00Z
SRC-C-0153,C0153,Ana,Alba,10000153,business,active,2026-01-01T00:00:00Z
SRC-C-0154,C0154,Bruno,Bello,10000154,consumer,active,2026-01-01T00:00:00Z
SRC-C-0155,C0155,Carla,Cruz,10000155,family,active,2026-01-01T00:00:00Z
SRC-C-0156,C0156,Diego,Duarte,10000156,business,active,2026-01-01T00:00:00Z
SRC-C-0157,C0157,Elena,Estevez,10000157,consumer,active,2026-01-01T00:00:00Z
SRC-C-0158,C0158,Fabian,Flores,10000158,family,active,2026-01-01T00:00:00Z
SRC-C-0159,C0159,Gloria,Guerrero,10000159,business,active,2026-01-01T00:00:00Z
SRC-C-0160,C0160,Hugo,Herrera,10000160,consumer,active,2026-01-01T00:00:00Z
SRC-C-0161,C0161,Ana,Alba,10000161,family,active,2026-01-01T00:00:00Z
SRC-C-0162,C0162,Bruno,Bello,10000162,business,active,2026-01-01T00:00:00Z
SRC-C-0163,C0163,Carla,Cruz,10000163,consumer,active,2026-01-01T00:00:00Z
SRC-C-0164,C0164,Diego,Duarte,10000164,family,active,2026-01-01T00:00:00Z
SRC-C-0165,C0165,Elena,Estevez,10000165,business,active,2026-01-01T00:00:00Z
SRC-C-0166,C0166,Fabian,Flores,10000166,consumer,active,2026-01-01T00:00:00Z
SRC-C-0167,C0167,Gloria,Guerrero,10000167,family,active,2026-01-01T00:00:00Z
SRC-C-0168,C0168,Hugo,Herrera,10000168,business,active,2026-01-01T00:00:00Z
SRC-C-0169,C0169,Ana,Alba,10000169,consumer,active,2026-01-01T00:00:00Z
SRC-C-0170,C0170,Bruno,Bello,10000170,family,active,2026-01-01T00:00:00Z
SRC-C-0171,C0171,Carla,Cruz,10000171,business,active,2026-01-01T00:00:00Z
SRC-C-0172,C0172,Diego,Duarte,10000172,consumer,active,2026-01-01T00:00:00Z
SRC-C-0173,C0173,Elena,Estevez,10000173,family,active,2026-01-01T00:00:00Z
SRC-C-0174,C0174,Fabian,Flores,10000174,business,active,2026-01-01T00:00:00Z
SRC-C-0175,C0175,Gloria,Guerrero,10000175,consumer,active,2026-01-01T00:00:00Z
SRC-C-0176,C0176,Hugo,Herrera,10000176,family,active,2026-01-01T00:00:00Z
SRC-C-0177,C0177,Ana,Alba,10000177,business,active,2026-01-01T00:00:00Z
SRC-C-0178,C0178,Bruno,Bello,10000178,consumer,active,2026-01-01T00:00:00Z
SRC-C-0179,C0179,Carla,Cruz,10000179,family,active,2026-01-01T00:00:00Z
SRC-C-0180,C0180,Diego,Duarte,10000180,business,active,2026-01-01T00:00:00Z
SRC-C-0181,C0181,Elena,Estevez,10000181,consumer,active,2026-01-01T00:00:00Z
SRC-C-0182,C0182,Fabian,Flores,10000182,family,active,2026-01-01T00:00:00Z
SRC-C-0183,C0183,Gloria,Guerrero,10000183,business,active,2026-01-01T00:00:00Z
SRC-C-0184,C0184,Hugo,Herrera,10000184,consumer,active,2026-01-01T00:00:00Z
SRC-C-0185,C0185,Ana,Alba,10000185,family,active,2026-01-01T00:00:00Z
SRC-C-0186,C0186,Bruno,Bello,10000186,business,active,2026-01-01T00:00:00Z
SRC-C-0187,C0187,Carla,Cruz,10000187,consumer,active,2026-01-01T00:00:00Z
SRC-C-0188,C0188,Diego,Duarte,10000188,family,active,2026-01-01T00:00:00Z
SRC-C-0189,C0189,Elena,Estevez,10000189,business,active,2026-01-01T00:00:00Z
SRC-C-0190,C0190,Fabian,Flores,10000190,consumer,active,2026-01-01T00:00:00Z
SRC-C-0191,C0191,Gloria,Guerrero,10000191,family,active,2026-01-01T00:00:00Z
SRC-C-0192,C0192,Hugo,Herrera,10000192,business,active,2026-01-01T00:00:00Z
SRC-C-0193,C0193,Ana,Alba,10000193,consumer,active,2026-01-01T00:00:00Z
SRC-C-0194,C0194,Bruno,Bello,10000194,family,active,2026-01-01T00:00:00Z
SRC-C-0195,C0195,Carla,Cruz,10000195,business,active,2026-01-01T00:00:00Z
SRC-C-0196,C0196,Diego,Duarte,10000196,consumer,active,2026-01-01T00:00:00Z
SRC-C-0197,C0197,Elena,Estevez,10000197,family,active,2026-01-01T00:00:00Z
SRC-C-0198,C0198,Fabian,Flores,10000198,business,active,2026-01-01T00:00:00Z
SRC-C-0199,C0199,Gloria,Guerrero,10000199,consumer,active,2026-01-01T00:00:00Z
SRC-C-0200,C0200,Hugo,Herrera,10000200,family,active,2026-01-01T00:00:00Z
SRC-C-0201,C0201,Ana,Alba,10000201,business,active,2026-01-01T00:00:00Z
SRC-C-0202,C0202,Bruno,Bello,10000202,consumer,active,2026-01-01T00:00:00Z
SRC-C-0203,C0203,Carla,Cruz,10000203,family,active,2026-01-01T00:00:00Z
SRC-C-0204,C0204,Diego,Duarte,10000204,business,active,2026-01-01T00:00:00Z
SRC-C-0205,C0205,Elena,Estevez,10000205,consumer,active,2026-01-01T00:00:00Z
SRC-C-0206,C0206,Fabian,Flores,10000206,family,active,2026-01-01T00:00:00Z
SRC-C-0207,C0207,Gloria,Guerrero,10000207,business,active,2026-01-01T00:00:00Z
SRC-C-0208,C0208,Hugo,Herrera,10000208,consumer,active,2026-01-01T00:00:00Z
SRC-C-0209,C0209,Ana,Alba,10000209,family,active,2026-01-01T00:00:00Z
SRC-C-0210,C0210,Bruno,Bello,10000210,business,active,2026-01-01T00:00:00Z
SRC-C-0211,C0211,Carla,Cruz,10000211,consumer,active,2026-01-01T00:00:00Z
SRC-C-0212,C0212,Diego,Duarte,10000212,family,active,2026-01-01T00:00:00Z
SRC-C-0213,C0213,Elena,Estevez,10000213,business,active,2026-01-01T00:00:00Z
SRC-C-0214,C0214,Fabian,Flores,10000214,consumer,active,2026-01-01T00:00:00Z
SRC-C-0215,C0215,Gloria,Guerrero,10000215,family,active,2026-01-01T00:00:00Z
SRC-C-0216,C0216,Hugo,Herrera,10000216,business,active,2026-01-01T00:00:00Z
SRC-C-0217,C0217,Ana,Alba,10000217,consumer,active,2026-01-01T00:00:00Z
SRC-C-0218,C0218,Bruno,Bello,10000218,family,active,2026-01-01T00:00:00Z
SRC-C-0219,C0219,Carla,Cruz,10000219,business,active,2026-01-01T00:00:00Z
SRC-C-0220,C0220,Diego,Duarte,10000220,consumer,active,2026-01-01T00:00:00Z
SRC-C-0221,C0221,Elena,Estevez,10000221,family,active,2026-01-01T00:00:00Z
SRC-C-0222,C0222,Fabian,Flores,10000222,business,active,2026-01-01T00:00:00Z
SRC-C-0223,C0223,Gloria,Guerrero,10000223,consumer,active,2026-01-01T00:00:00Z
SRC-C-0224,C0224,Hugo,Herrera,10000224,family,active,2026-01-01T00:00:00Z
SRC-C-0225,C0225,Ana,Alba,10000225,business,active,2026-01-01T00:00:00Z
SRC-C-0226,C0226,Bruno,Bello,10000226,consumer,active,2026-01-01T00:00:00Z
SRC-C-0227,C0227,Carla,Cruz,10000227,family,active,2026-01-01T00:00:00Z
SRC-C-0228,C0228,Diego,Duarte,10000228,business,active,2026-01-01T00:00:00Z
SRC-C-0229,C0229,Elena,Estevez,10000229,consumer,active,2026-01-01T00:00:00Z
SRC-C-0230,C0230,Fabian,Flores,10000230,family,active,2026-01-01T00:00:00Z
SRC-C-0231,C0231,Gloria,Guerrero,10000231,business,active,2026-01-01T00:00:00Z
SRC-C-0232,C0232,Hugo,Herrera,10000232,consumer,active,2026-01-01T00:00:00Z
SRC-C-0233,C0233,Ana,Alba,10000233,family,active,2026-01-01T00:00:00Z
SRC-C-0234,C0234,Bruno,Bello,10000234,business,active,2026-01-01T00:00:00Z
SRC-C-0235,C0235,Carla,Cruz,10000235,consumer,active,2026-01-01T00:00:00Z
SRC-C-0236,C0236,Diego,Duarte,10000236,family,active,2026-01-01T00:00:00Z
SRC-C-0237,C0237,Elena,Estevez,10000237,business,active,2026-01-01T00:00:00Z
SRC-C-0238,C0238,Fabian,Flores,10000238,consumer,active,2026-01-01T00:00:00Z
SRC-C-0239,C0239,Gloria,Guerrero,10000239,family,active,2026-01-01T00:00:00Z
SRC-C-0240,C0240,Hugo,Herrera,10000240,business,active,2026-01-01T00:00:00Z
SRC-C-0241,C0241,Ana,Alba,10000241,consumer,active,2026-01-01T00:00:00Z
SRC-C-0242,C0242,Bruno,Bello,10000242,family,active,2026-01-01T00:00:00Z
SRC-C-0243,C0243,Carla,Cruz,10000243,business,active,2026-01-01T00:00:00Z
SRC-C-0244,C0244,Diego,Duarte,10000244,consumer,active,2026-01-01T00:00:00Z
SRC-C-0245,C0245,Elena,Estevez,10000245,family,active,2026-01-01T00:00:00Z
SRC-C-0246,C0246,Fabian,Flores,10000246,business,active,2026-01-01T00:00:00Z
SRC-C-0247,C0247,Gloria,Guerrero,10000247,consumer,active,2026-01-01T00:00:00Z
SRC-C-0248,C0248,Hugo,Herrera,10000248,family,active,2026-01-01T00:00:00Z
SRC-C-0249,C0249,Ana,Alba,10000249,business,active,2026-01-01T00:00:00Z
SRC-C-0250,C0250,Bruno,Bello,10000250,consumer,active,2026-01-01T00:00:00Z
SRC-C-0251,C0251,Carla,Cruz,10000251,family,active,2026-01-01T00:00:00Z
SRC-C-0252,C0252,Diego,Duarte,10000252,business,active,2026-01-01T00:00:00Z
SRC-C-0253,C0253,Elena,Estevez,10000253,consumer,active,2026-01-01T00:00:00Z
SRC-C-0254,C0254,Fabian,Flores,10000254,family,active,2026-01-01T00:00:00Z
SRC-C-0255,C0255,Gloria,Guerrero,10000255,business,active,2026-01-01T00:00:00Z
SRC-C-0256,C0256,Hugo,Herrera,10000256,consumer,active,2026-01-01T00:00:00Z
SRC-C-0257,C0257,Ana,Alba,10000257,family,active,2026-01-01T00:00:00Z
SRC-C-0258,C0258,Bruno,Bello,10000258,business,active,2026-01-01T00:00:00Z
SRC-C-0259,C0259,Carla,Cruz,10000259,consumer,active,2026-01-01T00:00:00Z
SRC-C-0260,C0260,Diego,Duarte,10000260,family,active,2026-01-01T00:00:00Z
SRC-C-0261,C0261,Elena,Estevez,10000261,business,active,2026-01-01T00:00:00Z
SRC-C-0262,C0262,Fabian,Flores,10000262,consumer,active,2026-01-01T00:00:00Z
SRC-C-0263,C0263,Gloria,Guerrero,10000263,family,active,2026-01-01T00:00:00Z
SRC-C-0264,C0264,Hugo,Herrera,10000264,business,active,2026-01-01T00:00:00Z
SRC-C-0265,C0265,Ana,Alba,10000265,consumer,active,2026-01-01T00:00:00Z
SRC-C-0266,C0266,Bruno,Bello,10000266,family,active,2026-01-01T00:00:00Z
SRC-C-0267,C0267,Carla,Cruz,10000267,business,active,2026-01-01T00:00:00Z
SRC-C-0268,C0268,Diego,Duarte,10000268,consumer,active,2026-01-01T00:00:00Z
SRC-C-0269,C0269,Elena,Estevez,10000269,family,active,2026-01-01T00:00:00Z
SRC-C-0270,C0270,Fabian,Flores,10000270,business,active,2026-01-01T00:00:00Z
SRC-C-0271,C0271,Gloria,Guerrero,10000271,consumer,active,2026-01-01T00:00:00Z
SRC-C-0272,C0272,Hugo,Herrera,10000272,family,active,2026-01-01T00:00:00Z
SRC-C-0273,C0273,Ana,Alba,10000273,business,active,2026-01-01T00:00:00Z
SRC-C-0274,C0274,Bruno,Bello,10000274,consumer,active,2026-01-01T00:00:00Z
SRC-C-0275,C0275,Carla,Cruz,10000275,family,active,2026-01-01T00:00:00Z
SRC-C-0276,C0276,Diego,Duarte,10000276,business,active,2026-01-01T00:00:00Z
SRC-C-0277,C0277,Elena,Estevez,10000277,consumer,active,2026-01-01T00:00:00Z
SRC-C-0278,C0278,Fabian,Flores,10000278,family,active,2026-01-01T00:00:00Z
SRC-C-0279,C0279,Gloria,Guerrero,10000279,business,active,2026-01-01T00:00:00Z
SRC-C-0280,C0280,Hugo,Herrera,10000280,consumer,active,2026-01-01T00:00:00Z
SRC-C-0281,C0281,Ana,Alba,10000281,family,active,2026-01-01T00:00:00Z
SRC-C-0282,C0282,Bruno,Bello,10000282,business,active,2026-01-01T00:00:00Z
SRC-C-0283,C0283,Carla,Cruz,10000283,consumer,active,2026-01-01T00:00:00Z
SRC-C-0284,C0284,Diego,Duarte,10000284,family,active,2026-01-01T00:00:00Z
SRC-C-0285,C0285,Elena,Estevez,10000285,business,active,2026-01-01T00:00:00Z
SRC-C-0286,C0286,Fabian,Flores,10000286,consumer,active,2026-01-01T00:00:00Z
SRC-C-0287,C0287,Gloria,Guerrero,10000287,family,active,2026-01-01T00:00:00Z
SRC-C-0288,C0288,Hugo,Herrera,10000288,business,active,2026-01-01T00:00:00Z
SRC-C-0289,C0289,Ana,Alba,10000289,consumer,active,2026-01-01T00:00:00Z
SRC-C-0290,C0290,Bruno,Bello,10000290,family,active,2026-01-01T00:00:00Z
SRC-C-0291,C0291,Carla,Cruz,10000291,business,active,2026-01-01T00:00:00Z
SRC-C-0292,C0292,Diego,Duarte,10000292,consumer,active,2026-01-01T00:00:00Z
SRC-C-0293,C0293,Elena,Estevez,10000293,family,active,2026-01-01T00:00:00Z
SRC-C-0294,C0294,Fabian,Flores,10000294,business,active,2026-01-01T00:00:00Z
SRC-C-0295,C0295,Gloria,Guerrero,10000295,consumer,active,2026-01-01T00:00:00Z
SRC-C-0296,C0296,Hugo,Herrera,10000296,family,active,2026-01-01T00:00:00Z
SRC-C-0297,C0297,Ana,Alba,10000297,business,active,2026-01-01T00:00:00Z
SRC-C-0298,C0298,Bruno,Bello,10000298,consumer,active,2026-01-01T00:00:00Z
SRC-C-0299,C0299,Carla,Cruz,10000299,family,active,2026-01-01T00:00:00Z
SRC-C-0300,C0300,Diego,Duarte,10000300,business,active,2026-01-01T00:00:00Z
SRC-C-0301,C0301,Elena,Estevez,10000301,consumer,active,2026-01-01T00:00:00Z
SRC-C-0302,C0302,Fabian,Flores,10000302,family,active,2026-01-01T00:00:00Z
SRC-C-0303,C0303,Gloria,Guerrero,10000303,business,active,2026-01-01T00:00:00Z
SRC-C-0304,C0304,Hugo,Herrera,10000304,consumer,active,2026-01-01T00:00:00Z
SRC-C-0305,C0305,Ana,Alba,10000305,family,active,2026-01-01T00:00:00Z
SRC-C-0306,C0306,Bruno,Bello,10000306,business,active,2026-01-01T00:00:00Z
SRC-C-0307,C0307,Carla,Cruz,10000307,consumer,active,2026-01-01T00:00:00Z
SRC-C-0308,C0308,Diego,Duarte,10000308,family,active,2026-01-01T00:00:00Z
SRC-C-0309,C0309,Elena,Estevez,10000309,business,active,2026-01-01T00:00:00Z
SRC-C-0310,C0310,Fabian,Flores,10000310,consumer,active,2026-01-01T00:00:00Z
SRC-C-0311,C0311,Gloria,Guerrero,10000311,family,active,2026-01-01T00:00:00Z
SRC-C-0312,C0312,Hugo,Herrera,10000312,business,active,2026-01-01T00:00:00Z
SRC-C-0313,C0313,Ana,Alba,10000313,consumer,active,2026-01-01T00:00:00Z
SRC-C-0314,C0314,Bruno,Bello,10000314,family,active,2026-01-01T00:00:00Z
SRC-C-0315,C0315,Carla,Cruz,10000315,business,active,2026-01-01T00:00:00Z
SRC-C-0316,C0316,Diego,Duarte,10000316,consumer,active,2026-01-01T00:00:00Z
SRC-C-0317,C0317,Elena,Estevez,10000317,family,active,2026-01-01T00:00:00Z
SRC-C-0318,C0318,Fabian,Flores,10000318,business,active,2026-01-01T00:00:00Z
SRC-C-0319,C0319,Gloria,Guerrero,10000319,consumer,active,2026-01-01T00:00:00Z
SRC-C-0320,C0320,Hugo,Herrera,10000320,family,active,2026-01-01T00:00:00Z
SRC-C-0321,C0321,Ana,Alba,10000321,business,active,2026-01-01T00:00:00Z
SRC-C-0322,C0322,Bruno,Bello,10000322,consumer,active,2026-01-01T00:00:00Z
SRC-C-0323,C0323,Carla,Cruz,10000323,family,active,2026-01-01T00:00:00Z
SRC-C-0324,C0324,Diego,Duarte,10000324,business,active,2026-01-01T00:00:00Z
SRC-C-0325,C0325,Elena,Estevez,10000325,consumer,active,2026-01-01T00:00:00Z
SRC-C-0326,C0326,Fabian,Flores,10000326,family,active,2026-01-01T00:00:00Z
SRC-C-0327,C0327,Gloria,Guerrero,10000327,business,active,2026-01-01T00:00:00Z
SRC-C-0328,C0328,Hugo,Herrera,10000328,consumer,active,2026-01-01T00:00:00Z
SRC-C-0329,C0329,Ana,Alba,10000329,family,active,2026-01-01T00:00:00Z
SRC-C-0330,C0330,Bruno,Bello,10000330,business,active,2026-01-01T00:00:00Z
SRC-C-0331,C0331,Carla,Cruz,10000331,consumer,active,2026-01-01T00:00:00Z
SRC-C-0332,C0332,Diego,Duarte,10000332,family,active,2026-01-01T00:00:00Z
SRC-C-0333,C0333,Elena,Estevez,10000333,business,active,2026-01-01T00:00:00Z
SRC-C-0334,C0334,Fabian,Flores,10000334,consumer,active,2026-01-01T00:00:00Z
SRC-C-0335,C0335,Gloria,Guerrero,10000335,family,active,2026-01-01T00:00:00Z
SRC-C-0336,C0336,Hugo,Herrera,10000336,business,active,2026-01-01T00:00:00Z
SRC-C-0337,C0337,Ana,Alba,10000337,consumer,active,2026-01-01T00:00:00Z
SRC-C-0338,C0338,Bruno,Bello,10000338,family,active,2026-01-01T00:00:00Z
SRC-C-0339,C0339,Carla,Cruz,10000339,business,active,2026-01-01T00:00:00Z
SRC-C-0340,C0340,Diego,Duarte,10000340,consumer,active,2026-01-01T00:00:00Z
SRC-C-0341,C0341,Elena,Estevez,10000341,family,active,2026-01-01T00:00:00Z
SRC-C-0342,C0342,Fabian,Flores,10000342,business,active,2026-01-01T00:00:00Z
SRC-C-0343,C0343,Gloria,Guerrero,10000343,consumer,active,2026-01-01T00:00:00Z
SRC-C-0344,C0344,Hugo,Herrera,10000344,family,active,2026-01-01T00:00:00Z
SRC-C-0345,C0345,Ana,Alba,10000345,business,active,2026-01-01T00:00:00Z
SRC-C-0346,C0346,Bruno,Bello,10000346,consumer,active,2026-01-01T00:00:00Z
SRC-C-0347,C0347,Carla,Cruz,10000347,family,active,2026-01-01T00:00:00Z
SRC-C-0348,C0348,Diego,Duarte,10000348,business,active,2026-01-01T00:00:00Z
SRC-C-0349,C0349,Elena,Estevez,10000349,consumer,active,2026-01-01T00:00:00Z
SRC-C-0350,C0350,Fabian,Flores,10000350,family,active,2026-01-01T00:00:00Z
SRC-C-0351,C0351,Gloria,Guerrero,10000351,business,active,2026-01-01T00:00:00Z
SRC-C-0352,C0352,Hugo,Herrera,10000352,consumer,active,2026-01-01T00:00:00Z
SRC-C-0353,C0353,Ana,Alba,10000353,family,active,2026-01-01T00:00:00Z
SRC-C-0354,C0354,Bruno,Bello,10000354,business,active,2026-01-01T00:00:00Z
SRC-C-0355,C0355,Carla,Cruz,10000355,consumer,active,2026-01-01T00:00:00Z
SRC-C-0356,C0356,Diego,Duarte,10000356,family,active,2026-01-01T00:00:00Z
SRC-C-0357,C0357,Elena,Estevez,10000357,business,active,2026-01-01T00:00:00Z
SRC-C-0358,C0358,Fabian,Flores,10000358,consumer,active,2026-01-01T00:00:00Z
SRC-C-0359,C0359,Gloria,Guerrero,10000359,family,active,2026-01-01T00:00:00Z
SRC-C-0360,C0360,Hugo,Herrera,10000360,business,active,2026-01-01T00:00:00Z
SRC-C-0361,C0361,Ana,Alba,10000361,consumer,active,2026-01-01T00:00:00Z
SRC-C-0362,C0362,Bruno,Bello,10000362,family,active,2026-01-01T00:00:00Z
SRC-C-0363,C0363,Carla,Cruz,10000363,business,active,2026-01-01T00:00:00Z
SRC-C-0364,C0364,Diego,Duarte,10000364,consumer,active,2026-01-01T00:00:00Z
SRC-C-0365,C0365,Elena,Estevez,10000365,family,active,2026-01-01T00:00:00Z
SRC-C-0366,C0366,Fabian,Flores,10000366,business,active,2026-01-01T00:00:00Z
SRC-C-0367,C0367,Gloria,Guerrero,10000367,consumer,active,2026-01-01T00:00:00Z
SRC-C-0368,C0368,Hugo,Herrera,10000368,family,active,2026-01-01T00:00:00Z
SRC-C-0369,C0369,Ana,Alba,10000369,business,active,2026-01-01T00:00:00Z
SRC-C-0370,C0370,Bruno,Bello,10000370,consumer,active,2026-01-01T00:00:00Z
SRC-C-0371,C0371,Carla,Cruz,10000371,family,active,2026-01-01T00:00:00Z
SRC-C-0372,C0372,Diego,Duarte,10000372,business,active,2026-01-01T00:00:00Z
SRC-C-0373,C0373,Elena,Estevez,10000373,consumer,active,2026-01-01T00:00:00Z
SRC-C-0374,C0374,Fabian,Flores,10000374,family,active,2026-01-01T00:00:00Z
SRC-C-0375,C0375,Gloria,Guerrero,10000375,business,active,2026-01-01T00:00:00Z
SRC-C-0376,C0376,Hugo,Herrera,10000376,consumer,active,2026-01-01T00:00:00Z
SRC-C-0377,C0377,Ana,Alba,10000377,family,active,2026-01-01T00:00:00Z
SRC-C-0378,C0378,Bruno,Bello,10000378,business,active,2026-01-01T00:00:00Z
SRC-C-0379,C0379,Carla,Cruz,10000379,consumer,active,2026-01-01T00:00:00Z
SRC-C-0380,C0380,Diego,Duarte,10000380,family,active,2026-01-01T00:00:00Z
SRC-C-0381,C0381,Elena,Estevez,10000381,business,active,2026-01-01T00:00:00Z
SRC-C-0382,C0382,Fabian,Flores,10000382,consumer,active,2026-01-01T00:00:00Z
SRC-C-0383,C0383,Gloria,Guerrero,10000383,family,active,2026-01-01T00:00:00Z
SRC-C-0384,C0384,Hugo,Herrera,10000384,business,active,2026-01-01T00:00:00Z
SRC-C-0385,C0385,Ana,Alba,10000385,consumer,active,2026-01-01T00:00:00Z
SRC-C-0386,C0386,Bruno,Bello,10000386,family,active,2026-01-01T00:00:00Z
SRC-C-0387,C0387,Carla,Cruz,10000387,business,active,2026-01-01T00:00:00Z
SRC-C-0388,C0388,Diego,Duarte,10000388,consumer,active,2026-01-01T00:00:00Z
SRC-C-0389,C0389,Elena,Estevez,10000389,family,active,2026-01-01T00:00:00Z
SRC-C-0390,C0390,Fabian,Flores,10000390,business,active,2026-01-01T00:00:00Z
SRC-C-0391,C0391,Gloria,Guerrero,10000391,consumer,active,2026-01-01T00:00:00Z
SRC-C-0392,C0392,Hugo,Herrera,10000392,family,active,2026-01-01T00:00:00Z
SRC-C-0393,C0393,Ana,Alba,10000393,business,active,2026-01-01T00:00:00Z
SRC-C-0394,C0394,Bruno,Bello,10000394,consumer,active,2026-01-01T00:00:00Z
SRC-C-0395,C0395,Carla,Cruz,10000395,family,active,2026-01-01T00:00:00Z
SRC-C-0396,C0396,Diego,Duarte,10000396,business,active,2026-01-01T00:00:00Z
SRC-C-0397,C0397,Elena,Estevez,10000397,consumer,active,2026-01-01T00:00:00Z
SRC-C-0398,C0398,Fabian,Flores,10000398,family,active,2026-01-01T00:00:00Z
SRC-C-0399,C0399,Gloria,Guerrero,10000399,business,active,2026-01-01T00:00:00Z
SRC-C-0400,C0400,Hugo,Herrera,10000400,consumer,active,2026-01-01T00:00:00Z
SRC-C-0401,C0401,Ana,Alba,10000401,family,active,2026-01-01T00:00:00Z
SRC-C-0402,C0402,Bruno,Bello,10000402,business,active,2026-01-01T00:00:00Z
SRC-C-0403,C0403,Carla,Cruz,10000403,consumer,active,2026-01-01T00:00:00Z
SRC-C-0404,C0404,Diego,Duarte,10000404,family,active,2026-01-01T00:00:00Z
SRC-C-0405,C0405,Elena,Estevez,10000405,business,active,2026-01-01T00:00:00Z
SRC-C-0406,C0406,Fabian,Flores,10000406,consumer,active,2026-01-01T00:00:00Z
SRC-C-0407,C0407,Gloria,Guerrero,10000407,family,active,2026-01-01T00:00:00Z
SRC-C-0408,C0408,Hugo,Herrera,10000408,business,active,2026-01-01T00:00:00Z
SRC-C-0409,C0409,Ana,Alba,10000409,consumer,active,2026-01-01T00:00:00Z
SRC-C-0410,C0410,Bruno,Bello,10000410,family,active,2026-01-01T00:00:00Z
SRC-C-0411,C0411,Carla,Cruz,10000411,business,active,2026-01-01T00:00:00Z
SRC-C-0412,C0412,Diego,Duarte,10000412,consumer,active,2026-01-01T00:00:00Z
SRC-C-0413,C0413,Elena,Estevez,10000413,family,active,2026-01-01T00:00:00Z
SRC-C-0414,C0414,Fabian,Flores,10000414,business,active,2026-01-01T00:00:00Z
SRC-C-0415,C0415,Gloria,Guerrero,10000415,consumer,active,2026-01-01T00:00:00Z
SRC-C-0416,C0416,Hugo,Herrera,10000416,family,active,2026-01-01T00:00:00Z
SRC-C-0417,C0417,Ana,Alba,10000417,business,active,2026-01-01T00:00:00Z
SRC-C-0418,C0418,Bruno,Bello,10000418,consumer,active,2026-01-01T00:00:00Z
SRC-C-0419,C0419,Carla,Cruz,10000419,family,active,2026-01-01T00:00:00Z
SRC-C-0420,C0420,Diego,Duarte,10000420,business,active,2026-01-01T00:00:00Z
SRC-C-0421,C0421,Elena,Estevez,10000421,consumer,active,2026-01-01T00:00:00Z
SRC-C-0422,C0422,Fabian,Flores,10000422,family,active,2026-01-01T00:00:00Z
SRC-C-0423,C0423,Gloria,Guerrero,10000423,business,active,2026-01-01T00:00:00Z
SRC-C-0424,C0424,Hugo,Herrera,10000424,consumer,active,2026-01-01T00:00:00Z
SRC-C-0425,C0425,Ana,Alba,10000425,family,active,2026-01-01T00:00:00Z
SRC-C-0426,C0426,Bruno,Bello,10000426,business,active,2026-01-01T00:00:00Z
SRC-C-0427,C0427,Carla,Cruz,10000427,consumer,active,2026-01-01T00:00:00Z
SRC-C-0428,C0428,Diego,Duarte,10000428,family,active,2026-01-01T00:00:00Z
SRC-C-0429,C0429,Elena,Estevez,10000429,business,active,2026-01-01T00:00:00Z
SRC-C-0430,C0430,Fabian,Flores,10000430,consumer,active,2026-01-01T00:00:00Z
SRC-C-0431,C0431,Gloria,Guerrero,10000431,family,active,2026-01-01T00:00:00Z
SRC-C-0432,C0432,Hugo,Herrera,10000432,business,active,2026-01-01T00:00:00Z
SRC-C-0433,C0433,Ana,Alba,10000433,consumer,active,2026-01-01T00:00:00Z
SRC-C-0434,C0434,Bruno,Bello,10000434,family,active,2026-01-01T00:00:00Z
SRC-C-0435,C0435,Carla,Cruz,10000435,business,active,2026-01-01T00:00:00Z
SRC-C-0436,C0436,Diego,Duarte,10000436,consumer,active,2026-01-01T00:00:00Z
SRC-C-0437,C0437,Elena,Estevez,10000437,family,active,2026-01-01T00:00:00Z
SRC-C-0438,C0438,Fabian,Flores,10000438,business,active,2026-01-01T00:00:00Z
SRC-C-0439,C0439,Gloria,Guerrero,10000439,consumer,active,2026-01-01T00:00:00Z
SRC-C-0440,C0440,Hugo,Herrera,10000440,family,active,2026-01-01T00:00:00Z
SRC-C-0441,C0441,Ana,Alba,10000441,business,active,2026-01-01T00:00:00Z
SRC-C-0442,C0442,Bruno,Bello,10000442,consumer,active,2026-01-01T00:00:00Z
SRC-C-0443,C0443,Carla,Cruz,10000443,family,active,2026-01-01T00:00:00Z
SRC-C-0444,C0444,Diego,Duarte,10000444,business,active,2026-01-01T00:00:00Z
SRC-C-0445,C0445,Elena,Estevez,10000445,consumer,active,2026-01-01T00:00:00Z
SRC-C-0446,C0446,Fabian,Flores,10000446,family,active,2026-01-01T00:00:00Z
SRC-C-0447,C0447,Gloria,Guerrero,10000447,business,active,2026-01-01T00:00:00Z
SRC-C-0448,C0448,Hugo,Herrera,10000448,consumer,active,2026-01-01T00:00:00Z
SRC-C-0449,C0449,Ana,Alba,10000449,family,active,2026-01-01T00:00:00Z
SRC-C-0450,C0450,Bruno,Bello,10000450,business,active,2026-01-01T00:00:00Z
SRC-C-0451,C0451,Carla,Cruz,10000451,consumer,active,2026-01-01T00:00:00Z
SRC-C-0452,C0452,Diego,Duarte,10000452,family,active,2026-01-01T00:00:00Z
SRC-C-0453,C0453,Elena,Estevez,10000453,business,active,2026-01-01T00:00:00Z
SRC-C-0454,C0454,Fabian,Flores,10000454,consumer,active,2026-01-01T00:00:00Z
SRC-C-0455,C0455,Gloria,Guerrero,10000455,family,active,2026-01-01T00:00:00Z
SRC-C-0456,C0456,Hugo,Herrera,10000456,business,active,2026-01-01T00:00:00Z
SRC-C-0457,C0457,Ana,Alba,10000457,consumer,active,2026-01-01T00:00:00Z
SRC-C-0458,C0458,Bruno,Bello,10000458,family,active,2026-01-01T00:00:00Z
SRC-C-0459,C0459,Carla,Cruz,10000459,business,active,2026-01-01T00:00:00Z
SRC-C-0460,C0460,Diego,Duarte,10000460,consumer,active,2026-01-01T00:00:00Z
SRC-C-0461,C0461,Elena,Estevez,10000461,family,active,2026-01-01T00:00:00Z
SRC-C-0462,C0462,Fabian,Flores,10000462,business,active,2026-01-01T00:00:00Z
SRC-C-0463,C0463,Gloria,Guerrero,10000463,consumer,active,2026-01-01T00:00:00Z
SRC-C-0464,C0464,Hugo,Herrera,10000464,family,active,2026-01-01T00:00:00Z
SRC-C-0465,C0465,Ana,Alba,10000465,business,active,2026-01-01T00:00:00Z
SRC-C-0466,C0466,Bruno,Bello,10000466,consumer,active,2026-01-01T00:00:00Z
SRC-C-0467,C0467,Carla,Cruz,10000467,family,active,2026-01-01T00:00:00Z
SRC-C-0468,C0468,Diego,Duarte,10000468,business,active,2026-01-01T00:00:00Z
SRC-C-0469,C0469,Elena,Estevez,10000469,consumer,active,2026-01-01T00:00:00Z
SRC-C-0470,C0470,Fabian,Flores,10000470,family,active,2026-01-01T00:00:00Z
SRC-C-0471,C0471,Gloria,Guerrero,10000471,business,active,2026-01-01T00:00:00Z
SRC-C-0472,C0472,Hugo,Herrera,10000472,consumer,active,2026-01-01T00:00:00Z
SRC-C-0473,C0473,Ana,Alba,10000473,family,active,2026-01-01T00:00:00Z
SRC-C-0474,C0474,Bruno,Bello,10000474,business,active,2026-01-01T00:00:00Z
SRC-C-0475,C0475,Carla,Cruz,10000475,consumer,active,2026-01-01T00:00:00Z
SRC-C-0476,C0476,Diego,Duarte,10000476,family,active,2026-01-01T00:00:00Z
SRC-C-0477,C0477,Elena,Estevez,10000477,business,active,2026-01-01T00:00:00Z
SRC-C-0478,C0478,Fabian,Flores,10000478,consumer,active,2026-01-01T00:00:00Z
SRC-C-0479,C0479,Gloria,Guerrero,10000479,family,active,2026-01-01T00:00:00Z
SRC-C-0480,C0480,Hugo,Herrera,10000480,business,active,2026-01-01T00:00:00Z
SRC-C-0481,C0481,Ana,Alba,10000481,consumer,active,2026-01-01T00:00:00Z
SRC-C-0482,C0482,Bruno,Bello,10000482,family,active,2026-01-01T00:00:00Z
SRC-C-0483,C0483,Carla,Cruz,10000483,business,active,2026-01-01T00:00:00Z
SRC-C-0484,C0484,Diego,Duarte,10000484,consumer,active,2026-01-01T00:00:00Z
SRC-C-0485,C0485,Elena,Estevez,10000485,family,active,2026-01-01T00:00:00Z
SRC-C-0486,C0486,Fabian,Flores,10000486,business,active,2026-01-01T00:00:00Z
SRC-C-0487,C0487,Gloria,Guerrero,10000487,consumer,active,2026-01-01T00:00:00Z
SRC-C-0488,C0488,Hugo,Herrera,10000488,family,active,2026-01-01T00:00:00Z
SRC-C-0489,C0489,Ana,Alba,10000489,business,active,2026-01-01T00:00:00Z
SRC-C-0490,C0490,Bruno,Bello,10000490,consumer,active,2026-01-01T00:00:00Z
SRC-C-0491,C0491,Carla,Cruz,10000491,family,active,2026-01-01T00:00:00Z
SRC-C-0492,C0492,Diego,Duarte,10000492,business,active,2026-01-01T00:00:00Z
SRC-C-0493,C0493,Elena,Estevez,10000493,consumer,active,2026-01-01T00:00:00Z
SRC-C-0494,C0494,Fabian,Flores,BAD494,family,active,2026-01-01T00:00:00Z
SRC-C-0495,C0495,Gloria,Guerrero,BAD495,business,active,2026-01-01T00:00:00Z
SRC-C-0496,C0496,Hugo,Herrera,BAD496,consumer,active,2026-01-01T00:00:00Z
SRC-C-0497,C0001,Ana,Alba,10000001,consumer,active,2026-02-01T00:00:00Z
SRC-C-0498,C0002,Bruno,Bello,10000002,family,active,2026-02-01T00:00:00Z
SRC-C-0499,C0003,Carla,Cruz,10000003,business,active,2026-02-01T00:00:00Z
SRC-C-0500,C0004,Diego,Duarte,10000004,consumer,active,2026-02-01T00:00:00Z
