source_row_id,address_id,customer_id,address_type,address_line,city,province,region,is_primary,updated_at
SRC-A-0001,A0001,C0001,home,Avenida Sintetica 1,Ciudad Norte 1,Provincia Norte 1,Norte,true,2026-01-02T00:00:00Z
SRC-A-0002,A0002,C0002,billing,Avenida Sintetica 2,Ciudad Norte 2,Provincia Norte 2,Norte,true,2026-01-02T00:00:00Z
SRC-A-0003,A0003,C0003,work,Avenida Sintetica 3,Ciudad Norte 3,Provincia Norte 3,Norte,true,2026-01-02T00:00:00Z
SRC-A-0004,A0004,C0004,home,Avenida Sintetica 4,Ciudad Centro 1,Provincia Centro 1,Centro,true,2026-01-02T00:00:00Z
SRC-A-0005,A0005,C0005,billing,Avenida Sintetica 5,Ciudad Centro 2,Provincia Centro 2,Centro,true,2026-01-02T00:00:00Z
SRC-A-0006,A0006,C0006,work,Avenida Sintetica 6,Ciudad Centro 3,Provincia Centro 3,Centro,true,2026-01-02T00:00:00Z
SRC-A-0007,A0007,C0007,home,Avenida Sintetica 7,Ciudad Sur 1,Provincia Sur 1,Sur,true,2026-01-02T00:00:00Z
SRC-A-0008,A0008,C0008,billing,Avenida Sintetica 8,Ciudad Sur 2,Provincia Sur 2,Sur,true,2026-01-02T00:00:00Z
SRC-A-0009,A0009,C0009,work,Avenida Sintetica 9,Ciudad Sur 3,Provincia Sur 3,Sur,true,2026-01-02T00:00:00Z
SRC-A-0010,A0010,C0010,home,Avenida Sintetica 10,Ciudad Costa 1,Provincia Costa 1,Costa,true,2026-01-02T00:00:00Z
SRC-A-0011,A0011,C0011,billing,Avenida Sintetica 11,Ciudad Costa 2,Provincia Costa 2,Costa,true,2026-01-02T00:00:00Z
SRC-A-0012,A0012,C0012,work,Avenida Sintetica 12,Ciudad Costa 3,Provincia Costa 3,Costa,true,2026-01-02T00:00:00Z
SRC-A-0013,A0013,C0013,home,Avenida Sintetica 13,Ciudad Norte 1,Provincia Norte 1,Norte,true,2026-01-02T00:00:00Z
SRC-A-0014,A0014,C0014,billing,Avenida Sintetica 14,Ciudad Norte 2,Provincia Norte 2,Norte,true,2026-01-02T00:00:00Z
SRC-A-0015,A0015,C0015,work,Avenida Sintetica 15,Ciudad Norte 3,Provincia Norte 3,Norte,true,2026-01-02T00:00:00Z
SRC-A-0016,A0016,C0016,home,Avenida Sintetica 16,Ciudad Centro 1,Provincia Centro 1,Centro,true,2026-01-02T00:00:00Z
SRC-A-0017,A0017,C0017,billing,Avenida Sintetica 17,Ciudad Centro 2,Provincia Centro 2,Centro,true,2026-01-02T00:00:00Z
SRC-A-0018,A0018,C0018,work,Avenida Sintetica 18,Ciudad Centro 3,Provincia Centro 3,Centro,true,2026-01-02T00:00:00Z
SRC-A-0019,A0019,C0019,home,Avenida Sintetica 19,Ciudad Sur 1,Provincia Sur 1,Sur,true,2026-01-02T00:00:00Z
SRC-A-0020,A0020,C0020,billing,Avenida Sintetica 20,Ciudad Sur 2,Provincia Sur 2,Sur,true,2026-01-02T00:00:00Z
SRC-A-0021,A0021,C0021,work,Avenida Sintetica 21,Ciudad Sur 3,Provincia Sur 3,Sur,true,2026-01-02T00:00:00Z
SRC-A-0022,A0022,C0022,home,Avenida Sintetica 22,Ciudad Costa 1,Provincia Costa 1,Costa,true,2026-01-02T00:00:00Z
SRC-A-0023,A0023,C0023,billing,Avenida Sintetica 23,Ciudad Costa 2,Provincia Costa 2,Costa,true,2026-01-02T00:00:00Z
SRC-A-0024,A0024,C0024,work,Avenida Sintetica 24,Ciudad Costa 3,Provincia Costa 3,Costa,true,2026-01-02T00:00:00Z
SRC-A-0025,A0025,C0025,home,Avenida Sintetica 25,Ciudad Norte 1,Provincia Norte 1,Norte,true,2026-01-02T00:00:00Z
SRC-A-0026,A0026,C0026,billing,Avenida Sintetica 26,Ciudad Norte 2,Provincia Norte 2,Norte,true,2026-01-02T00:00:00Z
SRC-A-0027,A0027,C0027,work,Avenida Sintetica 27,Ciudad Norte 3,Provincia Norte 3,Norte,true,2026-01-02T00:00:00Z
SRC-A-0028,A0028,C0028,home,Avenida Sintetica 28,Ciudad Centro 1,Provincia Centro 1,Centro,true,2026-01-02T00:00:00Z
SRC-A-0029,A0029,C0029,billing,Avenida Sintetica 29,Ciudad Centro 2,Provincia Centro 2,Centro,true,2026-01-02T00:00:00Z
SRC-A-0030,A0030,C0030,work,Avenida Sintetica 30,Ciudad Centro 3,Provincia Centro 3,Centro,true,2026-01-02T00:00:00Z
SRC-A-0031,A0031,C0031,home,Avenida Sintetica 31,Ciudad Sur 1,Provincia Sur 1,Sur,true,2026-01-02T00:00:00Z
SRC-A-0032,A0032,C0032,billing,Avenida Sintetica 32,Ciudad Sur 2,Provincia Sur 2,Sur,true,2026-01-02T00:00:00Z
SRC-A-0033,A0033,C0033,work,Avenida Sintetica 33,Ciudad Sur 3,Provincia Sur 3,Sur,true,2026-01-02T00:00:00Z
SRC-A-0034,A0034,C0034,home,Avenida Sintetica 34,Ciudad Costa 1,Provincia Costa 1,Costa,true,2026-01-02T00:00:00Z
SRC-A-0035,A0035,C0035,billing,Avenida Sintetica 35,Ciudad Costa 2,Provincia Costa 2,Costa,true,2026-01-02T00:00:00Z
SRC-A-0036,A0036,C0036,work,Avenida Sintetica 36,Ciudad Costa 3,Provincia Costa 3,Costa,true,2026-01-02T00:00:00Z
SRC-A-0037,A0037,C0037,home,Avenida Sintetica 37,Ciudad Norte 1,Provincia Norte 1,Norte,true,2026-01-02T00:00:00Z
SRC-A-0038,A0038,C0038,billing,Avenida Sintetica 38,Ciudad Norte 2,Provincia Norte 2,Norte,true,2026-01-02T00:00:00Z
SRC-A-0039,A0039,C0039,work,Avenida Sintetica 39,Ciudad Norte 3,Provincia Norte 3,Norte,true,2026-01-02T00:00:00Z
SRC-A-0040,A0040,C0040,home,Avenida Sintetica 40,Ciudad Centro 1,Provincia Centro 1,Centro,true,2026-01-02T00:00:00Z
SRC-A-0041,A0041,C0041,billing,Avenida Sintetica 41,Ciudad Centro 2,Provincia Centro 2,Centro,true,2026-01-02T00:00:00Z
SRC-A-0042,A0042,C0042,work,Avenida Sintetica 42,Ciudad Centro 3,Provincia Centro 3,Centro,true,2026-01-02T00:00:00Z
SRC-A-0043,A0043,C0043,home,Avenida Sintetica 43,Ciudad Sur 1,Provincia Sur 1,Sur,true,2026-01-02T00:00:00Z
SRC-A-0044,A0044,C0044,billing,Avenida Sintetica 44,Ciudad Sur 2,Provincia Sur 2,Sur,true,2026-01-02T00:00:00Z
SRC-A-0045,A0045,C0045,work,Avenida Sintetica 45,Ciudad Sur 3,Provincia Sur 3,Sur,true,2026-01-02T00:00:00Z
SRC-A-0046,A0046,C0046,home,Avenida Sintetica 46,Ciudad Costa 1,Provincia Costa 1,Costa,true,2026-01-02T00:00:00Z
SRC-A-0047,A0047,C0047,billing,Avenida Sintetica 47,Ciudad Costa 2,Provincia Costa 2,Costa,true,2026-01-02T00:00:00Z
SRC-A-0048,A0048,C0048,work,Avenida Sintetica 48,Ciudad Costa 3,Provincia Costa 3,Costa,true,2026-01-02T00:00:00Z
SRC-A-0049,A0049,C0049,home,Avenida Sintetica 49,Ciudad Norte 1,Provincia Norte 1,Norte,true,2026-01-02T00:00:00Z
SRC-A-0050,A0050,C0050,billing,Avenida Sintetica 50,Ciudad Norte 2,Provincia Norte 2,Norte,true,2026-01-02T00:00:00Z
SRC-A-0051,A0051,C0051,work,Avenida Sintetica 51,Ciudad Norte 3,Provincia Norte 3,Norte,true,2026-01-02T00:00:00Z
SRC-A-0052,A0052,C0052,home,Avenida Sintetica 52,Ciudad Centro 1,Provincia Centro 1,Centro,true,2026-01-02T00:00:00Z
SRC-A-0053,A0053,C0053,billing,Avenida Sintetica 53,Ciudad Centro 2,Provincia Centro 2,Centro,true,2026-01-02T00:00:00Z
SRC-A-0054,A0054,C0054,work,Avenida Sintetica 54,Ciudad Centro 3,Provincia Centro 3,Centro,true,2026-01-02T00:00:00Z
SRC-A-0055,A0055,C0055,home,Avenida Sintetica 55,Ciudad Sur 1,Provincia Sur 1,Sur,true,2026-01-02T00:00:00Z
SRC-A-0056,A0056,C0056,billing,Avenida Sintetica 56,Ciudad Sur 2,Provincia Sur 2,Sur,true,2026-01-02T00:00:00Z
SRC-A-0057,A0057,C0057,work,Avenida Sintetica 57,Ciudad Sur 3,Provincia Sur 3,Sur,true,2026-01-02T00:00:00Z
SRC-A-0058,A0058,C0058,home,Avenida Sintetica 58,Ciudad Costa 1,Provincia Costa 1,Costa,true,2026-01-02T00:00:00Z
SRC-A-0059,A0059,C0059,billing,Avenida Sintetica 59,Ciudad Costa 2,Provincia Costa 2,Costa,true,2026-01-02T00:00:00Z
SRC-A-0060,A0060,C0060,work,Avenida Sintetica 60,Ciudad Costa 3,Provincia Costa 3,Costa,true,2026-01-02T00:00:00Z
SRC-A-0061,A0061,C0061,home,Avenida Sintetica 61,Ciudad Norte 1,Provincia Norte 1,Norte,true,2026-01-02T00:00:00Z
SRC-A-0062,A0062,C0062,billing,Avenida Sintetica 62,Ciudad Norte 2,Provincia Norte 2,Norte,true,2026-01-02T00:00:00Z
SRC-A-0063,A0063,C0063,work,Avenida Sintetica 63,Ciudad Norte 3,Provincia Norte 3,Norte,true,2026-01-02T00:00:00Z
SRC-A-0064,A0064,C0064,home,Avenida Sintetica 64,Ciudad Centro 1,Provincia Centro 1,Centro,true,2026-01-02T00:00:00Z
SRC-A-0065,A0065,C0065,billing,Avenida Sintetica 65,Ciudad Centro 2,Provincia Centro 2,Centro,true,2026-01-02T00:00:00Z
SRC-A-0066,A0066,C0066,work,Avenida Sintetica 66,Ciudad Centro 3,Provincia Centro 3,Centro,true,2026-01-02T00:00:00Z
SRC-A-0067,A0067,C0067,home,Avenida Sintetica 67,Ciudad Sur 1,Provincia Sur 1,Sur,true,2026-01-02T00:00:00Z
SRC-A-0068,A0068,C0068,billing,Avenida Sintetica 68,Ciudad Sur 2,Provincia Sur 2,Sur,true,2026-01-02T00:00:00Z
SRC-A-0069,A0069,C0069,work,Avenida Sintetica 69,Ciudad Sur 3,Provincia Sur 3,Sur,true,2026-01-02T00:00:00Z
SRC-A-0070,A0070,C0070,home,Avenida Sintetica 70,Ciudad Costa 1,Provincia Costa 1,Costa,true,2026-01-02T00:00:00Z
SRC-A-0071,A0071,C0071,billing,Avenida Sintetica 71,Ciudad Costa 2,Provincia Costa 2,Costa,true,2026-01-02T00:00:00Z
SRC-A-0072,A0072,C0072,work,Avenida Sintetica 72,Ciudad Costa 3,Provincia Costa 3,Costa,true,2026-01-02T00:00:00Z
SRC-A-0073,A0073,C0073,home,Avenida Sintetica 73,Ciudad Norte 1,Provincia Norte 1,Norte,true,2026-01-02T00:00:00Z
SRC-A-0074,A0074,C0074,billing,Avenida Sintetica 74,Ciudad Norte 2,Provincia Norte 2,Norte,true,2026-01-02T00:00:00Z
SRC-A-0075,A0075,C0075,work,Avenida Sintetica 75,Ciudad Norte 3,Provincia Norte 3,Norte,true,2026-01-02T00:00:00Z
SRC-A-0076,A0076,C0076,home,Avenida Sintetica 76,Ciudad Centro 1,Provincia Centro 1,Centro,true,2026-01-02T00:00:00Z
SRC-A-0077,A0077,C0077,billing,Avenida Sintetica 77,Ciudad Centro 2,Provincia Centro 2,Centro,true,2026-01-02T00:00:00Z
SRC-A-0078,A0078,C0078,work,Avenida Sintetica 78,Ciudad Centro 3,Provincia Centro 3,Centro,true,2026-01-02T00:00:00Z
SRC-A-0079,A0079,C0079,home,Avenida Sintetica 79,Ciudad Sur 1,Provincia Sur 1,Sur,true,2026-01-02T00:00:00Z
SRC-A-0080,A0080,C0080,billing,Avenida Sintetica 80,Ciudad Sur 2,Provincia Sur 2,Sur,true,2026-01-02T00:00:00Z
SRC-A-0081,A0081,C0081,work,Avenida Sintetica 81,Ciudad Sur 3,Provincia Sur 3,Sur,true,2026-01-02T00:00:00Z
SRC-A-0082,A0082,C0082,home,Avenida Sintetica 82,Ciudad Costa 1,Provincia Costa 1,Costa,true,2026-01-02T00:00:00Z
SRC-A-0083,A0083,C0083,billing,Avenida Sintetica 83,Ciudad Costa 2,Provincia Costa 2,Costa,true,2026-01-02T00:00:00Z
SRC-A-0084,A0084,C0084,work,Avenida Sintetica 84,Ciudad Costa 3,Provincia Costa 3,Costa,true,2026-01-02T00:00:00Z
SRC-A-0085,A0085,C0085,home,Avenida Sintetica 85,Ciudad Norte 1,Provincia Norte 1,Norte,true,2026-01-02T00:00:00Z
SRC-A-0086,A0086,C0086,billing,Avenida Sintetica 86,Ciudad Norte 2,Provincia Norte 2,Norte,true,2026-01-02T00:00:00Z
SRC-A-0087,A0087,C0087,work,Avenida Sintetica 87,Ciudad Norte 3,Provincia Norte 3,Norte,true,2026-01-02T00:00:00Z
SRC-A-0088,A0088,C0088,home,Avenida Sintetica 88,Ciudad Centro 1,Provincia Centro 1,Centro,true,2026-01-02T00:00:00Z
SRC-A-0089,A0089,C0089,billing,Avenida Sintetica 89,Ciudad Centro 2,Provincia Centro 2,Centro,true,2026-01-02T00:00:00Z
SRC-A-0090,A0090,C0090,work,Avenida Sintetica 90,Ciudad Centro 3,Provincia Centro 3,Centro,true,2026-01-02T00:00:00Z
SRC-A-0091,A0091,C0091,home,Avenida Sintetica 91,Ciudad Sur 1,Provincia Sur 1,Sur,true,2026-01-02T00:00:00Z
SRC-A-0092,A0092,C0092,billing,Avenida Sintetica 92,Ciudad Sur 2,Provincia Sur 2,Sur,true,2026-01-02T00:00:00Z
SRC-A-0093,A0093,C0093,work,Avenida Sintetica 93,Ciudad Sur 3,Provincia Sur 3,Sur,true,2026-01-02T00:00:00Z
SRC-A-0094,A0094,C0094,home,Avenida Sintetica 94,Ciudad Costa 1,Provincia Costa 1,Costa,true,2026-01-02T00:00:00Z
SRC-A-0095,A0095,C0095,billing,Avenida Sintetica 95,Ciudad Costa 2,Provincia Costa 2,Costa,true,2026-01-02T00:00:00Z
SRC-A-0096,A0096,C0096,work,Avenida Sintetica 96,Ciudad Costa 3,Provincia Costa 3,Costa,true,2026-01-02T00:00:00Z
SRC-A-0097,A0097,C0097,home,Avenida Sintetica 97,Ciudad Norte 1,Provincia Norte 1,Norte,true,2026-01-02T00:00:00Z
SRC-A-0098,A0098,C0098,billing,Avenida Sintetica 98,Ciudad Norte 2,Provincia Norte 2,Norte,true,2026-01-02T00:00:00Z
SRC-A-0099,A0099,C0099,work,Avenida Sintetica 99,Ciudad Norte 3,Provincia Norte 3,Norte,true,2026-01-02T00:00:00Z
SRC-A-0100,A0100,C0100,home,Avenida Sintetica 100,Ciudad Centro 1,Provincia Centro 1,Centro,true,2026-01-02T00:00:00Z
SRC-A-0101,A0101,C0101,billing,Avenida Sintetica 101,Ciudad Centro 2,Provincia Centro 2,Centro,true,2026-01-02T00:00:00Z
SRC-A-0102,A0102,C0102,work,Avenida Sintetica 102,Ciudad Centro 3,Provincia Centro 3,Centro,true,2026-01-02T00:00:00Z
SRC-A-0103,A0103,C0103,home,Avenida Sintetica 103,Ciudad Sur 1,Provincia Sur 1,Sur,true,2026-01-02T00:00:00Z
SRC-A-0104,A0104,C0104,billing,Avenida Sintetica 104,Ciudad Sur 2,Provincia Sur 2,Sur,true,2026-01-02T00:00:00Z
SRC-A-0105,A0105,C0105,work,Avenida Sintetica 105,Ciudad Sur 3,Provincia Sur 3,Sur,true,2026-01-02T00:00:00Z
SRC-A-0106,A0106,C0106,home,Avenida Sintetica 106,Ciudad Costa 1,Provincia Costa 1,Costa,true,2026-01-02T00:00:00Z
SRC-A-0107,A0107,C0107,billing,Avenida Sintetica 107,Ciudad Costa 2,Provincia Costa 2,Costa,true,2026-01-02T00:00:00Z
SRC-A-0108,A0108,C0108,work,Avenida Sintetica 108,Ciudad Costa 3,Provincia Costa 3,Costa,true,2026-01-02T00:00:00Z
SRC-A-0109,A0109,C0109,home,Avenida Sintetica 109,Ciudad Norte 1,Provincia Norte 1,Norte,true,2026-01-02T00:00:00Z
SRC-A-0110,A0110,C0110,billing,Avenida Sintetica 110,Ciudad Norte 2,Provincia Norte 2,Norte,true,2026-01-02T00:00:00Z
SRC-A-0111,A0111,C0111,work,Avenida Sintetica 111,Ciudad Norte 3,Provincia Norte 3,Norte,true,2026-01-02T00:00:00Z
SRC-A-0112,A0112,C0112,home,Avenida Sintetica 112,Ciudad Centro 1,Provincia Centro 1,Centro,true,2026-01-02T00:00:00Z
SRC-A-0113,A0113,C0113,billing,Avenida Sintetica 113,Ciudad Centro 2,Provincia Centro 2,Centro,true,2026-01-02T00:00:00Z
SRC-A-0114,A0114,C0114,work,Avenida Sintetica 114,Ciudad Centro 3,Provincia Centro 3,Centro,true,2026-01-02T00:00:00Z
SRC-A-0115,A0115,C0115,home,Avenida Sintetica 115,Ciudad Sur 1,Provincia Sur 1,Sur,true,2026-01-02T00:00:00Z
SRC-A-0116,A0116,C0116,billing,Avenida Sintetica 116,Ciudad Sur 2,Provincia Sur 2,Sur,true,2026-01-02T00:00:00Z
SRC-A-0117,A0117,C0117,work,Avenida Sintetica 117,Ciudad Sur 3,Provincia Sur 3,Sur,true,2026-01-02T00:00:00Z
SRC-A-0118,A0118,C0118,home,Avenida Sintetica 118,Ciudad Costa 1,Provincia Costa 1,Costa,true,2026-01-02T00:00:00Z
SRC-A-0119,A0119,C0119,billing,Avenida Sintetica 119,Ciudad Costa 2,Provincia Costa 2,Costa,true,2026-01-02T00:00:00Z
SRC-A-0120,A0120,C0120,work,Avenida Sintetica 120,Ciudad Costa 3,Provincia Costa 3,Costa,true,2026-01-02T00:00:00Z
SRC-A-0121,A0121,C0121,home,Avenida Sintetica 121,Ciudad Norte 1,Provincia Norte 1,Norte,true,2026-01-02T00:00:00Z
SRC-A-0122,A0122,C0122,billing,Avenida Sintetica 122,Ciudad Norte 2,Provincia Norte 2,Norte,true,2026-01-02T00:00:00Z
SRC-A-0123,A0123,C0123,work,Avenida Sintetica 123,Ciudad Norte 3,Provincia Norte 3,Norte,true,2026-01-02T00:00:00Z
SRC-A-0124,A0124,C0124,home,Avenida Sintetica 124,Ciudad Centro 1,Provincia Centro 1,Centro,true,2026-01-02T00:00:00Z
SRC-A-0125,A0125,C0125,billing,Avenida Sintetica 125,Ciudad Centro 2,Provincia Centro 2,Centro,true,2026-01-02T00:00:00Z
SRC-A-0126,A0126,C0126,work,Avenida Sintetica 126,Ciudad Centro 3,Provincia Centro 3,Centro,true,2026-01-02T00:00:00Z
SRC-A-0127,A0127,C0127,home,Avenida Sintetica 127,Ciudad Sur 1,Provincia Sur 1,Sur,true,2026-01-02T00:00:00Z
SRC-A-0128,A0128,C0128,billing,Avenida Sintetica 128,Ciudad Sur 2,Provincia Sur 2,Sur,true,2026-01-02T00:00:00Z
SRC-A-0129,A0129,C0129,work,Avenida Sintetica 129,Ciudad Sur 3,Provincia Sur 3,Sur,true,2026-01-02T00:00:00Z
SRC-A-0130,A0130,C0130,home,Avenida Sintetica 130,Ciudad Costa 1,Provincia Costa 1,Costa,true,2026-01-02T00:00:00Z
SRC-A-0131,A0131,C0131,billing,Avenida Sintetica 131,Ciudad Costa 2,Provincia Costa 2,Costa,true,2026-01-02T00:00:00Z
SRC-A-0132,A0132,C0132,work,Avenida Sintetica 132,Ciudad Costa 3,Provincia Costa 3,Costa,true,2026-01-02T00:00:00Z
SRC-A-0133,A0133,C0133,home,Avenida Sintetica 133,Ciudad Norte 1,Provincia Norte 1,Norte,true,2026-01-02T00:00:00Z
SRC-A-0134,A0134,C0134,billing,Avenida Sintetica 134,Ciudad Norte 2,Provincia Norte 2,Norte,true,2026-01-02T00:00:00Z
SRC-A-0135,A0135,C0135,work,Avenida Sintetica 135,Ciudad Norte 3,Provincia Norte 3,Norte,true,2026-01-02T00:00:00Z
SRC-A-0136,A0136,C0136,home,Avenida Sintetica 136,Ciudad Centro 1,Provincia Centro 1,Centro,true,2026-01-02T00:00:00Z
SRC-A-0137,A0137,C0137,billing,Avenida Sintetica 137,Ciudad Centro 2,Provincia Centro 2,Centro,true,2026-01-02T00:00:00Z
SRC-A-0138,A0138,C0138,work,Avenida Sintetica 138,Ciudad Centro 3,Provincia Centro 3,Centro,true,2026-01-02T00:00:00Z
SRC-A-0139,A0139,C0139,home,Avenida Sintetica 139,Ciudad Sur 1,Provincia Sur 1,Sur,true,2026-01-02T00:00:00Z
SRC-A-0140,A0140,C0140,billing,Avenida Sintetica 140,Ciudad Sur 2,Provincia Sur 2,Sur,true,2026-01-02T00:00:00Z
SRC-A-0141,A0141,C0141,work,Avenida Sintetica 141,Ciudad Sur 3,Provincia Sur 3,Sur,true,2026-01-02T00:00:00Z
SRC-A-0142,A0142,C0142,home,Avenida Sintetica 142,Ciudad Costa 1,Provincia Costa 1,Costa,true,2026-01-02T00:00:00Z
SRC-A-0143,A0143,C0143,billing,Avenida Sintetica 143,Ciudad Costa 2,Provincia Costa 2,Costa,true,2026-01-02T00:00:00Z
SRC-A-0144,A0144,C0144,work,Avenida Sintetica 144,Ciudad Costa 3,Provincia Costa 3,Costa,true,2026-01-02T00:00:00Z
SRC-A-0145,A0145,C0145,home,Avenida Sintetica 145,Ciudad Norte 1,Provincia Norte 1,Norte,true,2026-01-02T00:00:00Z
SRC-A-0146,A0146,C0146,billing,Avenida Sintetica 146,Ciudad Norte 2,Provincia Norte 2,Norte,true,2026-01-02T00:00:00Z
SRC-A-0147,A0147,C0147,work,Avenida Sintetica 147,Ciudad Norte 3,Provincia Norte 3,Norte,true,2026-01-02T00:00:00Z
SRC-A-0148,A0148,C0148,home,Avenida Sintetica 148,Ciudad Centro 1,Provincia Centro 1,Centro,true,2026-01-02T00:00:00Z
SRC-A-0149,A0149,C0149,billing,Avenida Sintetica 149,Ciudad Centro 2,Provincia Centro 2,Centro,true,2026-01-02T00:00:00Z
SRC-A-0150,A0150,C0150,work,Avenida Sintetica 150,Ciudad Centro 3,Provincia Centro 3,Centro,true,2026-01-02T00:00:00Z
SRC-A-0151,A0151,C0151,home,Avenida Sintetica 151,Ciudad Sur 1,Provincia Sur 1,Sur,true,2026-01-02T00:00:00Z
SRC-A-0152,A0152,C0152,billing,Avenida Sintetica 152,Ciudad Sur 2,Provincia Sur 2,Sur,true,2026-01-02T00:00:00Z
SRC-A-0153,A0153,C0153,work,Avenida Sintetica 153,Ciudad Sur 3,Provincia Sur 3,Sur,true,2026-01-02T00:00:00Z
SRC-A-0154,A0154,C0154,home,Avenida Sintetica 154,Ciudad Costa 1,Provincia Costa 1,Costa,true,2026-01-02T00:00:00Z
SRC-A-0155,A0155,C0155,billing,Avenida Sintetica 155,Ciudad Costa 2,Provincia Costa 2,Costa,true,2026-01-02T00:00:00Z
SRC-A-0156,A0156,C0156,work,Avenida Sintetica 156,Ciudad Costa 3,Provincia Costa 3,Costa,true,2026-01-02T00:00:00Z
SRC-A-0157,A0157,C0157,home,Avenida Sintetica 157,Ciudad Norte 1,Provincia Norte 1,Norte,true,2026-01-02T00:00:00Z
SRC-A-0158,A0158,C0158,billing,Avenida Sintetica 158,Ciudad Norte 2,Provincia Norte 2,Norte,true,2026-01-02T00:00:00Z
SRC-A-0159,A0159,C0159,work,Avenida Sintetica 159,Ciudad Norte 3,Provincia Norte 3,Norte,true,2026-01-02T00:00:00Z
SRC-A-0160,A0160,C0160,home,Avenida Sintetica 160,Ciudad Centro 1,Provincia Centro 1,Centro,true,2026-01-02T00:00:00Z
SRC-A-0161,A0161,C0161,billing,Avenida Sintetica 161,Ciudad Centro 2,Provincia Centro 2,Centro,true,2026-01-02T00:00:00Z
SRC-A-0162,A0162,C0162,work,Avenida Sintetica 162,Ciudad Centro 3,Provincia Centro 3,Centro,true,2026-01-02T00:00:00Z
SRC-A-0163,A0163,C0163,home,Avenida Sintetica 163,Ciudad Sur 1,Provincia Sur 1,Sur,true,2026-01-02T00:00:00Z
SRC-A-0164,A0164,C0164,billing,Avenida Sintetica 164,Ciudad Sur 2,Provincia Sur 2,Sur,true,2026-01-02T00:00:00Z
SRC-A-0165,A0165,C0165,work,Avenida Sintetica 165,Ciudad Sur 3,Provincia Sur 3,Sur,true,2026-01-02T00:00:00Z
SRC-A-0166,A0166,C0166,home,Avenida Sintetica 166,Ciudad Costa 1,Provincia Costa 1,Costa,true,2026-01-02T00:00:00Z
SRC-A-0167,A0167,C0167,billing,Avenida Sintetica 167,Ciudad Costa 2,Provincia Costa 2,Costa,true,2026-01-02T00:00:00Z
SRC-A-0168,A0168,C0168,work,Avenida Sintetica 168,Ciudad Costa 3,Provincia Costa 3,Costa,true,2026-01-02T00:00:00Z
SRC-A-0169,A0169,C0169,home,Avenida Sintetica 169,Ciudad Norte 1,Provincia Norte 1,Norte,true,2026-01-02T00:00:00Z
SRC-A-0170,A0170,C0170,billing,Avenida Sintetica 170,Ciudad Norte 2,Provincia Norte 2,Norte,true,2026-01-02T00:00:00Z
SRC-A-0171,A0171,C0171,work,Avenida Sintetica 171,Ciudad Norte 3,Provincia Norte 3,Norte,true,2026-01-02T00:00:00Z
SRC-A-0172,A0172,C0172,home,Avenida Sintetica 172,Ciudad Centro 1,Provincia Centro 1,Centro,true,2026-01-02T00:00:00Z
SRC-A-0173,A0173,C0173,billing,Avenida Sintetica 173,Ciudad Centro 2,Provincia Centro 2,Centro,true,2026-01-02T00:00:00Z
SRC-A-0174,A0174,C0174,work,Avenida Sintetica 174,Ciudad Centro 3,Provincia Centro 3,Centro,true,2026-01-02T00:00:00Z
SRC-A-0175,A0175,C0175,home,Avenida Sintetica 175,Ciudad Sur 1,Provincia Sur 1,Sur,true,2026-01-02T00:00:00Z
SRC-A-0176,A0176,C0176,billing,Avenida Sintetica 176,Ciudad Sur 2,Provincia Sur 2,Sur,true,2026-01-02T00:00:00Z
SRC-A-0177,A0177,C0177,work,Avenida Sintetica 177,Ciudad Sur 3,Provincia Sur 3,Sur,true,2026-01-02T00:00:00Z
SRC-A-0178,A0178,C0178,home,Avenida Sintetica 178,Ciudad Costa 1,Provincia Costa 1,Costa,true,2026-01-02T00:00:00Z
SRC-A-0179,A0179,C0179,billing,Avenida Sintetica 179,Ciudad Costa 2,Provincia Costa 2,Costa,true,2026-01-02T00:00:00Z
SRC-A-0180,A0180,C0180,work,Avenida Sintetica 180,Ciudad Costa 3,Provincia Costa 3,Costa,true,2026-01-02T00:00:00Z
SRC-A-0181,A0181,C0181,home,Avenida Sintetica 181,Ciudad Norte 1,Provincia Norte 1,Norte,true,2026-01-02T00:00:00Z
SRC-A-0182,A0182,C0182,billing,Avenida Sintetica 182,Ciudad Norte 2,Provincia Norte 2,Norte,true,2026-01-02T00:00:00Z
SRC-A-0183,A0183,C0183,work,Avenida Sintetica 183,Ciudad Norte 3,Provincia Norte 3,Norte,true,2026-01-02T00:00:00Z
SRC-A-0184,A0184,C0184,home,Avenida Sintetica 184,Ciudad Centro 1,Provincia Centro 1,Centro,true,2026-01-02T00:00:00Z
SRC-A-0185,A0185,C0185,billing,Avenida Sintetica 185,Ciudad Centro 2,Provincia Centro 2,Centro,true,2026-01-02T00:00:00Z
SRC-A-0186,A0186,C0186,work,Avenida Sintetica 186,Ciudad Centro 3,Provincia Centro 3,Centro,true,2026-01-02T00:00:00Z
SRC-A-0187,A0187,C0187,home,Avenida Sintetica 187,Ciudad Sur 1,Provincia Sur 1,Sur,true,2026-01-02T00:00:00Z
SRC-A-0188,A0188,C0188,billing,Avenida Sintetica 188,Ciudad Sur 2,Provincia Sur 2,Sur,true,2026-01-02T00:00:00Z
SRC-A-0189,A0189,C0189,work,Avenida Sintetica 189,Ciudad Sur 3,Provincia Sur 3,Sur,true,2026-01-02T00:00:00Z
SRC-A-0190,A0190,C0190,home,Avenida Sintetica 190,Ciudad Costa 1,Provincia Costa 1,Costa,true,2026-01-02T00:00:00Z
SRC-A-0191,A0191,C0191,billing,Avenida Sintetica 191,Ciudad Costa 2,Provincia Costa 2,Costa,true,2026-01-02T00:00:00Z
SRC-A-0192,A0192,C0192,work,Avenida Sintetica 192,Ciudad Costa 3,Provincia Costa 3,Costa,true,2026-01-02T00:00:00Z
SRC-A-0193,A0193,C0193,home,Avenida Sintetica 193,Ciudad Norte 1,Provincia Norte 1,Norte,true,2026-01-02T00:00:00Z
SRC-A-0194,A0194,C0194,billing,Avenida Sintetica 194,Ciudad Norte 2,Provincia Norte 2,Norte,true,2026-01-02T00:00:00Z
SRC-A-0195,A0195,C0195,work,Avenida Sintetica 195,Ciudad Norte 3,Provincia Norte 3,Norte,true,2026-01-02T00:00:00Z
SRC-A-0196,A0196,C0196,home,Avenida Sintetica 196,Ciudad Centro 1,Provincia Centro 1,Centro,true,2026-01-02T00:00:00Z
SRC-A-0197,A0197,C0197,billing,Avenida Sintetica 197,Ciudad Centro 2,Provincia Centro 2,Centro,true,2026-01-02T00:00:00Z
SRC-A-0198,A0198,C0198,work,Avenida Sintetica 198,Ciudad Centro 3,Provincia Centro 3,Centro,true,2026-01-02T00:00:00Z
SRC-A-0199,A0199,C0199,home,Avenida Sintetica 199,Ciudad Sur 1,Provincia Sur 1,Sur,true,2026-01-02T00:00:00Z
SRC-A-0200,A0200,C0200,billing,Avenida Sintetica 200,Ciudad Sur 2,Provincia Sur 2,Sur,true,2026-01-02T00:00:00Z
SRC-A-0201,A0201,C0201,work,Avenida Sintetica 201,Ciudad Sur 3,Provincia Sur 3,Sur,true,2026-01-02T00:00:00Z
SRC-A-0202,A0202,C0202,home,Avenida Sintetica 202,Ciudad Costa 1,Provincia Costa 1,Costa,true,2026-01-02T00:00:00Z
SRC-A-0203,A0203,C0203,billing,Avenida Sintetica 203,Ciudad Costa 2,Provincia Costa 2,Costa,true,2026-01-02T00:00:00Z
SRC-A-0204,A0204,C0204,work,Avenida Sintetica 204,Ciudad Costa 3,Provincia Costa 3,Costa,true,2026-01-02T00:00:00Z
SRC-A-0205,A0205,C0205,home,Avenida Sintetica 205,Ciudad Norte 1,Provincia Norte 1,Norte,true,2026-01-02T00:00:00Z
SRC-A-0206,A0206,C0206,billing,Avenida Sintetica 206,Ciudad Norte 2,Provincia Norte 2,Norte,true,2026-01-02T00:00:00Z
SRC-A-0207,A0207,C0207,work,Avenida Sintetica 207,Ciudad Norte 3,Provincia Norte 3,Norte,true,2026-01-02T00:00:00Z
SRC-A-0208,A0208,C0208,home,Avenida Sintetica 208,Ciudad Centro 1,Provincia Centro 1,Centro,true,2026-01-02T00:00:00Z
SRC-A-0209,A0209,C0209,billing,Avenida Sintetica 209,Ciudad Centro 2,Provincia Centro 2,Centro,true,2026-01-02T00:00:00Z
SRC-A-0210,A0210,C0210,work,Avenida Sintetica 210,Ciudad Centro 3,Provincia Centro 3,Centro,true,2026-01-02T00:00:00Z
SRC-A-0211,A0211,C0211,home,Avenida Sintetica 211,Ciudad Sur 1,Provincia Sur 1,Sur,true,2026-01-02T00:00:00Z
SRC-A-0212,A0212,C0212,billing,Avenida Sintetica 212,Ciudad Sur 2,Provincia Sur 2,Sur,true,2026-01-02T00:00:00Z
SRC-A-0213,A0213,C0213,work,Avenida Sintetica 213,Ciudad Sur 3,Provincia Sur 3,Sur,true,2026-01-02T00:00:00Z
SRC-A-0214,A0214,C0214,home,Avenida Sintetica 214,Ciudad Costa 1,Provincia Costa 1,Costa,true,2026-01-02T00:00:00Z
SRC-A-0215,A0215,C0215,billing,Avenida Sintetica 215,Ciudad Costa 2,Provincia Costa 2,Costa,true,2026-01-02T00:00:00Z
SRC-A-0216,A0216,C0216,work,Avenida Sintetica 216,Ciudad Costa 3,Provincia Costa 3,Costa,true,2026-01-02T00:00:00Z
SRC-A-0217,A0217,C0217,home,Avenida Sintetica 217,Ciudad Norte 1,Provincia Norte 1,Norte,true,2026-01-02T00:00:00Z
SRC-A-0218,A0218,C0218,billing,Avenida Sintetica 218,Ciudad Norte 2,Provincia Norte 2,Norte,true,2026-01-02T00:00:00Z
SRC-A-0219,A0219,C0219,work,Avenida Sintetica 219,Ciudad Norte 3,Provincia Norte 3,Norte,true,2026-01-02T00:00:00Z
SRC-A-0220,A0220,C0220,home,Avenida Sintetica 220,Ciudad Centro 1,Provincia Centro 1,Centro,true,2026-01-02T00:00:00Z
SRC-A-0221,A0221,C0221,billing,Avenida Sintetica 221,Ciudad Centro 2,Provincia Centro 2,Centro,true,2026-01-02T00:00:00Z
SRC-A-0222,A0222,C0222,work,Avenida Sintetica 222,Ciudad Centro 3,Provincia Centro 3,Centro,true,2026-01-02T00:00:00Z
SRC-A-0223,A0223,C0223,home,Avenida Sintetica 223,Ciudad Sur 1,Provincia Sur 1,Sur,true,2026-01-02T00:00:00Z
SRC-A-0224,A0224,C0224,billing,Avenida Sintetica 224,Ciudad Sur 2,Provincia Sur 2,Sur,true,2026-01-02T00:00:00Z
SRC-A-0225,A0225,C0225,work,Avenida Sintetica 225,Ciudad Sur 3,Provincia Sur 3,Sur,true,2026-01-02T00:00:00Z
SRC-A-0226,A0226,C0226,home,Avenida Sintetica 226,Ciudad Costa 1,Provincia Costa 1,Costa,true,2026-01-02T00:00:00Z
SRC-A-0227,A0227,C0227,billing,Avenida Sintetica 227,Ciudad Costa 2,Provincia Costa 2,Costa,true,2026-01-02T00:00:00Z
SRC-A-0228,A0228,C0228,work,Avenida Sintetica 228,Ciudad Costa 3,Provincia Costa 3,Costa,true,2026-01-02T00:00:00Z
SRC-A-0229,A0229,C0229,home,Avenida Sintetica 229,Ciudad Norte 1,Provincia Norte 1,Norte,true,2026-01-02T00:00:00Z
SRC-A-0230,A0230,C0230,billing,Avenida Sintetica 230,Ciudad Norte 2,Provincia Norte 2,Norte,true,2026-01-02T00:00:00Z
SRC-A-0231,A0231,C0231,work,Avenida Sintetica 231,Ciudad Norte 3,Provincia Norte 3,Norte,true,2026-01-02T00:00:00Z
SRC-A-0232,A0232,C0232,home,Avenida Sintetica 232,Ciudad Centro 1,Provincia Centro 1,Centro,true,2026-01-02T00:00:00Z
SRC-A-0233,A0233,C0233,billing,Avenida Sintetica 233,Ciudad Centro 2,Provincia Centro 2,Centro,true,2026-01-02T00:00:00Z
SRC-A-0234,A0234,C0234,work,Avenida Sintetica 234,Ciudad Centro 3,Provincia Centro 3,Centro,true,2026-01-02T00:00:00Z
SRC-A-0235,A0235,C0235,home,Avenida Sintetica 235,Ciudad Sur 1,Provincia Sur 1,Sur,true,2026-01-02T00:00:00Z
SRC-A-0236,A0236,C0236,billing,Avenida Sintetica 236,Ciudad Sur 2,Provincia Sur 2,Sur,true,2026-01-02T00:00:00Z
SRC-A-0237,A0237,C0237,work,Avenida Sintetica 237,Ciudad Sur 3,Provincia Sur 3,Sur,true,2026-01-02T00:00:00Z
SRC-A-0238,A0238,C0238,home,Avenida Sintetica 238,Ciudad Costa 1,Provincia Costa 1,Costa,true,2026-01-02T00:00:00Z
SRC-A-0239,A0239,C0239,billing,Avenida Sintetica 239,Ciudad Costa 2,Provincia Costa 2,Costa,true,2026-01-02T00:00:00Z
SRC-A-0240,A0240,C0240,work,Avenida Sintetica 240,Ciudad Costa 3,Provincia Costa 3,Costa,true,2026-01-02T00:00:00Z
SRC-A-0241,A0241,C0241,home,Avenida Sintetica 241,Ciudad Norte 1,Provincia Norte 1,Norte,true,2026-01-02T00:00:00Z
SRC-A-0242,A0242,C0242,billing,Avenida Sintetica 242,Ciudad Norte 2,Provincia Norte 2,Norte,true,2026-01-02T00:00:00Z
SRC-A-0243,A0243,C0243,work,Avenida Sintetica 243,Ciudad Norte 3,Provincia Norte 3,Norte,true,2026-01-02T00:00:00Z
SRC-A-0244,A0244,C0244,home,Avenida Sintetica 244,Ciudad Centro 1,Provincia Centro 1,Centro,true,2026-01-02T00:00:00Z
SRC-A-0245,A0245,C0245,billing,Avenida Sintetica 245,Ciudad Centro 2,Provincia Centro 2,Centro,true,2026-01-02T00:00:00Z
SRC-A-0246,A0246,C0246,work,Avenida Sintetica 246,Ciudad Centro 3,Provincia Centro 3,Centro,true,2026-01-02T00:00:00Z
SRC-A-0247,A0247,C0247,home,Avenida Sintetica 247,Ciudad Sur 1,Provincia Sur 1,Sur,true,2026-01-02T00:00:00Z
SRC-A-0248,A0248,C0248,billing,Avenida Sintetica 248,Ciudad Sur 2,Provincia Sur 2,Sur,true,2026-01-02T00:00:00Z
SRC-A-0249,A0249,C0249,work,Avenida Sintetica 249,Ciudad Sur 3,Provincia Sur 3,Sur,true,2026-01-02T00:00:00Z
SRC-A-0250,A0250,C0250,home,Avenida Sintetica 250,Ciudad Costa 1,Provincia Costa 1,Costa,true,2026-01-02T00:00:00Z
SRC-A-0251,A0251,C0251,billing,Avenida Sintetica 251,Ciudad Costa 2,Provincia Costa 2,Costa,true,2026-01-02T00:00:00Z
SRC-A-0252,A0252,C0252,work,Avenida Sintetica 252,Ciudad Costa 3,Provincia Costa 3,Costa,true,2026-01-02T00:00:00Z
SRC-A-0253,A0253,C0253,home,Avenida Sintetica 253,Ciudad Norte 1,Provincia Norte 1,Norte,true,2026-01-02T00:00:00Z
SRC-A-0254,A0254,C0254,billing,Avenida Sintetica 254,Ciudad Norte 2,Provincia Norte 2,Norte,true,2026-01-02T00:00:00Z
SRC-A-0255,A0255,C0255,work,Avenida Sintetica 255,Ciudad Norte 3,Provincia Norte 3,Norte,true,2026-01-02T00:00:00Z
SRC-A-0256,A0256,C0256,home,Avenida Sintetica 256,Ciudad Centro 1,Provincia Centro 1,Centro,true,2026-01-02T00:00:00Z
SRC-A-0257,A0257,C0257,billing,Avenida Sintetica 257,Ciudad Centro 2,Provincia Centro 2,Centro,true,2026-01-02T00:00:00Z
SRC-A-0258,A0258,C0258,work,Avenida Sintetica 258,Ciudad Centro 3,Provincia Centro 3,Centro,true,2026-01-02T00:00:00Z
SRC-A-0259,A0259,C0259,home,Avenida Sintetica 259,Ciudad Sur 1,Provincia Sur 1,Sur,true,2026-01-02T00:00:00Z
SRC-A-0260,A0260,C0260,billing,Avenida Sintetica 260,Ciudad Sur 2,Provincia Sur 2,Sur,true,2026-01-02T00:00:00Z
SRC-A-0261,A0261,C0261,work,Avenida Sintetica 261,Ciudad Sur 3,Provincia Sur 3,Sur,true,2026-01-02T00:00:00Z
SRC-A-0262,A0262,C0262,home,Avenida Sintetica 262,Ciudad Costa 1,Provincia Costa 1,Costa,true,2026-01-02T00:00:00Z
SRC-A-0263,A0263,C0263,billing,Avenida Sintetica 263,Ciudad Costa 2,Provincia Costa 2,Costa,true,2026-01-02T00:00:00Z
SRC-A-0264,A0264,C0264,work,Avenida Sintetica 264,Ciudad Costa 3,Provincia Costa 3,Costa,true,2026-01-02T00:00:00Z
SRC-A-0265,A0265,C0265,home,Avenida Sintetica 265,Ciudad Norte 1,Provincia Norte 1,Norte,true,2026-01-02T00:00:00Z
SRC-A-0266,A0266,C0266,billing,Avenida Sintetica 266,Ciudad Norte 2,Provincia Norte 2,Norte,true,2026-01-02T00:00:00Z
SRC-A-0267,A0267,C0267,work,Avenida Sintetica 267,Ciudad Norte 3,Provincia Norte 3,Norte,true,2026-01-02T00:00:00Z
SRC-A-0268,A0268,C0268,home,Avenida Sintetica 268,Ciudad Centro 1,Provincia Centro 1,Centro,true,2026-01-02T00:00:00Z
SRC-A-0269,A0269,C0269,billing,Avenida Sintetica 269,Ciudad Centro 2,Provincia Centro 2,Centro,true,2026-01-02T00:00:00Z
SRC-A-0270,A0270,C0270,work,Avenida Sintetica 270,Ciudad Centro 3,Provincia Centro 3,Centro,true,2026-01-02T00:00:00Z
SRC-A-0271,A0271,C0271,home,Avenida Sintetica 271,Ciudad Sur 1,Provincia Sur 1,Sur,true,2026-01-02T00:00:00Z
SRC-A-0272,A0272,C0272,billing,Avenida Sintetica 272,Ciudad Sur 2,Provincia Sur 2,Sur,true,2026-01-02T00:00:00Z
SRC-A-0273,A0273,C0273,work,Avenida Sintetica 273,Ciudad Sur 3,Provincia Sur 3,Sur,true,2026-01-02T00:00:00Z
SRC-A-0274,A0274,C0274,home,Avenida Sintetica 274,Ciudad Costa 1,Provincia Costa 1,Costa,true,2026-01-02T00:00:00Z
SRC-A-0275,A0275,C0275,billing,Avenida Sintetica 275,Ciudad Costa 2,Provincia Costa 2,Costa,true,2026-01-02T00:00:00Z
SRC-A-0276,A0276,C0276,work,Avenida Sintetica 276,Ciudad Costa 3,Provincia Costa 3,Costa,true,2026-01-02T00:00:00Z
SRC-A-0277,A0277,C0277,home,Avenida Sintetica 277,Ciudad Norte 1,Provincia Norte 1,Norte,true,2026-01-02T00:00:00Z
SRC-A-0278,A0278,C0278,billing,Avenida Sintetica 278,Ciudad Norte 2,Provincia Norte 2,Norte,true,2026-01-02T00:00:00Z
SRC-A-0279,A0279,C0279,work,Avenida Sintetica 279,Ciudad Norte 3,Provincia Norte 3,Norte,true,2026-01-02T00:00:00Z
SRC-A-0280,A0280,C0280,home,Avenida Sintetica 280,Ciudad Centro 1,Provincia Centro 1,Centro,true,2026-01-02T00:00:00Z
SRC-A-0281,A0281,C0281,billing,Avenida Sintetica 281,Ciudad Centro 2,Provincia Centro 2,Centro,true,2026-01-02T00:00:00Z
SRC-A-0282,A0282,C0282,work,Avenida Sintetica 282,Ciudad Centro 3,Provincia Centro 3,Centro,true,2026-01-02T00:00:00Z
SRC-A-0283,A0283,C0283,home,Avenida Sintetica 283,Ciudad Sur 1,Provincia Sur 1,Sur,true,2026-01-02T00:00:00Z
SRC-A-0284,A0284,C0284,billing,Avenida Sintetica 284,Ciudad Sur 2,Provincia Sur 2,Sur,true,2026-01-02T00:00:00Z
SRC-A-0285,A0285,C0285,work,Avenida Sintetica 285,Ciudad Sur 3,Provincia Sur 3,Sur,true,2026-01-02T00:00:00Z
SRC-A-0286,A0286,C0286,home,Avenida Sintetica 286,Ciudad Costa 1,Provincia Costa 1,Costa,true,2026-01-02T00:00:00Z
SRC-A-0287,A0287,C0287,billing,Avenida Sintetica 287,Ciudad Costa 2,Provincia Costa 2,Costa,true,2026-01-02T00:00:00Z
SRC-A-0288,A0288,C0288,work,Avenida Sintetica 288,Ciudad Costa 3,Provincia Costa 3,Costa,true,2026-01-02T00:00:00Z
SRC-A-0289,A0289,C0289,home,Avenida Sintetica 289,Ciudad Norte 1,Provincia Norte 1,Norte,true,2026-01-02T00:00:00Z
SRC-A-0290,A0290,C0290,billing,Avenida Sintetica 290,Ciudad Norte 2,Provincia Norte 2,Norte,true,2026-01-02T00:00:00Z
SRC-A-0291,A0291,C0291,work,Avenida Sintetica 291,Ciudad Norte 3,Provincia Norte 3,Norte,true,2026-01-02T00:00:00Z
SRC-A-0292,A0292,C0292,home,Avenida Sintetica 292,Ciudad Centro 1,Provincia Centro 1,Centro,true,2026-01-02T00:00:00Z
SRC-A-0293,A0293,C0293,billing,Avenida Sintetica 293,Ciudad Centro 2,Provincia Centro 2,Centro,true,2026-01-02T00:00:00Z
SRC-A-0294,A0294,C0294,work,Avenida Sintetica 294,Ciudad Centro 3,Provincia Centro 3,Centro,true,2026-01-02T00:00:00Z
SRC-A-0295,A0295,C0295,home,Avenida Sintetica 295,Ciudad Sur 1,Provincia Sur 1,Sur,true,2026-01-02T00:00:00Z
SRC-A-0296,A0296,C0296,billing,Avenida Sintetica 296,Ciudad Sur 2,Provincia Sur 2,Sur,true,2026-01-02T00:00:00Z
SRC-A-0297,A0297,C0297,work,Avenida Sintetica 297,Ciudad Sur 3,Provincia Sur 3,Sur,true,2026-01-02T00:00:00Z
SRC-A-0298,A0298,C0298,home,Avenida Sintetica 298,Ciudad Costa 1,Provincia Costa 1,Costa,true,2026-01-02T00:00:00Z
SRC-A-0299,A0299,C0299,billing,Avenida Sintetica 299,Ciudad Costa 2,Provincia Costa 2,Costa,true,2026-01-02T00:00:00Z
SRC-A-0300,A0300,C0300,work,Avenida Sintetica 300,Ciudad Costa 3,Provincia Costa 3,Costa,true,2026-01-02T00:00:00Z
SRC-A-0301,A0301,C0301,home,Avenida Sintetica 301,Ciudad Norte 1,Provincia Norte 1,Norte,true,2026-01-02T00:00:00Z
SRC-A-0302,A0302,C0302,billing,Avenida Sintetica 302,Ciudad Norte 2,Provincia Norte 2,Norte,true,2026-01-02T00:00:00Z
SRC-A-0303,A0303,C0303,work,Avenida Sintetica 303,Ciudad Norte 3,Provincia Norte 3,Norte,true,2026-01-02T00:00:00Z
SRC-A-0304,A0304,C0304,home,Avenida Sintetica 304,Ciudad Centro 1,Provincia Centro 1,Centro,true,2026-01-02T00:00:00Z
SRC-A-0305,A0305,C0305,billing,Avenida Sintetica 305,Ciudad Centro 2,Provincia Centro 2,Centro,true,2026-01-02T00:00:00Z
SRC-A-0306,A0306,C0306,work,Avenida Sintetica 306,Ciudad Centro 3,Provincia Centro 3,Centro,true,2026-01-02T00:00:00Z
SRC-A-0307,A0307,C0307,home,Avenida Sintetica 307,Ciudad Sur 1,Provincia Sur 1,Sur,true,2026-01-02T00:00:00Z
SRC-A-0308,A0308,C0308,billing,Avenida Sintetica 308,Ciudad Sur 2,Provincia Sur 2,Sur,true,2026-01-02T00:00:00Z
SRC-A-0309,A0309,C0309,work,Avenida Sintetica 309,Ciudad Sur 3,Provincia Sur 3,Sur,true,2026-01-02T00:00:00Z
SRC-A-0310,A0310,C0310,home,Avenida Sintetica 310,Ciudad Costa 1,Provincia Costa 1,Costa,true,2026-01-02T00:00:00Z
SRC-A-0311,A0311,C0311,billing,Avenida Sintetica 311,Ciudad Costa 2,Provincia Costa 2,Costa,true,2026-01-02T00:00:00Z
SRC-A-0312,A0312,C0312,work,Avenida Sintetica 312,Ciudad Costa 3,Provincia Costa 3,Costa,true,2026-01-02T00:00:00Z
SRC-A-0313,A0313,C0313,home,Avenida Sintetica 313,Ciudad Norte 1,Provincia Norte 1,Norte,true,2026-01-02T00:00:00Z
SRC-A-0314,A0314,C0314,billing,Avenida Sintetica 314,Ciudad Norte 2,Provincia Norte 2,Norte,true,2026-01-02T00:00:00Z
SRC-A-0315,A0315,C0315,work,Avenida Sintetica 315,Ciudad Norte 3,Provincia Norte 3,Norte,true,2026-01-02T00:00:00Z
SRC-A-0316,A0316,C0316,home,Avenida Sintetica 316,Ciudad Centro 1,Provincia Centro 1,Centro,true,2026-01-02T00:00:00Z
SRC-A-0317,A0317,C0317,billing,Avenida Sintetica 317,Ciudad Centro 2,Provincia Centro 2,Centro,true,2026-01-02T00:00:00Z
SRC-A-0318,A0318,C0318,work,Avenida Sintetica 318,Ciudad Centro 3,Provincia Centro 3,Centro,true,2026-01-02T00:00:00Z
SRC-A-0319,A0319,C0319,home,Avenida Sintetica 319,Ciudad Sur 1,Provincia Sur 1,Sur,true,2026-01-02T00:00:00Z
SRC-A-0320,A0320,C0320,billing,Avenida Sintetica 320,Ciudad Sur 2,Provincia Sur 2,Sur,true,2026-01-02T00:00:00Z
SRC-A-0321,A0321,C0321,work,Avenida Sintetica 321,Ciudad Sur 3,Provincia Sur 3,Sur,true,2026-01-02T00:00:00Z
SRC-A-0322,A0322,C0322,home,Avenida Sintetica 322,Ciudad Costa 1,Provincia Costa 1,Costa,true,2026-01-02T00:00:00Z
SRC-A-0323,A0323,C0323,billing,Avenida Sintetica 323,Ciudad Costa 2,Provincia Costa 2,Costa,true,2026-01-02T00:00:00Z
SRC-A-0324,A0324,C0324,work,Avenida Sintetica 324,Ciudad Costa 3,Provincia Costa 3,Costa,true,2026-01-02T00:00:00Z
SRC-A-0325,A0325,C0325,home,Avenida Sintetica 325,Ciudad Norte 1,Provincia Norte 1,Norte,true,2026-01-02T00:00:00Z
SRC-A-0326,A0326,C0326,billing,Avenida Sintetica 326,Ciudad Norte 2,Provincia Norte 2,Norte,true,2026-01-02T00:00:00Z
SRC-A-0327,A0327,C0327,work,Avenida Sintetica 327,Ciudad Norte 3,Provincia Norte 3,Norte,true,2026-01-02T00:00:00Z
SRC-A-0328,A0328,C0328,home,Avenida Sintetica 328,Ciudad Centro 1,Provincia Centro 1,Centro,true,2026-01-02T00:00:00Z
SRC-A-0329,A0329,C0329,billing,Avenida Sintetica 329,Ciudad Centro 2,Provincia Centro 2,Centro,true,2026-01-02T00:00:00Z
SRC-A-0330,A0330,C0330,work,Avenida Sintetica 330,Ciudad Centro 3,Provincia Centro 3,Centro,true,2026-01-02T00:00:00Z
SRC-A-0331,A0331,C0331,home,Avenida Sintetica 331,Ciudad Sur 1,Provincia Sur 1,Sur,true,2026-01-02T00:00:00Z
SRC-A-0332,A0332,C0332,billing,Avenida Sintetica 332,Ciudad Sur 2,Provincia Sur 2,Sur,true,2026-01-02T00:00:00Z
SRC-A-0333,A0333,C0333,work,Avenida Sintetica 333,Ciudad Sur 3,Provincia Sur 3,Sur,true,2026-01-02T00:00:00Z
SRC-A-0334,A0334,C0334,home,Avenida Sintetica 334,Ciudad Costa 1,Provincia Costa 1,Costa,true,2026-01-02T00:00:00Z
SRC-A-0335,A0335,C0335,billing,Avenida Sintetica 335,Ciudad Costa 2,Provincia Costa 2,Costa,true,2026-01-02T00:00:00Z
SRC-A-0336,A0336,C0336,work,Avenida Sintetica 336,Ciudad Costa 3,Provincia Costa 3,Costa,true,2026-01-02T00:00:00Z
SRC-A-0337,A0337,C0337,home,Avenida Sintetica 337,Ciudad Norte 1,Provincia Norte 1,Norte,true,2026-01-02T00:00:00Z
SRC-A-0338,A0338,C0338,billing,Avenida Sintetica 338,Ciudad Norte 2,Provincia Norte 2,Norte,true,2026-01-02T00:00:00Z
SRC-A-0339,A0339,C0339,work,Avenida Sintetica 339,Ciudad Norte 3,Provincia Norte 3,Norte,true,2026-01-02T00:00:00Z
SRC-A-0340,A0340,C0340,home,Avenida Sintetica 340,Ciudad Centro 1,Provincia Centro 1,Centro,true,2026-01-02T00:00:00Z
SRC-A-0341,A0341,C0341,billing,Avenida Sintetica 341,Ciudad Centro 2,Provincia Centro 2,Centro,true,2026-01-02T00:00:00Z
SRC-A-0342,A0342,C0342,work,Avenida Sintetica 342,Ciudad Centro 3,Provincia Centro 3,Centro,true,2026-01-02T00:00:00Z
SRC-A-0343,A0343,C0343,home,Avenida Sintetica 343,Ciudad Sur 1,Provincia Sur 1,Sur,true,2026-01-02T00:00:00Z
SRC-A-0344,A0344,C0344,billing,Avenida Sintetica 344,Ciudad Sur 2,Provincia Sur 2,Sur,true,2026-01-02T00:00:00Z
SRC-A-0345,A0345,C0345,work,Avenida Sintetica 345,Ciudad Sur 3,Provincia Sur 3,Sur,true,2026-01-02T00:00:00Z
SRC-A-0346,A0346,C0346,home,Avenida Sintetica 346,Ciudad Costa 1,Provincia Costa 1,Costa,true,2026-01-02T00:00:00Z
SRC-A-0347,A0347,C0347,billing,Avenida Sintetica 347,Ciudad Costa 2,Provincia Costa 2,Costa,true,2026-01-02T00:00:00Z
SRC-A-0348,A0348,C0348,work,Avenida Sintetica 348,Ciudad Costa 3,Provincia Costa 3,Costa,true,2026-01-02T00:00:00Z
SRC-A-0349,A0349,C0349,home,Avenida Sintetica 349,Ciudad Norte 1,Provincia Norte 1,Norte,true,2026-01-02T00:00:00Z
SRC-A-0350,A0350,C0350,billing,Avenida Sintetica 350,Ciudad Norte 2,Provincia Norte 2,Norte,true,2026-01-02T00:00:00Z
SRC-A-0351,A0351,C0351,work,Avenida Sintetica 351,Ciudad Norte 3,Provincia Norte 3,Norte,true,2026-01-02T00:00:00Z
SRC-A-0352,A0352,C0352,home,Avenida Sintetica 352,Ciudad Centro 1,Provincia Centro 1,Centro,true,2026-01-02T00:00:00Z
SRC-A-0353,A0353,C0353,billing,Avenida Sintetica 353,Ciudad Centro 2,Provincia Centro 2,Centro,true,2026-01-02T00:00:00Z
SRC-A-0354,A0354,C0354,work,Avenida Sintetica 354,Ciudad Centro 3,Provincia Centro 3,Centro,true,2026-01-02T00:00:00Z
SRC-A-0355,A0355,C0355,home,Avenida Sintetica 355,Ciudad Sur 1,Provincia Sur 1,Sur,true,2026-01-02T00:00:00Z
SRC-A-0356,A0356,C0356,billing,Avenida Sintetica 356,Ciudad Sur 2,Provincia Sur 2,Sur,true,2026-01-02T00:00:00Z
SRC-A-0357,A0357,C0357,work,Avenida Sintetica 357,Ciudad Sur 3,Provincia Sur 3,Sur,true,2026-01-02T00:00:00Z
SRC-A-0358,A0358,C0358,home,Avenida Sintetica 358,Ciudad Costa 1,Provincia Costa 1,Costa,true,2026-01-02T00:00:00Z
SRC-A-0359,A0359,C0359,billing,Avenida Sintetica 359,Ciudad Costa 2,Provincia Costa 2,Costa,true,2026-01-02T00:00:00Z
SRC-A-0360,A0360,C0360,work,Avenida Sintetica 360,Ciudad Costa 3,Provincia Costa 3,Costa,true,2026-01-02T00:00:00Z
SRC-A-0361,A0361,C0361,home,Avenida Sintetica 361,Ciudad Norte 1,Provincia Norte 1,Norte,true,2026-01-02T00:00:00Z
SRC-A-0362,A0362,C0362,billing,Avenida Sintetica 362,Ciudad Norte 2,Provincia Norte 2,Norte,true,2026-01-02T00:00:00Z
SRC-A-0363,A0363,C0363,work,Avenida Sintetica 363,Ciudad Norte 3,Provincia Norte 3,Norte,true,2026-01-02T00:00:00Z
SRC-A-0364,A0364,C0364,home,Avenida Sintetica 364,Ciudad Centro 1,Provincia Centro 1,Centro,true,2026-01-02T00:00:00Z
SRC-A-0365,A0365,C0365,billing,Avenida Sintetica 365,Ciudad Centro 2,Provincia Centro 2,Centro,true,2026-01-02T00:00:00Z
SRC-A-0366,A0366,C0366,work,Avenida Sintetica 366,Ciudad Centro 3,Provincia Centro 3,Centro,true,2026-01-02T00:00:00Z
SRC-A-0367,A0367,C0367,home,Avenida Sintetica 367,Ciudad Sur 1,Provincia Sur 1,Sur,true,2026-01-02T00:00:00Z
SRC-A-0368,A0368,C0368,billing,Avenida Sintetica 368,Ciudad Sur 2,Provincia Sur 2,Sur,true,2026-01-02T00:00:00Z
SRC-A-0369,A0369,C0369,work,Avenida Sintetica 369,Ciudad Sur 3,Provincia Sur 3,Sur,true,2026-01-02T00:00:00Z
SRC-A-0370,A0370,C0370,home,Avenida Sintetica 370,Ciudad Costa 1,Provincia Costa 1,Costa,true,2026-01-02T00:00:00Z
SRC-A-0371,A0371,C0371,billing,Avenida Sintetica 371,Ciudad Costa 2,Provincia Costa 2,Costa,true,2026-01-02T00:00:00Z
SRC-A-0372,A0372,C0372,work,Avenida Sintetica 372,Ciudad Costa 3,Provincia Costa 3,Costa,true,2026-01-02T00:00:00Z
SRC-A-0373,A0373,C0373,home,Avenida Sintetica 373,Ciudad Norte 1,Provincia Norte 1,Norte,true,2026-01-02T00:00:00Z
SRC-A-0374,A0374,C0374,billing,Avenida Sintetica 374,Ciudad Norte 2,Provincia Norte 2,Norte,true,2026-01-02T00:00:00Z
SRC-A-0375,A0375,C0375,work,Avenida Sintetica 375,Ciudad Norte 3,Provincia Norte 3,Norte,true,2026-01-02T00:00:00Z
SRC-A-0376,A0376,C0376,home,Avenida Sintetica 376,Ciudad Centro 1,Provincia Centro 1,Centro,true,2026-01-02T00:00:00Z
SRC-A-0377,A0377,C0377,billing,Avenida Sintetica 377,Ciudad Centro 2,Provincia Centro 2,Centro,true,2026-01-02T00:00:00Z
SRC-A-0378,A0378,C0378,work,Avenida Sintetica 378,Ciudad Centro 3,Provincia Centro 3,Centro,true,2026-01-02T00:00:00Z
SRC-A-0379,A0379,C0379,home,Avenida Sintetica 379,Ciudad Sur 1,Provincia Sur 1,Sur,true,2026-01-02T00:00:00Z
SRC-A-0380,A0380,C0380,billing,Avenida Sintetica 380,Ciudad Sur 2,Provincia Sur 2,Sur,true,2026-01-02T00:00:00Z
SRC-A-0381,A0381,C0381,work,Avenida Sintetica 381,Ciudad Sur 3,Provincia Sur 3,Sur,true,2026-01-02T00:00:00Z
SRC-A-0382,A0382,C0382,home,Avenida Sintetica 382,Ciudad Costa 1,Provincia Costa 1,Costa,true,2026-01-02T00:00:00Z
SRC-A-0383,A0383,C0383,billing,Avenida Sintetica 383,Ciudad Costa 2,Provincia Costa 2,Costa,true,2026-01-02T00:00:00Z
SRC-A-0384,A0384,C0384,work,Avenida Sintetica 384,Ciudad Costa 3,Provincia Costa 3,Costa,true,2026-01-02T00:00:00Z
SRC-A-0385,A0385,C0385,home,Avenida Sintetica 385,Ciudad Norte 1,Provincia Norte 1,Norte,true,2026-01-02T00:00:00Z
SRC-A-0386,A0386,C0386,billing,Avenida Sintetica 386,Ciudad Norte 2,Provincia Norte 2,Norte,true,2026-01-02T00:00:00Z
SRC-A-0387,A0387,C0387,work,Avenida Sintetica 387,Ciudad Norte 3,Provincia Norte 3,Norte,true,2026-01-02T00:00:00Z
SRC-A-0388,A0388,C0388,home,Avenida Sintetica 388,Ciudad Centro 1,Provincia Centro 1,Centro,true,2026-01-02T00:00:00Z
SRC-A-0389,A0389,C0389,billing,Avenida Sintetica 389,Ciudad Centro 2,Provincia Centro 2,Centro,true,2026-01-02T00:00:00Z
SRC-A-0390,A0390,C0390,work,Avenida Sintetica 390,Ciudad Centro 3,Provincia Centro 3,Centro,true,2026-01-02T00:00:00Z
SRC-A-0391,A0391,C0391,home,Avenida Sintetica 391,Ciudad Sur 1,Provincia Sur 1,Sur,true,2026-01-02T00:00:00Z
SRC-A-0392,A0392,C0392,billing,Avenida Sintetica 392,Ciudad Sur 2,Provincia Sur 2,Sur,true,2026-01-02T00:00:00Z
SRC-A-0393,A0393,C0393,work,Avenida Sintetica 393,Ciudad Sur 3,Provincia Sur 3,Sur,true,2026-01-02T00:00:00Z
SRC-A-0394,A0394,C0394,home,Avenida Sintetica 394,Ciudad Costa 1,Provincia Costa 1,Costa,true,2026-01-02T00:00:00Z
SRC-A-0395,A0395,C0395,billing,Avenida Sintetica 395,Ciudad Costa 2,Provincia Costa 2,Costa,true,2026-01-02T00:00:00Z
SRC-A-0396,A0396,C0396,work,Avenida Sintetica 396,Ciudad Costa 3,Provincia Costa 3,Costa,true,2026-01-02T00:00:00Z
SRC-A-0397,A0397,C0397,home,Avenida Sintetica 397,Ciudad Norte 1,Provincia Norte 1,Norte,true,2026-01-02T00:00:00Z
SRC-A-0398,A0398,C0398,billing,Avenida Sintetica 398,Ciudad Norte 2,Provincia Norte 2,Norte,true,2026-01-02T00:00:00Z
SRC-A-0399,A0399,C0399,work,Avenida Sintetica 399,Ciudad Norte 3,Provincia Norte 3,Norte,true,2026-01-02T00:00:00Z
SRC-A-0400,A0400,C0400,home,Avenida Sintetica 400,Ciudad Centro 1,Provincia Centro 1,Centro,true,2026-01-02T00:00:00Z
SRC-A-0401,A0401,C0401,billing,Avenida Sintetica 401,Ciudad Centro 2,Provincia Centro 2,Centro,true,2026-01-02T00:00:00Z
SRC-A-0402,A0402,C0402,work,Avenida Sintetica 402,Ciudad Centro 3,Provincia Centro 3,Centro,true,2026-01-02T00:00:00Z
SRC-A-0403,A0403,C0403,home,Avenida Sintetica 403,Ciudad Sur 1,Provincia Sur 1,Sur,true,2026-01-02T00:00:00Z
SRC-A-0404,A0404,C0404,billing,Avenida Sintetica 404,Ciudad Sur 2,Provincia Sur 2,Sur,true,2026-01-02T00:00:00Z
SRC-A-0405,A0405,C0405,work,Avenida Sintetica 405,Ciudad Sur 3,Provincia Sur 3,Sur,true,2026-01-02T00:00:00Z
SRC-A-0406,A0406,C0406,home,Avenida Sintetica 406,Ciudad Costa 1,Provincia Costa 1,Costa,true,2026-01-02T00:00:00Z
SRC-A-0407,A0407,C0407,billing,Avenida Sintetica 407,Ciudad Costa 2,Provincia Costa 2,Costa,true,2026-01-02T00:00:00Z
SRC-A-0408,A0408,C0408,work,Avenida Sintetica 408,Ciudad Costa 3,Provincia Costa 3,Costa,true,2026-01-02T00:00:00Z
SRC-A-0409,A0409,C0409,home,Avenida Sintetica 409,Ciudad Norte 1,Provincia Norte 1,Norte,true,2026-01-02T00:00:00Z
SRC-A-0410,A0410,C0410,billing,Avenida Sintetica 410,Ciudad Norte 2,Provincia Norte 2,Norte,true,2026-01-02T00:00:00Z
SRC-A-0411,A0411,C0411,work,Avenida Sintetica 411,Ciudad Norte 3,Provincia Norte 3,Norte,true,2026-01-02T00:00:00Z
SRC-A-0412,A0412,C0412,home,Avenida Sintetica 412,Ciudad Centro 1,Provincia Centro 1,Centro,true,2026-01-02T00:00:00Z
SRC-A-0413,A0413,C0413,billing,Avenida Sintetica 413,Ciudad Centro 2,Provincia Centro 2,Centro,true,2026-01-02T00:00:00Z
SRC-A-0414,A0414,C0414,work,Avenida Sintetica 414,Ciudad Centro 3,Provincia Centro 3,Centro,true,2026-01-02T00:00:00Z
SRC-A-0415,A0415,C0415,home,Avenida Sintetica 415,Ciudad Sur 1,Provincia Sur 1,Sur,true,2026-01-02T00:00:00Z
SRC-A-0416,A0416,C0416,billing,Avenida Sintetica 416,Ciudad Sur 2,Provincia Sur 2,Sur,true,2026-01-02T00:00:00Z
SRC-A-0417,A0417,C0417,work,Avenida Sintetica 417,Ciudad Sur 3,Provincia Sur 3,Sur,true,2026-01-02T00:00:00Z
SRC-A-0418,A0418,C0418,home,Avenida Sintetica 418,Ciudad Costa 1,Provincia Costa 1,Costa,true,2026-01-02T00:00:00Z
SRC-A-0419,A0419,C0419,billing,Avenida Sintetica 419,Ciudad Costa 2,Provincia Costa 2,Costa,true,2026-01-02T00:00:00Z
SRC-A-0420,A0420,C0420,work,Avenida Sintetica 420,Ciudad Costa 3,Provincia Costa 3,Costa,true,2026-01-02T00:00:00Z
SRC-A-0421,A0421,C0421,home,Avenida Sintetica 421,Ciudad Norte 1,Provincia Norte 1,Norte,true,2026-01-02T00:00:00Z
SRC-A-0422,A0422,C0422,billing,Avenida Sintetica 422,Ciudad Norte 2,Provincia Norte 2,Norte,true,2026-01-02T00:00:00Z
SRC-A-0423,A0423,C0423,work,Avenida Sintetica 423,Ciudad Norte 3,Provincia Norte 3,Norte,true,2026-01-02T00:00:00Z
SRC-A-0424,A0424,C0424,home,Avenida Sintetica 424,Ciudad Centro 1,Provincia Centro 1,Centro,true,2026-01-02T00:00:00Z
SRC-A-0425,A0425,C0425,billing,Avenida Sintetica 425,Ciudad Centro 2,Provincia Centro 2,Centro,true,2026-01-02T00:00:00Z
SRC-A-0426,A0426,C0426,work,Avenida Sintetica 426,Ciudad Centro 3,Provincia Centro 3,Centro,true,2026-01-02T00:00:00Z
SRC-A-0427,A0427,C0427,home,Avenida Sintetica 427,Ciudad Sur 1,Provincia Sur 1,Sur,true,2026-01-02T00:00:00Z
SRC-A-0428,A0428,C0428,billing,Avenida Sintetica 428,Ciudad Sur 2,Provincia Sur 2,Sur,true,2026-01-02T00:00:00Z
SRC-A-0429,A0429,C0429,work,Avenida Sintetica 429,Ciudad Sur 3,Provincia Sur 3,Sur,true,2026-01-02T00:00:00Z
SRC-A-0430,A0430,C0430,home,Avenida Sintetica 430,Ciudad Costa 1,Provincia Costa 1,Costa,true,2026-01-02T00:00:00Z
SRC-A-0431,A0431,C0431,billing,Avenida Sintetica 431,Ciudad Costa 2,Provincia Costa 2,Costa,true,2026-01-02T00:00:00Z
SRC-A-0432,A0432,C0432,work,Avenida Sintetica 432,Ciudad Costa 3,Provincia Costa 3,Costa,true,2026-01-02T00:00:00Z
SRC-A-0433,A0433,C0433,home,Avenida Sintetica 433,Ciudad Norte 1,Provincia Norte 1,Norte,true,2026-01-02T00:00:00Z
SRC-A-0434,A0434,C0434,billing,Avenida Sintetica 434,Ciudad Norte 2,Provincia Norte 2,Norte,true,2026-01-02T00:00:00Z
SRC-A-0435,A0435,C0435,work,Avenida Sintetica 435,Ciudad Norte 3,Provincia Norte 3,Norte,true,2026-01-02T00:00:00Z
SRC-A-0436,A0436,C0436,home,Avenida Sintetica 436,Ciudad Centro 1,Provincia Centro 1,Centro,true,2026-01-02T00:00:00Z
SRC-A-0437,A0437,C0437,billing,Avenida Sintetica 437,Ciudad Centro 2,Provincia Centro 2,Centro,true,2026-01-02T00:00:00Z
SRC-A-0438,A0438,C0438,work,Avenida Sintetica 438,Ciudad Centro 3,Provincia Centro 3,Centro,true,2026-01-02T00:00:00Z
SRC-A-0439,A0439,C0439,home,Avenida Sintetica 439,Ciudad Sur 1,Provincia Sur 1,Sur,true,2026-01-02T00:00:00Z
SRC-A-0440,A0440,C0440,billing,Avenida Sintetica 440,Ciudad Sur 2,Provincia Sur 2,Sur,true,2026-01-02T00:00:00Z
SRC-A-0441,A0441,C0441,work,Avenida Sintetica 441,Ciudad Sur 3,Provincia Sur 3,Sur,true,2026-01-02T00:00:00Z
SRC-A-0442,A0442,C0442,home,Avenida Sintetica 442,Ciudad Costa 1,Provincia Costa 1,Costa,true,2026-01-02T00:00:00Z
SRC-A-0443,A0443,C0443,billing,Avenida Sintetica 443,Ciudad Costa 2,Provincia Costa 2,Costa,true,2026-01-02T00:00:00Z
SRC-A-0444,A0444,C0444,work,Avenida Sintetica 444,Ciudad Costa 3,Provincia Costa 3,Costa,true,2026-01-02T00:00:00Z
SRC-A-0445,A0445,C0445,home,Avenida Sintetica 445,Ciudad Norte 1,Provincia Norte 1,Norte,true,2026-01-02T00:00:00Z
SRC-A-0446,A0446,C0446,billing,Avenida Sintetica 446,Ciudad Norte 2,Provincia Norte 2,Norte,true,2026-01-02T00:00:00Z
SRC-A-0447,A0447,C0447,work,Avenida Sintetica 447,Ciudad Norte 3,Provincia Norte 3,Norte,true,2026-01-02T00:00:00Z
SRC-A-0448,A0448,C0448,home,Avenida Sintetica 448,Ciudad Centro 1,Provincia Centro 1,Centro,true,2026-01-02T00:00:00Z
SRC-A-0449,A0449,C0449,billing,Avenida Sintetica 449,Ciudad Centro 2,Provincia Centro 2,Centro,true,2026-01-02T00:00:00Z
SRC-A-0450,A0450,C0450,work,Avenida Sintetica 450,Ciudad Centro 3,Provincia Centro 3,Centro,true,2026-01-02T00:00:00Z
SRC-A-0451,A0451,C0451,home,Avenida Sintetica 451,Ciudad Sur 1,Provincia Sur 1,Sur,true,2026-01-02T00:00:00Z
SRC-A-0452,A0452,C0452,billing,Avenida Sintetica 452,Ciudad Sur 2,Provincia Sur 2,Sur,true,2026-01-02T00:00:00Z
SRC-A-0453,A0453,C0453,work,Avenida Sintetica 453,Ciudad Sur 3,Provincia Sur 3,Sur,true,2026-01-02T00:00:00Z
SRC-A-0454,A0454,C0454,home,Avenida Sintetica 454,Ciudad Costa 1,Provincia Costa 1,Costa,true,2026-01-02T00:00:00Z
SRC-A-0455,A0455,C0455,billing,Avenida Sintetica 455,Ciudad Costa 2,Provincia Costa 2,Costa,true,2026-01-02T00:00:00Z
SRC-A-0456,A0456,C0456,work,Avenida Sintetica 456,Ciudad Costa 3,Provincia Costa 3,Costa,true,2026-01-02T00:00:00Z
SRC-A-0457,A0457,C0457,home,Avenida Sintetica 457,Ciudad Norte 1,Provincia Norte 1,Norte,true,2026-01-02T00:00:00Z
SRC-A-0458,A0458,C0458,billing,Avenida Sintetica 458,Ciudad Norte 2,Provincia Norte 2,Norte,true,2026-01-02T00:00:00Z
SRC-A-0459,A0459,C0459,work,Avenida Sintetica 459,Ciudad Norte 3,Provincia Norte 3,Norte,true,2026-01-02T00:00:00Z
SRC-A-0460,A0460,C0460,home,Avenida Sintetica 460,Ciudad Centro 1,Provincia Centro 1,Centro,true,2026-01-02T00:00:00Z
SRC-A-0461,A0461,C0461,billing,Avenida Sintetica 461,Ciudad Centro 2,Provincia Centro 2,Centro,true,2026-01-02T00:00:00Z
SRC-A-0462,A0462,C0462,work,Avenida Sintetica 462,Ciudad Centro 3,Provincia Centro 3,Centro,true,2026-01-02T00:00:00Z
SRC-A-0463,A0463,C0463,home,Avenida Sintetica 463,Ciudad Sur 1,Provincia Sur 1,Sur,true,2026-01-02T00:00:00Z
SRC-A-0464,A0464,C0464,billing,Avenida Sintetica 464,Ciudad Sur 2,Provincia Sur 2,Sur,true,2026-01-02T00:00:00Z
SRC-A-0465,A0465,C0465,work,Avenida Sintetica 465,Ciudad Sur 3,Provincia Sur 3,Sur,true,2026-01-02T00:00:00Z
SRC-A-0466,A0466,C0466,home,Avenida Sintetica 466,Ciudad Costa 1,Provincia Costa 1,Costa,true,2026-01-02T00:00:00Z
SRC-A-0467,A0467,C0467,billing,Avenida Sintetica 467,Ciudad Costa 2,Provincia Costa 2,Costa,true,2026-01-02T00:00:00Z
SRC-A-0468,A0468,C0468,work,Avenida Sintetica 468,Ciudad Costa 3,Provincia Costa 3,Costa,true,2026-01-02T00:00:00Z
SRC-A-0469,A0469,C0469,home,Avenida Sintetica 469,Ciudad Norte 1,Provincia Norte 1,Norte,true,2026-01-02T00:00:00Z
SRC-A-0470,A0470,C0470,billing,Avenida Sintetica 470,Ciudad Norte 2,Provincia Norte 2,Norte,true,2026-01-02T00:00:00Z
SRC-A-0471,A0471,C0471,work,Avenida Sintetica 471,Ciudad Norte 3,Provincia Norte 3,Norte,true,2026-01-02T00:00:00Z
SRC-A-0472,A0472,C0472,home,Avenida Sintetica 472,Ciudad Centro 1,Provincia Centro 1,Centro,true,2026-01-02T00:00:00Z
SRC-A-0473,A0473,C0473,billing,Avenida Sintetica 473,Ciudad Centro 2,Provincia Centro 2,Centro,true,2026-01-02T00:00:00Z
SRC-A-0474,A0474,C0474,work,Avenida Sintetica 474,Ciudad Centro 3,Provincia Centro 3,Centro,true,2026-01-02T00:00:00Z
SRC-A-0475,A0475,C0475,home,Avenida Sintetica 475,Ciudad Sur 1,Provincia Sur 1,Sur,true,2026-01-02T00:00:00Z
SRC-A-0476,A0476,C0476,billing,Avenida Sintetica 476,Ciudad Sur 2,Provincia Sur 2,Sur,true,2026-01-02T00:00:00Z
SRC-A-0477,A0477,C0477,work,Avenida Sintetica 477,Ciudad Sur 3,Provincia Sur 3,Sur,true,2026-01-02T00:00:00Z
SRC-A-0478,A0478,C0478,home,Avenida Sintetica 478,Ciudad Costa 1,Provincia Costa 1,Costa,true,2026-01-02T00:00:00Z
SRC-A-0479,A0479,C0479,billing,Avenida Sintetica 479,Ciudad Costa 2,Provincia Costa 2,Costa,true,2026-01-02T00:00:00Z
SRC-A-0480,A0480,C0480,work,Avenida Sintetica 480,Ciudad Costa 3,Provincia Costa 3,Costa,true,2026-01-02T00:00:00Z
SRC-A-0481,A0481,C0481,home,Avenida Sintetica 481,Ciudad Norte 1,Provincia Norte 1,Norte,true,2026-01-02T00:00:00Z
SRC-A-0482,A0482,C0482,billing,Avenida Sintetica 482,Ciudad Norte 2,Provincia Norte 2,Norte,true,2026-01-02T00:00:00Z
SRC-A-0483,A0483,C0483,work,Avenida Sintetica 483,Ciudad Norte 3,Provincia Norte 3,Norte,true,2026-01-02T00:00:00Z
SRC-A-0484,A0484,C0484,home,Avenida Sintetica 484,Ciudad Centro 1,Provincia Centro 1,Centro,true,2026-01-02T00:00:00Z
SRC-A-0485,A0485,C0485,billing,Avenida Sintetica 485,Ciudad Centro 2,Provincia Centro 2,Centro,true,2026-01-02T00:00:00Z
SRC-A-0486,A0486,C0486,work,Avenida Sintetica 486,Ciudad Centro 3,Provincia Centro 3,Centro,true,2026-01-02T00:00:00Z
SRC-A-0487,A0487,C0487,home,Avenida Sintetica 487,Ciudad Sur 1,Provincia Sur 1,Sur,true,2026-01-02T00:00:00Z
SRC-A-0488,A0488,C0488,billing,Avenida Sintetica 488,Ciudad Sur 2,Provincia Sur 2,Sur,true,2026-01-02T00:00:00Z
SRC-A-0489,A0489,C0489,work,Avenida Sintetica 489,Ciudad Sur 3,Provincia Sur 3,Sur,true,2026-01-02T00:00:00Z
SRC-A-0490,A0490,C0490,home,Avenida Sintetica 490,Ciudad Costa 1,Provincia Costa 1,Costa,true,2026-01-02T00:00:00Z
SRC-A-0491,A0491,C0491,billing,Avenida Sintetica 491,Ciudad Costa 2,Provincia Costa 2,Costa,true,2026-01-02T00:00:00Z
SRC-A-0492,A0492,C0492,work,Avenida Sintetica 492,Ciudad Costa 3,Provincia Costa 3,Costa,true,2026-01-02T00:00:00Z
SRC-A-0493,A0493,C0493,home,Avenida Sintetica 493,Ciudad Norte 1,Provincia Norte 1,Norte,true,2026-01-02T00:00:00Z
SRC-A-0494,A0494,C0001,billing,Avenida Sintetica 494,Ciudad Norte 2,Provincia Norte 2,Norte,false,2026-01-02T00:00:00Z
SRC-A-0495,A0495,C0002,work,Avenida Sintetica 495,Ciudad Norte 3,Provincia Norte 3,Norte,false,2026-01-02T00:00:00Z
SRC-A-0496,A0496,C0003,home,Avenida Sintetica 496,Ciudad Centro 1,Provincia Centro 1,Centro,false,2026-01-02T00:00:00Z
SRC-A-0497,A0497,C0004,billing,Avenida Sintetica 497,Ciudad Centro 2,Provincia Centro 2,Centro,false,2026-01-02T00:00:00Z
SRC-A-0498,A0498,C0005,work,Avenida Sintetica 498,Ciudad Centro 3,Provincia Centro 3,Centro,false,2026-01-02T00:00:00Z
SRC-A-0499,A0499,C0006,home,Avenida Sintetica 499,Ciudad Sur 1,Provincia Sur 1,Sur,false,2026-01-02T00:00:00Z
SRC-A-0500,A0500,C0007,billing,Avenida Sintetica 500,Ciudad Sur 2,Provincia Sur 2,Sur,false,2026-01-02T00:00:00Z
SRC-A-0501,A0501,C0008,work,Avenida Sintetica 501,Ciudad Sur 3,Provincia Sur 3,Sur,false,2026-01-02T00:00:00Z
SRC-A-0502,A0502,C0009,home,Avenida Sintetica 502,Ciudad Costa 1,Provincia Costa 1,Costa,false,2026-01-02T00:00:00Z
SRC-A-0503,A0503,C0010,billing,Avenida Sintetica 503,Ciudad Costa 2,Provincia Costa 2,Costa,false,2026-01-02T00:00:00Z
SRC-A-0504,A0504,C0011,work,Avenida Sintetica 504,Ciudad Costa 3,Provincia Costa 3,Costa,false,2026-01-02T00:00:00Z
SRC-A-0505,A0505,C0012,home,Avenida Sintetica 505,Ciudad Norte 1,Provincia Norte 1,Norte,false,2026-01-02T00:00:00Z
SRC-A-0506,A0506,C0013,billing,Avenida Sintetica 506,Ciudad Norte 2,Provincia Norte 2,Norte,false,2026-01-02T00:00:00Z
SRC-A-0507,A0507,C0014,work,Avenida Sintetica 507,Ciudad Norte 3,Provincia Norte 3,Norte,false,2026-01-02T00:00:00Z
SRC-A-0508,A0508,C0015,home,Avenida Sintetica 508,Ciudad Centro 1,Provincia Centro 1,Centro,false,2026-01-02T00:00:00Z
SRC-A-0509,A0509,C0016,billing,Avenida Sintetica 509,Ciudad Centro 2,Provincia Centro 2,Centro,false,2026-01-02T00:00:00Z
SRC-A-0510,A0510,C0017,work,Avenida Sintetica 510,Ciudad Centro 3,Provincia Centro 3,Centro,false,2026-01-02T00:00:00Z
SRC-A-0511,A0511,C0018,home,Avenida Sintetica 511,Ciudad Sur 1,Provincia Sur 1,Sur,false,2026-01-02T00:00:00Z
SRC-A-0512,A0512,C0019,billing,Avenida Sintetica 512,Ciudad Sur 2,Provincia Sur 2,Sur,false,2026-01-02T00:00:00Z
SRC-A-0513,A0513,C0020,work,Avenida Sintetica 513,Ciudad Sur 3,Provincia Sur 3,Sur,false,2026-01-02T00:00:00Z
SRC-A-0514,A0514,C0021,home,Avenida Sintetica 514,Ciudad Costa 1,Provincia Costa 1,Costa,false,2026-01-02T00:00:00Z
SRC-A-0515,A0515,C0022,billing,Avenida Sintetica 515,Ciudad Costa 2,Provincia Costa 2,Costa,false,2026-01-02T00:00:00Z
SRC-A-0516,A0516,C0023,work,Avenida Sintetica 516,Ciudad Costa 3,Provincia Costa 3,Costa,false,2026-01-02T00:00:00Z
SRC-A-0517,A0517,C0024,home,Avenida Sintetica 517,Ciudad Norte 1,Provincia Norte 1,Norte,false,2026-01-02T00:00:00Z
SRC-A-0518,A0518,C0025,billing,Avenida Sintetica 518,Ciudad Norte 2,Provincia Norte 2,Norte,false,2026-01-02T00:00:00Z
SRC-A-0519,A0519,C0026,work,Avenida Sintetica 519,Ciudad Norte 3,Provincia Norte 3,Norte,false,2026-01-02T00:00:00Z
SRC-A-0520,A0520,C0027,home,Avenida Sintetica 520,Ciudad Centro 1,Provincia Centro 1,Centro,false,2026-01-02T00:00:00Z
SRC-A-0521,A0521,C0028,billing,Avenida Sintetica 521,Ciudad Centro 2,Provincia Centro 2,Centro,false,2026-01-02T00:00:00Z
SRC-A-0522,A0522,C0029,work,Avenida Sintetica 522,Ciudad Centro 3,Provincia Centro 3,Centro,false,2026-01-02T00:00:00Z
SRC-A-0523,A0523,C0030,home,Avenida Sintetica 523,Ciudad Sur 1,Provincia Sur 1,Sur,false,2026-01-02T00:00:00Z
SRC-A-0524,A0524,C0031,billing,Avenida Sintetica 524,Ciudad Sur 2,Provincia Sur 2,Sur,false,2026-01-02T00:00:00Z
SRC-A-0525,A0525,C0032,work,Avenida Sintetica 525,Ciudad Sur 3,Provincia Sur 3,Sur,false,2026-01-02T00:00:00Z
SRC-A-0526,A0526,C0033,home,Avenida Sintetica 526,Ciudad Costa 1,Provincia Costa 1,Costa,false,2026-01-02T00:00:00Z
SRC-A-0527,A0527,C0034,billing,Avenida Sintetica 527,Ciudad Costa 2,Provincia Costa 2,Costa,false,2026-01-02T00:00:00Z
SRC-A-0528,A0528,C0035,work,Avenida Sintetica 528,Ciudad Costa 3,Provincia Costa 3,Costa,false,2026-01-02T00:00:00Z
SRC-A-0529,A0529,C0036,home,Avenida Sintetica 529,Ciudad Norte 1,Provincia Norte 1,Norte,false,2026-01-02T00:00:00Z
SRC-A-0530,A0530,C0037,billing,Avenida Sintetica 530,Ciudad Norte 2,Provincia Norte 2,Norte,false,2026-01-02T00:00:00Z
SRC-A-0531,A0531,C0038,work,Avenida Sintetica 531,Ciudad Norte 3,Provincia Norte 3,Norte,false,2026-01-02T00:00:00Z
SRC-A-0532,A0532,C0039,home,Avenida Sintetica 532,Ciudad Centro 1,Provincia Centro 1,Centro,false,2026-01-02T00:00:00Z
SRC-A-0533,A0533,C0040,billing,Avenida Sintetica 533,Ciudad Centro 2,Provincia Centro 2,Centro,false,2026-01-02T00:00:00Z
SRC-A-0534,A0534,C0041,work,Avenida Sintetica 534,Ciudad Centro 3,Provincia Centro 3,Centro,false,2026-01-02T00:00:00Z
SRC-A-0535,A0535,C0042,home,Avenida Sintetica 535,Ciudad Sur 1,Provincia Sur 1,Sur,false,2026-01-02T00:00:00Z
SRC-A-0536,A0536,C0043,billing,Avenida Sintetica 536,Ciudad Sur 2,Provincia Sur 2,Sur,false,2026-01-02T00:00:00Z
SRC-A-0537,A0537,C0044,work,Avenida Sintetica 537,Ciudad Sur 3,Provincia Sur 3,Sur,false,2026-01-02T00:00:00Z
SRC-A-0538,A0538,C0045,home,Avenida Sintetica 538,Ciudad Costa 1,Provincia Costa 1,Costa,false,2026-01-02T00:00:00Z
SRC-A-0539,A0539,C0046,billing,Avenida Sintetica 539,Ciudad Costa 2,Provincia Costa 2,Costa,false,2026-01-02T00:00:00Z
SRC-A-0540,A0540,C0047,work,Avenida Sintetica 540,Ciudad Costa 3,Provincia Costa 3,Costa,false,2026-01-02T00:00:00Z
SRC-A-0541,A0541,C0048,home,Avenida Sintetica 541,Ciudad Norte 1,Provincia Norte 1,Norte,false,2026-01-02T00:00:00Z
SRC-A-0542,A0542,C0049,billing,Avenida Sintetica 542,Ciudad Norte 2,Provincia Norte 2,Norte,false,2026-01-02T00:00:00Z
SRC-A-0543,A0543,C0050,work,Avenida Sintetica 543,Ciudad Norte 3,Provincia Norte 3,Norte,false,2026-01-02T00:00:00Z
SRC-A-0544,A0544,C0051,home,Avenida Sintetica 544,Ciudad Centro 1,Provincia Centro 1,Centro,false,2026-01-02T00:00:00Z
SRC-A-0545,A0545,C0052,billing,Avenida Sintetica 545,Ciudad Centro 2,Provincia Centro 2,Centro,false,2026-01-02T00:00:00Z
SRC-A-0546,A0546,C0053,work,Avenida Sintetica 546,Ciudad Centro 3,Provincia Centro 3,Centro,false,2026-01-02T00:00:00Z
SRC-A-0547,A0547,C0054,home,Avenida Sintetica 547,Ciudad Sur 1,Provincia Sur 1,Sur,false,2026-01-02T00:00:00Z
SRC-A-0548,A0548,C0055,billing,Avenida Sintetica 548,Ciudad Sur 2,Provincia Sur 2,Sur,false,2026-01-02T00:00:00Z
SRC-A-0549,A0549,C0056,work,Avenida Sintetica 549,Ciudad Sur 3,Provincia Sur 3,Sur,false,2026-01-02T00:00:00Z
SRC-A-0550,A0550,C0057,home,Avenida Sintetica 550,Ciudad Costa 1,Provincia Costa 1,Costa,false,2026-01-02T00:00:00Z
SRC-A-0551,A0551,C0058,billing,Avenida Sintetica 551,Ciudad Costa 2,Provincia Costa 2,Costa,false,2026-01-02T00:00:00Z
SRC-A-0552,A0552,C0059,work,Avenida Sintetica 552,Ciudad Costa 3,Provincia Costa 3,Costa,false,2026-01-02T00:00:00Z
SRC-A-0553,A0553,C0060,home,Avenida Sintetica 553,Ciudad Norte 1,Provincia Norte 1,Norte,false,2026-01-02T00:00:00Z
SRC-A-0554,A0554,C0061,billing,Avenida Sintetica 554,Ciudad Norte 2,Provincia Norte 2,Norte,false,2026-01-02T00:00:00Z
SRC-A-0555,A0555,C0062,work,Avenida Sintetica 555,Ciudad Norte 3,Provincia Norte 3,Norte,false,2026-01-02T00:00:00Z
SRC-A-0556,A0556,C0063,home,Avenida Sintetica 556,Ciudad Centro 1,Provincia Centro 1,Centro,false,2026-01-02T00:00:00Z
SRC-A-0557,A0557,C0064,billing,Avenida Sintetica 557,Ciudad Centro 2,Provincia Centro 2,Centro,false,2026-01-02T00:00:00Z
SRC-A-0558,A0558,C0065,work,Avenida Sintetica 558,Ciudad Centro 3,Provincia Centro 3,Centro,false,2026-01-02T00:00:00Z
SRC-A-0559,A0559,C0066,home,Avenida Sintetica 559,Ciudad Sur 1,Provincia Sur 1,Sur,false,2026-01-02T00:00:00Z
SRC-A-0560,A0560,C0067,billing,Avenida Sintetica 560,Ciudad Sur 2,Provincia Sur 2,Sur,false,2026-01-02T00:00:00Z
SRC-A-0561,A0561,C0068,work,Avenida Sintetica 561,Ciudad Sur 3,Provincia Sur 3,Sur,false,2026-01-02T00:00:00Z
SRC-A-0562,A0562,C0069,home,Avenida Sintetica 562,Ciudad Costa 1,Provincia Costa 1,Costa,false,2026-01-02T00:00:00Z
SRC-A-0563,A0563,C0070,billing,Avenida Sintetica 563,Ciudad Costa 2,Provincia Costa 2,Costa,false,2026-01-02T00:00:00Z
SRC-A-0564,A0564,C0071,work,Avenida Sintetica 564,Ciudad Costa 3,Provincia Costa 3,Costa,false,2026-01-02T00:00:00Z
SRC-A-0565,A0565,C0072,home,Avenida Sintetica 565,Ciudad Norte 1,Provincia Norte 1,Norte,false,2026-01-02T00:00:00Z
SRC-A-0566,A0566,C0073,billing,Avenida Sintetica 566,Ciudad Norte 2,Provincia Norte 2,Norte,false,2026-01-02T00:00:00Z
SRC-A-0567,A0567,C0074,work,Avenida Sintetica 567,Ciudad Norte 3,Provincia Norte 3,Norte,false,2026-01-02T00:00:00Z
SRC-A-0568,A0568,C0075,home,Avenida Sintetica 568,Ciudad Centro 1,Provincia Centro 1,Centro,false,2026-01-02T00:00:00Z
SRC-A-0569,A0569,C0076,billing,Avenida Sintetica 569,Ciudad Centro 2,Provincia Centro 2,Centro,false,2026-01-02T00:00:00Z
SRC-A-0570,A0570,C0077,work,Avenida Sintetica 570,Ciudad Centro 3,Provincia Centro 3,Centro,false,2026-01-02T00:00:00Z
SRC-A-0571,A0571,C0078,home,Avenida Sintetica 571,Ciudad Sur 1,Provincia Sur 1,Sur,false,2026-01-02T00:00:00Z
SRC-A-0572,A0572,C0079,billing,Avenida Sintetica 572,Ciudad Sur 2,Provincia Sur 2,Sur,false,2026-01-02T00:00:00Z
SRC-A-0573,A0573,C0080,work,Avenida Sintetica 573,Ciudad Sur 3,Provincia Sur 3,Sur,false,2026-01-02T00:00:00Z
SRC-A-0574,A0574,C0081,home,Avenida Sintetica 574,Ciudad Costa 1,Provincia Costa 1,Costa,false,2026-01-02T00:00:00Z
SRC-A-0575,A0575,C0082,billing,Avenida Sintetica 575,Ciudad Costa 2,Provincia Costa 2,Costa,false,2026-01-02T00:00:00Z
SRC-A-0576,A0576,C0083,work,Avenida Sintetica 576,Ciudad Costa 3,Provincia Costa 3,Costa,false,2026-01-02T00:00:00Z
SRC-A-0577,A0577,C0084,home,Avenida Sintetica 577,Ciudad Norte 1,Provincia Norte 1,Norte,false,2026-01-02T00:00:00Z
SRC-A-0578,A0578,C0085,billing,Avenida Sintetica 578,Ciudad Norte 2,Provincia Norte 2,Norte,false,2026-01-02T00:00:00Z
SRC-A-0579,A0579,C0086,work,Avenida Sintetica 579,Ciudad Norte 3,Provincia Norte 3,Norte,false,2026-01-02T00:00:00Z
SRC-A-0580,A0580,C0087,home,Avenida Sintetica 580,Ciudad Centro 1,Provincia Centro 1,Centro,false,2026-01-02T00:00:00Z
SRC-A-0581,A0581,C0088,billing,Avenida Sintetica 581,Ciudad Centro 2,Provincia Centro 2,Centro,false,2026-01-02T00:00:00Z
SRC-A-0582,A0582,C0089,work,Avenida Sintetica 582,Ciudad Centro 3,Provincia Centro 3,Centro,false,2026-01-02T00:00:00Z
SRC-A-0583,A0583,C0090,home,Avenida Sintetica 583,Ciudad Sur 1,Provincia Sur 1,Sur,false,2026-01-02T00:00:00Z
SRC-A-0584,A0584,C0091,billing,Avenida Sintetica 584,Ciudad Sur 2,Provincia Sur 2,Sur,false,2026-01-02T00:00:00Z
SRC-A-0585,A0585,C0092,work,Avenida Sintetica 585,Ciudad Sur 3,Provincia Sur 3,Sur,false,2026-01-02T00:00:00Z
SRC-A-0586,A0586,C0093,home,Avenida Sintetica 586,Ciudad Costa 1,Provincia Costa 1,Costa,false,2026-01-02T00:00:00Z
SRC-A-0587,A0587,C0094,billing,Avenida Sintetica 587,Ciudad Costa 2,Provincia Costa 2,Costa,false,2026-01-02T00:00:00Z
SRC-A-0588,A0588,C0095,work,Avenida Sintetica 588,Ciudad Costa 3,Provincia Costa 3,Costa,false,2026-01-02T00:00:00Z
SRC-A-0589,A0589,C0096,home,Avenida Sintetica 589,Ciudad Norte 1,Provincia Norte 1,Norte,false,2026-01-02T00:00:00Z
SRC-A-0590,A0590,C0097,billing,Avenida Sintetica 590,Ciudad Norte 2,Provincia Norte 2,Norte,false,2026-01-02T00:00:00Z
SRC-A-0591,A0591,C0098,work,Avenida Sintetica 591,Ciudad Norte 3,Provincia Norte 3,Norte,false,2026-01-02T00:00:00Z
SRC-A-0592,A0592,C0099,home,Avenida Sintetica 592,Ciudad Centro 1,Provincia Centro 1,Centro,false,2026-01-02T00:00:00Z
SRC-A-0593,A0593,C0100,billing,Avenida Sintetica 593,Ciudad Centro 2,Provincia Centro 2,Centro,false,2026-01-02T00:00:00Z
SRC-A-0594,A0594,C0101,work,Avenida Sintetica 594,Ciudad Centro 3,Provincia Centro 3,Centro,false,2026-01-02T00:00:00Z
SRC-A-0595,A0595,C0102,home,Avenida Sintetica 595,Ciudad Sur 1,Provincia Sur 1,Sur,false,2026-01-02T00:00:00Z
SRC-A-0596,A0596,C0103,billing,Avenida Sintetica 596,Ciudad Sur 2,Provincia Sur 2,Sur,false,2026-01-02T00:00:00Z
SRC-A-0597,A0597,C0104,work,Avenida Sintetica 597,Ciudad Sur 3,Provincia Sur 3,Sur,false,2026-01-02T00:00:00Z
SRC-A-0598,A0598,C0105,home,Avenida Sintetica 598,Ciudad Costa 1,Provincia Costa 1,Costa,false,2026-01-02T00:00:00Z
SRC-A-0599,A0599,C0106,billing,Avenida Sintetica 599,Ciudad Costa 2,Provincia Costa 2,Costa,false,2026-01-02T00:00:00Z
SRC-A-0600,A0600,C0107,work,Avenida Sintetica 600,Ciudad Costa 3,Provincia Costa 3,Costa,false,2026-01-02T00:00:00Z
SRC-A-0601,A0601,C0108,home,Avenida Sintetica 601,Ciudad Norte 1,Provincia Norte 1,Norte,false,2026-01-02T00:00:00Z
SRC-A-0602,A0602,C0109,billing,Avenida Sintetica 602,Ciudad Norte 2,Provincia Norte 2,Norte,false,2026-01-02T00:00:00Z
SRC-A-0603,A0603,C0110,work,Avenida Sintetica 603,Ciudad Norte 3,Provincia Norte 3,Norte,false,2026-01-02T00:00:00Z
SRC-A-0604,A0604,C0111,home,Avenida Sintetica 604,Ciudad Centro 1,Provincia Centro 1,Centro,false,2026-01-02T00:00:00Z
SRC-A-0605,A0605,C0112,billing,Avenida Sintetica 605,Ciudad Centro 2,Provincia Centro 2,Centro,false,2026-01-02T00:00:00Z
SRC-A-0606,A0606,C0113,work,Avenida Sintetica 606,Ciudad Centro 3,Provincia Centro 3,Centro,false,2026-01-02T00:00:00Z
SRC-A-0607,A0607,C0114,home,Avenida Sintetica 607,Ciudad Sur 1,Provincia Sur 1,Sur,false,2026-01-02T00:00:00Z
SRC-A-0608,A0608,C0115,billing,Avenida Sintetica 608,Ciudad Sur 2,Provincia Sur 2,Sur,false,2026-01-02T00:00:00Z
SRC-A-0609,A0609,C0116,work,Avenida Sintetica 609,Ciudad Sur 3,Provincia Sur 3,Sur,false,2026-01-02T00:00:00Z
SRC-A-0610,A0610,C0117,home,Avenida Sintetica 610,Ciudad Costa 1,Provincia Costa 1,Costa,false,2026-01-02T00:00:00Z
SRC-A-0611,A0611,C0118,billing,Avenida Sintetica 611,Ciudad Costa 2,Provincia Costa 2,Costa,false,2026-01-02T00:00:00Z
SRC-A-0612,A0612,C0119,work,Avenida Sintetica 612,Ciudad Costa 3,Provincia Costa 3,Costa,false,2026-01-02T00:00:00Z
SRC-A-0613,A0613,C0120,home,Avenida Sintetica 613,Ciudad Norte 1,Provincia Norte 1,Norte,false,2026-01-02T00:00:00Z
SRC-A-0614,A0614,C0121,billing,Avenida Sintetica 614,Ciudad Norte 2,Provincia Norte 2,Norte,false,2026-01-02T00:00:00Z
SRC-A-0615,A0615,C0122,work,Avenida Sintetica 615,Ciudad Norte 3,Provincia Norte 3,Norte,false,2026-01-02T00:00:00Z
SRC-A-0616,A0616,C0123,home,Avenida Sintetica 616,Ciudad Centro 1,Provincia Centro 1,Centro,false,2026-01-02T00:00:00Z
SRC-A-0617,A0617,C0124,billing,Avenida Sintetica 617,Ciudad Centro 2,Provincia Centro 2,Centro,false,2026-01-02T00:00:00Z
SRC-A-0618,A0618,C9999,home,Avenida Sintetica 618,Ciudad Centro 3,Provincia Centro 3,Centro,false,2026-01-02T00:00:00Z
SRC-A-0619,A0619,C9999,home,Avenida Sintetica 619,Ciudad Sur 1,Provincia Sur 1,Sur,false,2026-01-02T00:00:00Z
SRC-A-0620,A0620,C9999,home,Avenida Sintetica 620,Ciudad Sur 2,Provincia Sur 2,Sur,false,2026-01-02T00:00:00Z
