source_row_id,installation_id,service_id,address_id,technology,installed_at,updated_at
SRC-HI-0001,HI0001,HS0001,A0001,fiber,2025-01-15,2026-01-08T00:00:00Z
SRC-HI-0002,HI0002,HS0002,A0002,fixed-wireless,2025-01-15,2026-01-08T00:00:00Z
SRC-HI-0003,HI0003,HS0003,A0003,fiber,2025-01-15,2026-01-08T00:00:00Z
SRC-HI-0004,HI0004,HS0004,A0004,fixed-wireless,2025-01-15,2026-01-08T00:00:00Z
SRC-HI-0005,HI0005,HS0005,A0005,fiber,2025-01-15,2026-01-08T00:00:00Z
SRC-HI-0006,HI0006,HS0006,A0006,fixed-wireless,2025-01-15,2026-01-08T00:00:00Z
SRC-HI-0007,HI0007,HS0007,A0007,fiber,2025-01-15,2026-01-08T00:00:00Z
SRC-HI-0008,HI0008,HS0008,A0008,fixed-wireless,2025-01-15,2026-01-08T00:00:00Z
SRC-HI-0009,HI0009,HS0009,A0009,fiber,2025-01-15,2026-01-08T00:00:00Z
SRC-HI-0010,HI0010,HS0010,A0010,fixed-wireless,2025-01-15,2026-01-08T00:00:00Z
SRC-HI-0011,HI0011,HS0011,A0011,fiber,2025-01-15,2026-01-08T00:00:00Z
SRC-HI-0012,HI0012,HS0012,A0012,fixed-wireless,2025-01-15,2026-01-08T00:00:00Z
SRC-HI-0013,HI0013,HS0013,A0013,fiber,2025-01-15,2026-01-08T00:00:00Z
SRC-HI-0014,HI0014,HS0014,A0014,fixed-wireless,2025-01-15,2026-01-08T00:00:00Z
SRC-HI-0015,HI0015,HS0015,A0015,fiber,2025-01-15,2026-01-08T00:00:00Z
SRC-HI-0016,HI0016,HS0016,A0016,fixed-wireless,2025-01-15,2026-01-08T00:00:00Z
SRC-HI-0017,HI0017,HS0017,A0017,fiber,2025-01-15,2026-01-08T00:00:00Z
SRC-HI-0018,HI0018,HS0018,A0018,fixed-wireless,2025-01-15,2026-01-08T00:00:00Z
SRC-HI-0019,HI0019,HS0019,A0019,fiber,2025-01-15,2026-01-08T00:00:00Z
SRC-HI-0020,HI0020,HS0020,A0020,fixed-wireless,2025-01-15,2026-01-08T00:00:00Z
SRC-HI-0021,HI0021,HS0021,A0021,fiber,2025-01-15,2026-01-08T00:00:00Z
SRC-HI-0022,HI0022,HS0022,A0022,fixed-wireless,2025-01-15,2026-01-08T00:00:00Z
SRC-HI-0023,HI0023,HS0023,A0023,fiber,2025-01-15,2026-01-08T00:00:00Z
SRC-HI-0024,HI0024,HS0024,A0024,fixed-wireless,2025-01-15,2026-01-08T00:00:00Z
SRC-HI-0025,HI0025,HS0025,A0025,fiber,2025-01-15,2026-01-08T00:00:00Z
SRC-HI-0026,HI0026,HS0026,A0026,fixed-wireless,2025-01-15,2026-01-08T00:00:00Z
SRC-HI-0027,HI0027,HS0027,A0027,fiber,2025-01-15,2026-01-08T00:00:00Z
SRC-HI-0028,HI0028,HS0028,A0028,fixed-wireless,2025-01-15,2026-01-08T00:00:00Z
SRC-HI-0029,HI0029,HS0029,A0029,fiber,2025-01-15,2026-01-08T00:00:00Z
SRC-HI-0030,HI0030,HS0030,A0030,fixed-wireless,2025-01-15,2026-01-08T00:00:00Z
SRC-HI-0031,HI0031,HS0031,A0031,fiber,2025-01-15,2026-01-08T00:00:00Z
SRC-HI-0032,HI0032,HS0032,A0032,fixed-wireless,2025-01-15,2026-01-08T00:00:00Z
SRC-HI-0033,HI0033,HS0033,A0033,fiber,2025-01-15,2026-01-08T00:00:00Z
SRC-HI-0034,HI0034,HS0034,A0034,fixed-wireless,2025-01-15,2026-01-08T00:00:00Z
SRC-HI-0035,HI0035,HS0035,A0035,fiber,2025-01-15,2026-01-08T00:00:00Z
SRC-HI-0036,HI0036,HS0036,A0036,fixed-wireless,2025-01-15,2026-01-08T00:00:00Z
SRC-HI-0037,HI0037,HS0037,A0037,fiber,2025-01-15,2026-01-08T00:00:00Z
SRC-HI-0038,HI0038,HS0038,A0038,fixed-wireless,2025-01-15,2026-01-08T00:00:00Z
SRC-HI-0039,HI0039,HS0039,A0039,fiber,2025-01-15,2026-01-08T00:00:00Z
SRC-HI-0040,HI0040,HS0040,A0040,fixed-wireless,2025-01-15,2026-01-08T00:00:00Z
SRC-HI-0041,HI0041,HS0041,A0041,fiber,2025-01-15,2026-01-08T00:00:00Z
SRC-HI-0042,HI0042,HS0042,A0042,fixed-wireless,2025-01-15,2026-01-08T00:00:00Z
SRC-HI-0043,HI0043,HS0043,A0043,fiber,2025-01-15,2026-01-08T00:00:00Z
SRC-HI-0044,HI0044,HS0044,A0044,fixed-wireless,2025-01-15,2026-01-08T00:00:00Z
SRC-HI-0045,HI0045,HS0045,A0045,fiber,2025-01-15,2026-01-08T00:00:00Z
SRC-HI-0046,HI0046,HS0046,A0046,fixed-wireless,2025-01-15,2026-01-08T00:00:00Z
SRC-HI-0047,HI0047,HS0047,A0047,fiber,2025-01-15,2026-01-08T00:00:00Z
SRC-HI-0048,HI0048,HS0048,A0048,fixed-wireless,2025-01-15,2026-01-08T00:00:00Z
SRC-HI-0049,HI0049,HS0049,A0049,fiber,2025-01-15,2026-01-08T00:00:00Z
SRC-HI-0050,HI0050,HS0050,A0050,fixed-wireless,2025-01-15,2026-01-08T00:00:00Z
SRC-HI-0051,HI0051,HS0051,A0051,fiber,2025-01-15,2026-01-08T00:00:00Z
SRC-HI-0052,HI0052,HS0052,A0052,fixed-wireless,2025-01-15,2026-01-08T00:00:00Z
SRC-HI-0053,HI0053,HS0053,A0053,fiber,2025-01-15,2026-01-08T00:00:00Z
SRC-HI-0054,HI0054,HS0054,A0054,fixed-wireless,2025-01-15,2026-01-08T00:00:00Z
SRC-HI-0055,HI0055,HS0055,A0055,fiber,2025-01-15,2026-01-08T00:00:00Z
SRC-HI-0056,HI0056,HS0056,A0056,fixed-wireless,2025-01-15,2026-01-08T00:00:00Z
SRC-HI-0057,HI0057,HS0057,A0057,fiber,2025-01-15,2026-01-08T00:00:00Z
SRC-HI-0058,HI0058,HS0058,A0058,fixed-wireless,2025-01-15,2026-01-08T00:00:00Z
SRC-HI-0059,HI0059,HS0059,A0059,fiber,2025-01-15,2026-01-08T00:00:00Z
SRC-HI-0060,HI0060,HS0060,A0060,fixed-wireless,2025-01-15,2026-01-08T00:00:00Z
SRC-HI-0061,HI0061,HS0061,A0061,fiber,2025-01-15,2026-01-08T00:00:00Z
SRC-HI-0062,HI0062,HS0062,A0062,fixed-wireless,2025-01-15,2026-01-08T00:00:00Z
SRC-HI-0063,HI0063,HS0063,A0063,fiber,2025-01-15,2026-01-08T00:00:00Z
SRC-HI-0064,HI0064,HS0064,A0064,fixed-wireless,2025-01-15,2026-01-08T00:00:00Z
SRC-HI-0065,HI0065,HS0065,A0065,fiber,2025-01-15,2026-01-08T00:00:00Z
SRC-HI-0066,HI0066,HS0066,A0066,fixed-wireless,2025-01-15,2026-01-08T00:00:00Z
SRC-HI-0067,HI0067,HS0067,A0067,fiber,2025-01-15,2026-01-08T00:00:00Z
SRC-HI-0068,HI0068,HS0068,A0068,fixed-wireless,2025-01-15,2026-01-08T00:00:00Z
SRC-HI-0069,HI0069,HS0069,A0069,fiber,2025-01-15,2026-01-08T00:00:00Z
SRC-HI-0070,HI0070,HS0070,A0070,fixed-wireless,2025-01-15,2026-01-08T00:00:00Z
SRC-HI-0071,HI0071,HS0071,A0071,fiber,2025-01-15,2026-01-08T00:00:00Z
SRC-HI-0072,HI0072,HS0072,A0072,fixed-wireless,2025-01-15,2026-01-08T00:00:00Z
SRC-HI-0073,HI0073,HS0073,A0073,fiber,2025-01-15,2026-01-08T00:00:00Z
SRC-HI-0074,HI0074,HS0074,A0074,fixed-wireless,2025-01-15,2026-01-08T00:00:00Z
SRC-HI-0075,HI0075,HS0075,A0075,fiber,2025-01-15,2026-01-08T00:00:00Z
SRC-HI-0076,HI0076,HS0076,A0076,fixed-wireless,2025-01-15,2026-01-08T00:00:00Z
SRC-HI-0077,HI0077,HS0077,A0077,fiber,2025-01-15,2026-01-08T00:00:00Z
SRC-HI-0078,HI0078,HS0078,A0078,fixed-wireless,2025-01-15,2026-01-08T00:00:00Z
SRC-HI-0079,HI0079,HS0079,A0079,fiber,2025-01-15,2026-01-08T00:00:00Z
SRC-HI-0080,HI0080,HS0080,A0080,fixed-wireless,2025-01-15,2026-01-08T00:00:00Z
SRC-HI-0081,HI0081,HS0081,A0081,fiber,2025-01-15,2026-01-08T00:00:00Z
SRC-HI-0082,HI0082,HS0082,A0082,fixed-wireless,2025-01-15,2026-01-08T00:00:00Z
SRC-HI-0083,HI0083,HS0083,A0083,fiber,2025-01-15,2026-01-08T00:00:00Z
SRC-HI-0084,HI0084,HS0084,A0084,fixed-wireless,2025-01-15,2026-01-08T00:00:00Z
SRC-HI-0085,HI0085,HS0085,A0085,fiber,2025-01-15,2026-01-08T00:00:00Z
SRC-HI-0086,HI0086,HS0086,A0086,fixed-wireless,2025-01-15,2026-01-08T00:00:00Z
SRC-HI-0087,HI0087,HS0087,A0087,fiber,2025-01-15,2026-01-08T00:00:00Z
SRC-HI-0088,HI0088,HS0088,A0088,fixed-wireless,2025-01-15,2026-01-08T00:00:00Z
SRC-HI-0089,HI0089,HS0089,A0089,fiber,2025-01-15,2026-01-08T00:00:00Z
SRC-HI-0090,HI0090,HS0090,A0090,fixed-wireless,2025-01-15,2026-01-08T00:00:00Z
SRC-HI-0091,HI0091,HS0091,A0091,fiber,2025-01-15,2026-01-08T00:00:00Z
SRC-HI-0092,HI0092,HS0092,A0092,fixed-wireless,2025-01-15,2026-01-08T00:00:00Z
SRC-HI-0093,HI0093,HS0093,A0093,fiber,2025-01-15,2026-01-08T00:00:00Z
SRC-HI-0094,HI0094,HS0094,A0094,fixed-wireless,2025-01-15,2026-01-08T00:00:00Z
SRC-HI-0095,HI0095,HS0095,A0095,fiber,2025-01-15,2026-01-08T00:00:00Z
SRC-HI-0096,HI0096,HS0096,A0096,fixed-wireless,2025-01-15,2026-01-08T00:00:00Z
SRC-HI-0097,HI0097,HS0097,A0097,fiber,2025-01-15,2026-01-08T00:00:00Z
SRC-HI-0098,HI0098,HS0098,A0098,fixed-wireless,2025-01-15,2026-01-08T00:00:00Z
SRC-HI-0099,HI0099,HS0099,A0099,fiber,2025-01-15,2026-01-08T00:00:00Z
SRC-HI-0100,HI0100,HS0100,A0100,fixed-wireless,2025-01-15,2026-01-08T00:00:00Z
SRC-HI-0101,HI0101,HS0101,A0101,fiber,2025-01-15,2026-01-08T00:00:00Z
SRC-HI-0102,HI0102,HS0102,A0102,fixed-wireless,2025-01-15,2026-01-08T00:00:00Z
SRC-HI-0103,HI0103,HS0103,A0103,fiber,2025-01-15,2026-01-08T00:00:00Z
SRC-HI-0104,HI0104,HS0104,A0104,fixed-wireless,2025-01-15,2026-01-08T00:00:00Z
SRC-HI-0105,HI0105,HS0105,A0105,fiber,2025-01-15,2026-01-08T00:00:00Z
SRC-HI-0106,HI0106,HS0106,A0106,fixed-wireless,2025-01-15,2026-01-08T00:00:00Z
SRC-HI-0107,HI0107,HS0107,A0107,fiber,2025-01-15,2026-01-08T00:00:00Z
SRC-HI-0108,HI0108,HS0108,A0108,fixed-wireless,2025-01-15,2026-01-08T00:00:00Z
SRC-HI-0109,HI0109,HS0109,A0109,fiber,2025-01-15,2026-01-08T00:00:00Z
SRC-HI-0110,HI0110,HS0110,A0110,fixed-wireless,2025-01-15,2026-01-08T00:00:00Z
SRC-HI-0111,HI0111,HS0111,A0111,fiber,2025-01-15,2026-01-08T00:00:00Z
SRC-HI-0112,HI0112,HS0112,A0112,fixed-wireless,2025-01-15,2026-01-08T00:00:00Z
SRC-HI-0113,HI0113,HS0113,A0113,fiber,2025-01-15,2026-01-08T00:00:00Z
SRC-HI-0114,HI0114,HS0114,A0114,fixed-wireless,2025-01-15,2026-01-08T00:00:00Z
SRC-HI-0115,HI0115,HS0115,A0115,fiber,2025-01-15,2026-01-08T00:00:00Z
SRC-HI-0116,HI0116,HS0116,A0116,fixed-wireless,2025-01-15,2026-01-08T00:00:00Z
SRC-HI-0117,HI0117,HS0117,A0117,fiber,2025-01-15,2026-01-08T00:00:00Z
SRC-HI-0118,HI0118,HS0118,A0118,fixed-wireless,2025-01-15,2026-01-08T00:00:00Z
SRC-HI-0119,HI0119,HS0119,A0119,fiber,2025-01-15,2026-01-08T00:00:00Z
SRC-HI-0120,HI0120,HS0120,A0120,fixed-wireless,2025-01-15,2026-01-08T00:00:00Z
SRC-HI-0121,HI0121,HS0121,A0121,fiber,2025-01-15,2026-01-08T00:00:00Z
SRC-HI-0122,HI0122,HS0122,A0122,fixed-wireless,2025-01-15,2026-01-08T00:00:00Z
SRC-HI-0123,HI0123,HS0123,A0123,fiber,2025-01-15,2026-01-08T00:00:00Z
SRC-HI-0124,HI0124,HS0124,A0124,fixed-wireless,2025-01-15,2026-01-08T00:00:00Z
SRC-HI-0125,HI0125,HS0125,A0125,fiber,2025-01-15,2026-01-08T00:00:00Z
SRC-HI-0126,HI0126,HS0126,A0126,fixed-wireless,2025-01-15,2026-01-08T00:00:00Z
SRC-HI-0127,HI0127,HS0127,A0127,fiber,2025-01-15,2026-01-08T00:00:00Z
SRC-HI-0128,HI0128,HS0128,A0128,fixed-wireless,2025-01-15,2026-01-08T00:00:00Z
SRC-HI-0129,HI0129,HS0129,A0129,fiber,2025-01-15,2026-01-08T00:00:00Z
SRC-HI-0130,HI0130,HS0130,A0130,fixed-wireless,2025-01-15,2026-01-08T00:00:00Z
SRC-HI-0131,HI0131,HS0131,A0131,fiber,2025-01-15,2026-01-08T00:00:00Z
SRC-HI-0132,HI0132,HS0132,A0132,fixed-wireless,2025-01-15,2026-01-08T00:00:00Z
SRC-HI-0133,HI0133,HS0133,A0133,fiber,2025-01-15,2026-01-08T00:00:00Z
SRC-HI-0134,HI0134,HS0134,A0134,fixed-wireless,2025-01-15,2026-01-08T00:00:00Z
SRC-HI-0135,HI0135,HS0135,A0135,fiber,2025-01-15,2026-01-08T00:00:00Z
SRC-HI-0136,HI0136,HS0136,A0136,fixed-wireless,2025-01-15,2026-01-08T00:00:00Z
SRC-HI-0137,HI0137,HS0137,A0137,fiber,2025-01-15,2026-01-08T00:00:00Z
SRC-HI-0138,HI0138,HS0138,A0138,fixed-wireless,2025-01-15,2026-01-08T00:00:00Z
SRC-HI-0139,HI0139,HS0139,A0139,fiber,2025-01-15,2026-01-08T00:00:00Z
SRC-HI-0140,HI0140,HS0140,A0140,fixed-wireless,2025-01-15,2026-01-08T00:00:00Z
SRC-HI-0141,HI0141,HS0141,A0141,fiber,2025-01-15,2026-01-08T00:00:00Z
SRC-HI-0142,HI0142,HS0142,A0142,fixed-wireless,2025-01-15,2026-01-08T00:00:00Z
SRC-HI-0143,HI0143,HS0143,A0143,fiber,2025-01-15,2026-01-08T00:00:00Z
SRC-HI-0144,HI0144,HS0144,A0144,fixed-wireless,2025-01-15,2026-01-08T00:00:00Z
SRC-HI-0145,HI0145,HS0145,A0145,fiber,2025-01-15,2026-01-08T00:00:00Z
SRC-HI-0146,HI0146,HS0146,A0146,fixed-wireless,2025-01-15,2026-01-08T00:00:00Z
SRC-HI-0147,HI0147,HS0147,A0147,fiber,2025-01-15,2026-01-08T00:00:00Z
SRC-HI-0148,HI0148,HS0148,A0148,fixed-wireless,2025-01-15,2026-01-08T00:00:00Z
SRC-HI-0149,HI0149,HS0149,A0149,fiber,2025-01-15,2026-01-08T00:00:00Z
SRC-HI-0150,HI0150,HS0150,A0150,fixed-wireless,2025-01-15,2026-01-08T00:00:00Z
SRC-HI-0151,HI0151,HS0151,A0151,fiber,2025-01-15,2026-01-08T00:00:00Z
SRC-HI-0152,HI0152,HS0152,A0152,fixed-wireless,2025-01-15,2026-01-08T00:00:00Z
SRC-HI-0153,HI0153,HS0153,A0153,fiber,2025-01-15,2026-01-08T00:00:00Z
SRC-HI-0154,HI0154,HS0154,A0154,fixed-wireless,2025-01-15,2026-01-08T00:00:00Z
SRC-HI-0155,HI0155,HS0155,A0155,fiber,2025-01-15,2026-01-08T00:00:00Z
SRC-HI-0156,HI0156,HS0156,A0156,fixed-wireless,2025-01-15,2026-01-08T00:00:00Z
SRC-HI-0157,HI0157,HS0157,A0157,fiber,2025-01-15,2026-01-08T00:00:00Z
SRC-HI-0158,HI0158,HS0158,A0158,fixed-wireless,2025-01-15,2026-01-08T00:00:00Z
SRC-HI-0159,HI0159,HS0159,A0159,fiber,2025-01-15,2026-01-08T00:00:00Z
SRC-HI-0160,HI0160,HS0160,A0160,fixed-wireless,2025-01-15,2026-01-08T00:00:00Z
SRC-HI-0161,HI0161,HS0161,A0161,fiber,2025-01-15,2026-01-08T00:00:00Z
SRC-HI-0162,HI0162,HS0162,A0162,fixed-wireless,2025-01-15,2026-01-08T00:00:00Z
SRC-HI-0163,HI0163,HS0163,A0163,fiber,2025-01-15,2026-01-08T00:00:00Z
SRC-HI-0164,HI0164,HS0164,A0164,fixed-wireless,2025-01-15,2026-01-08T00:00:00Z
SRC-HI-0165,HI0165,HS0165,A0165,fiber,2025-01-15,2026-01-08T00:00:00Z
SRC-HI-0166,HI0166,HS0166,A0166,fixed-wireless,2025-01-15,2026-01-08T00:00:00Z
SRC-HI-0167,HI0167,HS0167,A0167,fiber,2025-01-15,2026-01-08T00:00:00Z
SRC-HI-0168,HI0168,HS0168,A0168,fixed-wireless,2025-01-15,2026-01-08T00:00:00Z
SRC-HI-0169,HI0169,HS0169,A0169,fiber,2025-01-15,2026-01-08T00:00:00Z
SRC-HI-0170,HI0170,HS0170,A0170,fixed-wireless,2025-01-15,2026-01-08T00:00:00Z
SRC-HI-0171,HI0171,HS0171,A0171,fiber,2025-01-15,2026-01-08T00:00:00Z
SRC-HI-0172,HI0172,HS0172,A0172,fixed-wireless,2025-01-15,2026-01-08T00:00:00Z
SRC-HI-0173,HI0173,HS0173,A0173,fiber,2025-01-15,2026-01-08T00:00:00Z
SRC-HI-0174,HI0174,HS0174,A0174,fixed-wireless,2025-01-15,2026-01-08T00:00:00Z
SRC-HI-0175,HI0175,HS0175,A0175,fiber,2025-01-15,2026-01-08T00:00:00Z
SRC-HI-0176,HI0176,HS0176,A0176,fixed-wireless,2025-01-15,2026-01-08T00:00:00Z
SRC-HI-0177,HI0177,HS0177,A0177,fiber,2025-01-15,2026-01-08T00:00:00Z
SRC-HI-0178,HI0178,HS0178,A0178,fixed-wireless,2025-01-15,2026-01-08T00:00:00Z
SRC-HI-0179,HI0179,HS0179,A0179,fiber,2025-01-15,2026-01-08T00:00:00Z
SRC-HI-0180,HI0180,HS0180,A0180,fixed-wireless,2025-01-15,2026-01-08T00:00:00Z
SRC-HI-0181,HI0181,HS0181,A0181,fiber,2025-01-15,2026-01-08T00:00:00Z
SRC-HI-0182,HI0182,HS0182,A0182,fixed-wireless,2025-01-15,2026-01-08T00:00:00Z
SRC-HI-0183,HI0183,HS0183,A0183,fiber,2025-01-15,2026-01-08T00:00:00Z
SRC-HI-0184,HI0184,HS0184,A0184,fixed-wireless,2025-01-15,2026-01-08T00:00:00Z
SRC-HI-0185,HI0185,HS0185,A0185,fiber,2025-01-15,2026-01-08T00:00:00Z
SRC-HI-0186,HI0186,HS0186,A0186,fixed-wireless,2025-01-15,2026-01-08T00:00:00Z
SRC-HI-0187,HI0187,HS0187,A0187,fiber,2025-01-15,2026-01-08T00:00:00Z
SRC-HI-0188,HI0188,HS0188,A0188,fixed-wireless,2025-01-15,2026-01-08T00:00:00Z
SRC-HI-0189,HI0189,HS0189,A0189,fiber,2025-01-15,2026-01-08T00:00:00Z
SRC-HI-0190,HI0190,HS0190,A0190,fixed-wireless,2025-01-15,2026-01-08T00:00:00Z
SRC-HI-0191,HI0191,HS0191,A0191,fiber,2025-01-15,2026-01-08T00:00:00Z
SRC-HI-0192,HI0192,HS0192,A0192,fixed-wireless,2025-01-15,2026-01-08T00:00:00Z
SRC-HI-0193,HI0193,HS0193,A0193,fiber,2025-01-15,2026-01-08T00:00:00Z
SRC-HI-0194,HI0194,HS0194,A0194,fixed-wireless,2025-01-15,2026-01-08T00:00:00Z
SRC-HI-0195,HI0195,HS0195,A0195,fiber,2025-01-15,2026-01-08T00:00:00Z
SRC-HI-0196,HI0196,HS0196,A0196,fixed-wireless,2025-01-15,2026-01-08T00:00:00Z
SRC-HI-0197,HI0197,HS0197,A0197,fiber,2025-01-15,2026-01-08T00:00:00Z
SRC-HI-0198,HI0198,HS0198,A0198,fixed-wireless,2025-01-15,2026-01-08T00:00:00Z
SRC-HI-0199,HI0199,HS0199,A0199,fiber,2025-01-15,2026-01-08T00:00:00Z
SRC-HI-0200,HI0200,HS0200,A0200,fixed-wireless,2025-01-15,2026-01-08T00:00:00Z
SRC-HI-0201,HI0201,HS0201,A0201,fiber,2025-01-15,2026-01-08T00:00:00Z
SRC-HI-0202,HI0202,HS0202,A0202,fixed-wireless,2025-01-15,2026-01-08T00:00:00Z
SRC-HI-0203,HI0203,HS0203,A0203,fiber,2025-01-15,2026-01-08T00:00:00Z
SRC-HI-0204,HI0204,HS0204,A0204,fixed-wireless,2025-01-15,2026-01-08T00:00:00Z
SRC-HI-0205,HI0205,HS0205,A0205,fiber,2025-01-15,2026-01-08T00:00:00Z
SRC-HI-0206,HI0206,HS0206,A0206,fixed-wireless,2025-01-15,2026-01-08T00:00:00Z
SRC-HI-0207,HI0207,HS0207,A0207,fiber,2025-01-15,2026-01-08T00:00:00Z
SRC-HI-0208,HI0208,HS0208,A0208,fixed-wireless,2025-01-15,2026-01-08T00:00:00Z
SRC-HI-0209,HI0209,HS0209,A0209,fiber,2025-01-15,2026-01-08T00:00:00Z
SRC-HI-0210,HI0210,HS0210,A0210,fixed-wireless,2025-01-15,2026-01-08T00:00:00Z
SRC-HI-0211,HI0211,HS0211,A0211,fiber,2025-01-15,2026-01-08T00:00:00Z
SRC-HI-0212,HI0212,HS0212,A0212,fixed-wireless,2025-01-15,2026-01-08T00:00:00Z
SRC-HI-0213,HI0213,HS0213,A0213,fiber,2025-01-15,2026-01-08T00:00:00Z
SRC-HI-0214,HI0214,HS0214,A0214,fixed-wireless,2025-01-15,2026-01-08T00:00:00Z
SRC-HI-0215,HI0215,HS0215,A0215,fiber,2025-01-15,2026-01-08T00:00:00Z
SRC-HI-0216,HI0216,HS0216,A0216,fixed-wireless,2025-01-15,2026-01-08T00:00:00Z
SRC-HI-0217,HI0217,HS0217,A0217,fiber,2025-01-15,2026-01-08T00:00:00Z
SRC-HI-0218,HI0218,HS0218,A9999,fiber,2025-01-15,2026-01-08T00:00:00Z
SRC-HI-0219,HI0219,HS9999,A0001,fiber,2025-01-15,2026-01-08T00:00:00Z
SRC-HI-0220,HI0001,HS0001,A0001,fiber,2025-01-15,2026-02-08T00:00:00Z
