source_row_id,service_id,customer_id,product_id,service_number,activation_date,status,updated_at
SRC-HS-0001,HS0001,C0001,HOME01,HOG000001,2023-01-10,active,2026-01-07T00:00:00Z
SRC-HS-0002,HS0002,C0002,HOME02,HOG000002,2023-02-10,active,2026-01-07T00:00:00Z
SRC-HS-0003,HS0003,C0003,HOME03,HOG000003,2023-03-10,active,2026-01-07T00:00:00Z
SRC-HS-0004,HS0004,C0004,HOME04,HOG000004,2023-04-10,active,2026-01-07T00:00:00Z
SRC-HS-0005,HS0005,C0005,HOME05,HOG000005,2023-05-10,active,2026-01-07T00:00:00Z
SRC-HS-0006,HS0006,C0006,HOME01,HOG000006,2023-06-10,active,2026-01-07T00:00:00Z
SRC-HS-0007,HS0007,C0007,HOME02,HOG000007,2023-07-10,active,2026-01-07T00:00:00Z
SRC-HS-0008,HS0008,C0008,HOME03,HOG000008,2023-08-10,active,2026-01-07T00:00:00Z
SRC-HS-0009,HS0009,C0009,HOME04,HOG000009,2023-09-10,active,2026-01-07T00:00:00Z
SRC-HS-0010,HS0010,C0010,HOME05,HOG000010,2023-10-10,active,2026-01-07T00:00:00Z
SRC-HS-0011,HS0011,C0011,HOME01,HOG000011,2023-11-10,active,2026-01-07T00:00:00Z
SRC-HS-0012,HS0012,C0012,HOME02,HOG000012,2023-12-10,active,2026-01-07T00:00:00Z
SRC-HS-0013,HS0013,C0013,HOME03,HOG000013,2023-01-10,active,2026-01-07T00:00:00Z
SRC-HS-0014,HS0014,C0014,HOME04,HOG000014,2023-02-10,active,2026-01-07T00:00:00Z
SRC-HS-0015,HS0015,C0015,HOME05,HOG000015,2023-03-10,active,2026-01-07T00:00:00Z
SRC-HS-0016,HS0016,C0016,HOME01,HOG000016,2023-04-10,active,2026-01-07T00:00:00Z
SRC-HS-0017,HS0017,C0017,HOME02,HOG000017,2023-05-10,active,2026-01-07T00:00:00Z
SRC-HS-0018,HS0018,C0018,HOME03,HOG000018,2023-06-10,active,2026-01-07T00:00:00Z
SRC-HS-0019,HS0019,C0019,HOME04,HOG000019,2023-07-10,active,2026-01-07T00:00:00Z
SRC-HS-0020,HS0020,C0020,HOME05,HOG000020,2023-08-10,active,2026-01-07T00:00:00Z
SRC-HS-0021,HS0021,C0021,HOME01,HOG000021,2023-09-10,active,2026-01-07T00:00:00Z
SRC-HS-0022,HS0022,C0022,HOME02,HOG000022,2023-10-10,active,2026-01-07T00:00:00Z
SRC-HS-0023,HS0023,C0023,HOME03,HOG000023,2023-11-10,active,2026-01-07T00:00:00Z
SRC-HS-0024,HS0024,C0024,HOME04,HOG000024,2023-12-10,active,2026-01-07T00:00:00Z
SRC-HS-0025,HS0025,C0025,HOME05,HOG000025,2023-01-10,active,2026-01-07T00:00:00Z
SRC-HS-0026,HS0026,C0026,HOME01,HOG000026,2023-02-10,active,2026-01-07T00:00:00Z
SRC-HS-0027,HS0027,C0027,HOME02,HOG000027,2023-03-10,active,2026-01-07T00:00:00Z
SRC-HS-0028,HS0028,C0028,HOME03,HOG000028,2023-04-10,active,2026-01-07T00:00:00Z
SRC-HS-0029,HS0029,C0029,HOME04,HOG000029,2023-05-10,active,2026-01-07T00:00:00Z
SRC-HS-0030,HS0030,C0030,HOME05,HOG000030,2023-06-10,active,2026-01-07T00:00:00Z
SRC-HS-0031,HS0031,C0031,HOME01,HOG000031,2023-07-10,active,2026-01-07T00:00:00Z
SRC-HS-0032,HS0032,C0032,HOME02,HOG000032,2023-08-10,active,2026-01-07T00:00:00Z
SRC-HS-0033,HS0033,C0033,HOME03,HOG000033,2023-09-10,active,2026-01-07T00:00:00Z
SRC-HS-0034,HS0034,C0034,HOME04,HOG000034,2023-10-10,active,2026-01-07T00:00:00Z
SRC-HS-0035,HS0035,C0035,HOME05,HOG000035,2023-11-10,active,2026-01-07T00:00:00Z
SRC-HS-0036,HS0036,C0036,HOME01,HOG000036,2023-12-10,active,2026-01-07T00:00:00Z
SRC-HS-0037,HS0037,C0037,HOME02,HOG000037,2023-01-10,active,2026-01-07T00:00:00Z
SRC-HS-0038,HS0038,C0038,HOME03,HOG000038,2023-02-10,active,2026-01-07T00:00:00Z
SRC-HS-0039,HS0039,C0039,HOME04,HOG000039,2023-03-10,active,2026-01-07T00:00:00Z
SRC-HS-0040,HS0040,C0040,HOME05,HOG000040,2023-04-10,active,2026-01-07T00:00:00Z
SRC-HS-0041,HS0041,C0041,HOME01,HOG000041,2023-05-10,active,2026-01-07T00:00:00Z
SRC-HS-0042,HS0042,C0042,HOME02,HOG000042,2023-06-10,active,2026-01-07T00:00:00Z
SRC-HS-0043,HS0043,C0043,HOME03,HOG000043,2023-07-10,active,2026-01-07T00:00:00Z
SRC-HS-0044,HS0044,C0044,HOME04,HOG000044,2023-08-10,active,2026-01-07T00:00:00Z
SRC-HS-0045,HS0045,C0045,HOME05,HOG000045,2023-09-10,active,2026-01-07T00:00:00Z
SRC-HS-0046,HS0046,C0046,HOME01,HOG000046,2023-10-10,active,2026-01-07T00:00:00Z
SRC-HS-0047,HS0047,C0047,HOME02,HOG000047,2023-11-10,active,2026-01-07T00:00:00Z
SRC-HS-0048,HS0048,C0048,HOME03,HOG000048,2023-12-10,active,2026-01-07T00:00:00Z
SRC-HS-0049,HS0049,C0049,HOME04,HOG000049,2023-01-10,active,2026-01-07T00:00:00Z
SRC-HS-0050,HS0050,C0050,HOME05,HOG000050,2023-02-10,active,2026-01-07T00:00:00Z
SRC-HS-0051,HS0051,C0051,HOME01,HOG000051,2023-03-10,active,2026-01-07T00:00:00Z
SRC-HS-0052,HS0052,C0052,HOME02,HOG000052,2023-04-10,active,2026-01-07T00:00:00Z
SRC-HS-0053,HS0053,C0053,HOME03,HOG000053,2023-05-10,active,2026-01-07T00:00:00Z
SRC-HS-0054,HS0054,C0054,HOME04,HOG000054,2023-06-10,active,2026-01-07T00:00:00Z
SRC-HS-0055,HS0055,C0055,HOME05,HOG000055,2023-07-10,active,2026-01-07T00:00:00Z
SRC-HS-0056,HS0056,C0056,HOME01,HOG000056,2023-08-10,active,2026-01-07T00:00:00Z
SRC-HS-0057,HS0057,C0057,HOME02,HOG000057,2023-09-10,active,2026-01-07T00:00:00Z
SRC-HS-0058,HS0058,C0058,HOME03,HOG000058,2023-10-10,active,2026-01-07T00:00:00Z
SRC-HS-0059,HS0059,C0059,HOME04,HOG000059,2023-11-10,active,2026-01-07T00:00:00Z
SRC-HS-0060,HS0060,C0060,HOME05,HOG000060,2023-12-10,active,2026-01-07T00:00:00Z
SRC-HS-0061,HS0061,C0061,HOME01,HOG000061,2023-01-10,active,2026-01-07T00:00:00Z
SRC-HS-0062,HS0062,C0062,HOME02,HOG000062,2023-02-10,active,2026-01-07T00:00:00Z
SRC-HS-0063,HS0063,C0063,HOME03,HOG000063,2023-03-10,active,2026-01-07T00:00:00Z
SRC-HS-0064,HS0064,C0064,HOME04,HOG000064,2023-04-10,active,2026-01-07T00:00:00Z
SRC-HS-0065,HS0065,C0065,HOME05,HOG000065,2023-05-10,active,2026-01-07T00:00:00Z
SRC-HS-0066,HS0066,C0066,HOME01,HOG000066,2023-06-10,active,2026-01-07T00:00:00Z
SRC-HS-0067,HS0067,C0067,HOME02,HOG000067,2023-07-10,active,2026-01-07T00:00:00Z
SRC-HS-0068,HS0068,C0068,HOME03,HOG000068,2023-08-10,active,2026-01-07T00:00:00Z
SRC-HS-0069,HS0069,C0069,HOME04,HOG000069,2023-09-10,active,2026-01-07T00:00:00Z
SRC-HS-0070,HS0070,C0070,HOME05,HOG000070,2023-10-10,active,2026-01-07T00:00:00Z
SRC-HS-0071,HS0071,C0071,HOME01,HOG000071,2023-11-10,active,2026-01-07T00:00:00Z
SRC-HS-0072,HS0072,C0072,HOME02,HOG000072,2023-12-10,active,2026-01-07T00:00:00Z
SRC-HS-0073,HS0073,C0073,HOME03,HOG000073,2023-01-10,active,2026-01-07T00:00:00Z
SRC-HS-0074,HS0074,C0074,HOME04,HOG000074,2023-02-10,active,2026-01-07T00:00:00Z
SRC-HS-0075,HS0075,C0075,HOME05,HOG000075,2023-03-10,active,2026-01-07T00:00:00Z
SRC-HS-0076,HS0076,C0076,HOME01,HOG000076,2023-04-10,active,2026-01-07T00:00:00Z
SRC-HS-0077,HS0077,C0077,HOME02,HOG000077,2023-05-10,active,2026-01-07T00:00:00Z
SRC-HS-0078,HS0078,C0078,HOME03,HOG000078,2023-06-10,active,2026-01-07T00:00:00Z
SRC-HS-0079,HS0079,C0079,HOME04,HOG000079,2023-07-10,active,2026-01-07T00:00:00Z
SRC-HS-0080,HS0080,C0080,HOME05,HOG000080,2023-08-10,active,2026-01-07T00:00:00Z
SRC-HS-0081,HS0081,C0081,HOME01,HOG000081,2023-09-10,active,2026-01-07T00:00:00Z
SRC-HS-0082,HS0082,C0082,HOME02,HOG000082,2023-10-10,active,2026-01-07T00:00:00Z
SRC-HS-0083,HS0083,C0083,HOME03,HOG000083,2023-11-10,active,2026-01-07T00:00:00Z
SRC-HS-0084,HS0084,C0084,HOME04,HOG000084,2023-12-10,active,2026-01-07T00:00:00Z
SRC-HS-0085,HS0085,C0085,HOME05,HOG000085,2023-01-10,active,2026-01-07T00:00:00Z
SRC-HS-0086,HS0086,C0086,HOME01,HOG000086,2023-02-10,active,2026-01-07T00:00:00Z
SRC-HS-0087,HS0087,C0087,HOME02,HOG000087,2023-03-10,active,2026-01-07T00:00:00Z
SRC-HS-0088,HS0088,C0088,HOME03,HOG000088,2023-04-10,active,2026-01-07T00:00:00Z
SRC-HS-0089,HS0089,C0089,HOME04,HOG000089,2023-05-10,active,2026-01-07T00:00:00Z
SRC-HS-0090,HS0090,C0090,HOME05,HOG000090,2023-06-10,active,2026-01-07T00:00:00Z
SRC-HS-0091,HS0091,C0091,HOME01,HOG000091,2023-07-10,active,2026-01-07T00:00:00Z
SRC-HS-0092,HS0092,C0092,HOME02,HOG000092,2023-08-10,active,2026-01-07T00:00:00Z
SRC-HS-0093,HS0093,C0093,HOME03,HOG000093,2023-09-10,active,2026-01-07T00:00:00Z
SRC-HS-0094,HS0094,C0094,HOME04,HOG000094,2023-10-10,active,2026-01-07T00:00:00Z
SRC-HS-0095,HS0095,C0095,HOME05,HOG000095,2023-11-10,active,2026-01-07T00:00:00Z
SRC-HS-0096,HS0096,C0096,HOME01,HOG000096,2023-12-10,active,2026-01-07T00:00:00Z
SRC-HS-0097,HS0097,C0097,HOME02,HOG000097,2023-01-10,active,2026-01-07T00:00:00Z
SRC-HS-0098,HS0098,C0098,HOME03,HOG000098,2023-02-10,active,2026-01-07T00:00:00Z
SRC-HS-0099,HS0099,C0099,HOME04,HOG000099,2023-03-10,active,2026-01-07T00:00:00Z
SRC-HS-0100,HS0100,C0100,HOME05,HOG000100,2023-04-10,active,2026-01-07T00:00:00Z
SRC-HS-0101,HS0101,C0101,HOME01,HOG000101,2023-05-10,active,2026-01-07T00:00:00Z
SRC-HS-0102,HS0102,C0102,HOME02,HOG000102,2023-06-10,active,2026-01-07T00:00:00Z
SRC-HS-0103,HS0103,C0103,HOME03,HOG000103,2023-07-10,active,2026-01-07T00:00:00Z
SRC-HS-0104,HS0104,C0104,HOME04,HOG000104,2023-08-10,active,2026-01-07T00:00:00Z
SRC-HS-0105,HS0105,C0105,HOME05,HOG000105,2023-09-10,active,2026-01-07T00:00:00Z
SRC-HS-0106,HS0106,C0106,HOME01,HOG000106,2023-10-10,active,2026-01-07T00:00:00Z
SRC-HS-0107,HS0107,C0107,HOME02,HOG000107,2023-11-10,active,2026-01-07T00:00:00Z
SRC-HS-0108,HS0108,C0108,HOME03,HOG000108,2023-12-10,active,2026-01-07T00:00:00Z
SRC-HS-0109,HS0109,C0109,HOME04,HOG000109,2023-01-10,active,2026-01-07T00:00:00Z
SRC-HS-0110,HS0110,C0110,HOME05,HOG000110,2023-02-10,active,2026-01-07T00:00:00Z
SRC-HS-0111,HS0111,C0111,HOME01,HOG000111,2023-03-10,active,2026-01-07T00:00:00Z
SRC-HS-0112,HS0112,C0112,HOME02,HOG000112,2023-04-10,active,2026-01-07T00:00:00Z
SRC-HS-0113,HS0113,C0113,HOME03,HOG000113,2023-05-10,active,2026-01-07T00:00:00Z
SRC-HS-0114,HS0114,C0114,HOME04,HOG000114,2023-06-10,active,2026-01-07T00:00:00Z
SRC-HS-0115,HS0115,C0115,HOME05,HOG000115,2023-07-10,active,2026-01-07T00:00:00Z
SRC-HS-0116,HS0116,C0116,HOME01,HOG000116,2023-08-10,active,2026-01-07T00:00:00Z
SRC-HS-0117,HS0117,C0117,HOME02,HOG000117,2023-09-10,active,2026-01-07T00:00:00Z
SRC-HS-0118,HS0118,C0118,HOME03,HOG000118,2023-10-10,active,2026-01-07T00:00:00Z
SRC-HS-0119,HS0119,C0119,HOME04,HOG000119,2023-11-10,active,2026-01-07T00:00:00Z
SRC-HS-0120,HS0120,C0120,HOME05,HOG000120,2023-12-10,active,2026-01-07T00:00:00Z
SRC-HS-0121,HS0121,C0121,HOME01,HOG000121,2023-01-10,active,2026-01-07T00:00:00Z
SRC-HS-0122,HS0122,C0122,HOME02,HOG000122,2023-02-10,active,2026-01-07T00:00:00Z
SRC-HS-0123,HS0123,C0123,HOME03,HOG000123,2023-03-10,active,2026-01-07T00:00:00Z
SRC-HS-0124,HS0124,C0124,HOME04,HOG000124,2023-04-10,active,2026-01-07T00:00:00Z
SRC-HS-0125,HS0125,C0125,HOME05,HOG000125,2023-05-10,active,2026-01-07T00:00:00Z
SRC-HS-0126,HS0126,C0126,HOME01,HOG000126,2023-06-10,active,2026-01-07T00:00:00Z
SRC-HS-0127,HS0127,C0127,HOME02,HOG000127,2023-07-10,active,2026-01-07T00:00:00Z
SRC-HS-0128,HS0128,C0128,HOME03,HOG000128,2023-08-10,active,2026-01-07T00:00:00Z
SRC-HS-0129,HS0129,C0129,HOME04,HOG000129,2023-09-10,active,2026-01-07T00:00:00Z
SRC-HS-0130,HS0130,C0130,HOME05,HOG000130,2023-10-10,active,2026-01-07T00:00:00Z
SRC-HS-0131,HS0131,C0131,HOME01,HOG000131,2023-11-10,active,2026-01-07T00:00:00Z
SRC-HS-0132,HS0132,C0132,HOME02,HOG000132,2023-12-10,active,2026-01-07T00:00:00Z
SRC-HS-0133,HS0133,C0133,HOME03,HOG000133,2023-01-10,active,2026-01-07T00:00:00Z
SRC-HS-0134,HS0134,C0134,HOME04,HOG000134,2023-02-10,active,2026-01-07T00:00:00Z
SRC-HS-0135,HS0135,C0135,HOME05,HOG000135,2023-03-10,active,2026-01-07T00:00:00Z
SRC-HS-0136,HS0136,C0136,HOME01,HOG000136,2023-04-10,active,2026-01-07T00:00:00Z
SRC-HS-0137,HS0137,C0137,HOME02,HOG000137,2023-05-10,active,2026-01-07T00:00:00Z
SRC-HS-0138,HS0138,C0138,HOME03,HOG000138,2023-06-10,active,2026-01-07T00:00:00Z
SRC-HS-0139,HS0139,C0139,HOME04,HOG000139,2023-07-10,active,2026-01-07T00:00:00Z
SRC-HS-0140,HS0140,C0140,HOME05,HOG000140,2023-08-10,active,2026-01-07T00:00:00Z
SRC-HS-0141,HS0141,C0141,HOME01,HOG000141,2023-09-10,active,2026-01-07T00:00:00Z
SRC-HS-0142,HS0142,C0142,HOME02,HOG000142,2023-10-10,active,2026-01-07T00:00:00Z
SRC-HS-0143,HS0143,C0143,HOME03,HOG000143,2023-11-10,active,2026-01-07T00:00:00Z
SRC-HS-0144,HS0144,C0144,HOME04,HOG000144,2023-12-10,active,2026-01-07T00:00:00Z
SRC-HS-0145,HS0145,C0145,HOME05,HOG000145,2023-01-10,active,2026-01-07T00:00:00Z
SRC-HS-0146,HS0146,C0146,HOME01,HOG000146,2023-02-10,active,2026-01-07T00:00:00Z
SRC-HS-0147,HS0147,C0147,HOME02,HOG000147,2023-03-10,active,2026-01-07T00:00:00Z
SRC-HS-0148,HS0148,C0148,HOME03,HOG000148,2023-04-10,active,2026-01-07T00:00:00Z
SRC-HS-0149,HS0149,C0149,HOME04,HOG000149,2023-05-10,active,2026-01-07T00:00:00Z
SRC-HS-0150,HS0150,C0150,HOME05,HOG000150,2023-06-10,active,2026-01-07T00:00:00Z
SRC-HS-0151,HS0151,C0151,HOME01,HOG000151,2023-07-10,active,2026-01-07T00:00:00Z
SRC-HS-0152,HS0152,C0152,HOME02,HOG000152,2023-08-10,active,2026-01-07T00:00:00Z
SRC-HS-0153,HS0153,C0153,HOME03,HOG000153,2023-09-10,active,2026-01-07T00:00:00Z
SRC-HS-0154,HS0154,C0154,HOME04,HOG000154,2023-10-10,active,2026-01-07T00:00:00Z
SRC-HS-0155,HS0155,C0155,HOME05,HOG000155,2023-11-10,active,2026-01-07T00:00:00Z
SRC-HS-0156,HS0156,C0156,HOME01,HOG000156,2023-12-10,active,2026-01-07T00:00:00Z
SRC-HS-0157,HS0157,C0157,HOME02,HOG000157,2023-01-10,active,2026-01-07T00:00:00Z
SRC-HS-0158,HS0158,C0158,HOME03,HOG000158,2023-02-10,active,2026-01-07T00:00:00Z
SRC-HS-0159,HS0159,C0159,HOME04,HOG000159,2023-03-10,active,2026-01-07T00:00:00Z
SRC-HS-0160,HS0160,C0160,HOME05,HOG000160,2023-04-10,active,2026-01-07T00:00:00Z
SRC-HS-0161,HS0161,C0161,HOME01,HOG000161,2023-05-10,active,2026-01-07T00:00:00Z
SRC-HS-0162,HS0162,C0162,HOME02,HOG000162,2023-06-10,active,2026-01-07T00:00:00Z
SRC-HS-0163,HS0163,C0163,HOME03,HOG000163,2023-07-10,active,2026-01-07T00:00:00Z
SRC-HS-0164,HS0164,C0164,HOME04,HOG000164,2023-08-10,active,2026-01-07T00:00:00Z
SRC-HS-0165,HS0165,C0165,HOME05,HOG000165,2023-09-10,active,2026-01-07T00:00:00Z
SRC-HS-0166,HS0166,C0166,HOME01,HOG000166,2023-10-10,active,2026-01-07T00:00:00Z
SRC-HS-0167,HS0167,C0167,HOME02,HOG000167,2023-11-10,active,2026-01-07T00:00:00Z
SRC-HS-0168,HS0168,C0168,HOME03,HOG000168,2023-12-10,active,2026-01-07T00:00:00Z
SRC-HS-0169,HS0169,C0169,HOME04,HOG000169,2023-01-10,active,2026-01-07T00:00:00Z
SRC-HS-0170,HS0170,C0170,HOME05,HOG000170,2023-02-10,active,2026-01-07T00:00:00Z
SRC-HS-0171,HS0171,C0171,HOME01,HOG000171,2023-03-10,active,2026-01-07T00:00:00Z
SRC-HS-0172,HS0172,C0172,HOME02,HOG000172,2023-04-10,active,2026-01-07T00:00:00Z
SRC-HS-0173,HS0173,C0173,HOME03,HOG000173,2023-05-10,active,2026-01-07T00:00:00Z
SRC-HS-0174,HS0174,C0174,HOME04,HOG000174,2023-06-10,active,2026-01-07T00:00:00Z
SRC-HS-0175,HS0175,C0175,HOME05,HOG000175,2023-07-10,active,2026-01-07T00:00:00Z
SRC-HS-0176,HS0176,C0176,HOME01,HOG000176,2023-08-10,active,2026-01-07T00:00:00Z
SRC-HS-0177,HS0177,C0177,HOME02,HOG000177,2023-09-10,active,2026-01-07T00:00:00Z
SRC-HS-0178,HS0178,C0178,HOME03,HOG000178,2023-10-10,active,2026-01-07T00:00:00Z
SRC-HS-0179,HS0179,C0179,HOME04,HOG000179,2023-11-10,active,2026-01-07T00:00:00Z
SRC-HS-0180,HS0180,C0180,HOME05,HOG000180,2023-12-10,active,2026-01-07T00:00:00Z
SRC-HS-0181,HS0181,C0181,HOME01,HOG000181,2023-01-10,active,2026-01-07T00:00:00Z
SRC-HS-0182,HS0182,C0182,HOME02,HOG000182,2023-02-10,active,2026-01-07T00:00:00Z
SRC-HS-0183,HS0183,C0183,HOME03,HOG000183,2023-03-10,active,2026-01-07T00:00:00Z
SRC-HS-0184,HS0184,C0184,HOME04,HOG000184,2023-04-10,active,2026-01-07T00:00:00Z
SRC-HS-0185,HS0185,C0185,HOME05,HOG000185,2023-05-10,active,2026-01-07T00:00:00Z
SRC-HS-0186,HS0186,C0186,HOME01,HOG000186,2023-06-10,active,2026-01-07T00:00:00Z
SRC-HS-0187,HS0187,C0187,HOME02,HOG000187,2023-07-10,active,2026-01-07T00:00:00Z
SRC-HS-0188,HS0188,C0188,HOME03,HOG000188,2023-08-10,active,2026-01-07T00:00:00Z
SRC-HS-0189,HS0189,C0189,HOME04,HOG000189,2023-09-10,active,2026-01-07T00:00:00Z
SRC-HS-0190,HS0190,C0190,HOME05,HOG000190,2023-10-10,active,2026-01-07T00:00:00Z
SRC-HS-0191,HS0191,C0191,HOME01,HOG000191,2023-11-10,active,2026-01-07T00:00:00Z
SRC-HS-0192,HS0192,C0192,HOME02,HOG000192,2023-12-10,active,2026-01-07T00:00:00Z
SRC-HS-0193,HS0193,C0193,HOME03,HOG000193,2023-01-10,active,2026-01-07T00:00:00Z
SRC-HS-0194,HS0194,C0194,HOME04,HOG000194,2023-02-10,active,2026-01-07T00:00:00Z
SRC-HS-0195,HS0195,C0195,HOME05,HOG000195,2023-03-10,active,2026-01-07T00:00:00Z
SRC-HS-0196,HS0196,C0196,HOME01,HOG000196,2023-04-10,active,2026-01-07T00:00:00Z
SRC-HS-0197,HS0197,C0197,HOME02,HOG000197,2023-05-10,active,2026-01-07T00:00:00Z
SRC-HS-0198,HS0198,C0198,HOME03,HOG000198,2023-06-10,active,2026-01-07T00:00:00Z
SRC-HS-0199,HS0199,C0199,HOME04,HOG000199,2023-07-10,active,2026-01-07T00:00:00Z
SRC-HS-0200,HS0200,C0200,HOME05,HOG000200,2023-08-10,active,2026-01-07T00:00:00Z
SRC-HS-0201,HS0201,C0201,HOME01,HOG000201,2023-09-10,active,2026-01-07T00:00:00Z
SRC-HS-0202,HS0202,C0202,HOME02,HOG000202,2023-10-10,active,2026-01-07T00:00:00Z
SRC-HS-0203,HS0203,C0203,HOME03,HOG000203,2023-11-10,active,2026-01-07T00:00:00Z
SRC-HS-0204,HS0204,C0204,HOME04,HOG000204,2023-12-10,active,2026-01-07T00:00:00Z
SRC-HS-0205,HS0205,C0205,HOME05,HOG000205,2023-01-10,active,2026-01-07T00:00:00Z
SRC-HS-0206,HS0206,C0206,HOME01,HOG000206,2023-02-10,active,2026-01-07T00:00:00Z
SRC-HS-0207,HS0207,C0207,HOME02,HOG000207,2023-03-10,active,2026-01-07T00:00:00Z
SRC-HS-0208,HS0208,C0208,HOME03,HOG000208,2023-04-10,active,2026-01-07T00:00:00Z
SRC-HS-0209,HS0209,C0209,HOME04,HOG000209,2023-05-10,active,2026-01-07T00:00:00Z
SRC-HS-0210,HS0210,C0210,HOME05,HOG000210,2023-06-10,active,2026-01-07T00:00:00Z
SRC-HS-0211,HS0211,C0211,HOME01,HOG000211,2023-07-10,active,2026-01-07T00:00:00Z
SRC-HS-0212,HS0212,C0212,HOME02,HOG000212,2023-08-10,active,2026-01-07T00:00:00Z
SRC-HS-0213,HS0213,C0213,HOME03,HOG000213,2023-09-10,active,2026-01-07T00:00:00Z
SRC-HS-0214,HS0214,C0214,HOME04,HOG000214,2023-10-10,active,2026-01-07T00:00:00Z
SRC-HS-0215,HS0215,C0215,HOME05,HOG000215,2023-11-10,active,2026-01-07T00:00:00Z
SRC-HS-0216,HS0216,C0216,HOME01,HOG000216,2023-12-10,active,2026-01-07T00:00:00Z
SRC-HS-0217,HS0217,C0217,HOME02,HOG000217,2023-01-10,active,2026-01-07T00:00:00Z
SRC-HS-0218,HS0218,C0218,HOME03,HOG000218,2023-02-10,active,2026-01-07T00:00:00Z
SRC-HS-0219,HS0219,C9999,HOME04,HOG000219,2023-03-10,active,2026-01-07T00:00:00Z
SRC-HS-0220,HS0220,C9999,HOME05,HOG000220,2023-04-10,active,2026-01-07T00:00:00Z
