source_row_id,account_id,customer_id,billing_cycle,status,updated_at
SRC-PA-0001,PA0001,C0001,1,active,2026-01-05T00:00:00Z
SRC-PA-0002,PA0002,C0002,2,active,2026-01-05T00:00:00Z
SRC-PA-0003,PA0003,C0003,3,active,2026-01-05T00:00:00Z
SRC-PA-0004,PA0004,C0004,4,active,2026-01-05T00:00:00Z
SRC-PA-0005,PA0005,C0005,5,active,2026-01-05T00:00:00Z
SRC-PA-0006,PA0006,C0006,6,active,2026-01-05T00:00:00Z
SRC-PA-0007,PA0007,C0007,7,active,2026-01-05T00:00:00Z
SRC-PA-0008,PA0008,C0008,8,active,2026-01-05T00:00:00Z
SRC-PA-0009,PA0009,C0009,9,active,2026-01-05T00:00:00Z
SRC-PA-0010,PA0010,C0010,10,active,2026-01-05T00:00:00Z
SRC-PA-0011,PA0011,C0011,11,active,2026-01-05T00:00:00Z
SRC-PA-0012,PA0012,C0012,12,active,2026-01-05T00:00:00Z
SRC-PA-0013,PA0013,C0013,13,active,2026-01-05T00:00:00Z
SRC-PA-0014,PA0014,C0014,14,active,2026-01-05T00:00:00Z
SRC-PA-0015,PA0015,C0015,15,active,2026-01-05T00:00:00Z
SRC-PA-0016,PA0016,C0016,16,active,2026-01-05T00:00:00Z
SRC-PA-0017,PA0017,C0017,17,active,2026-01-05T00:00:00Z
SRC-PA-0018,PA0018,C0018,18,active,2026-01-05T00:00:00Z
SRC-PA-0019,PA0019,C0019,19,active,2026-01-05T00:00:00Z
SRC-PA-0020,PA0020,C0020,20,active,2026-01-05T00:00:00Z
SRC-PA-0021,PA0021,C0021,21,active,2026-01-05T00:00:00Z
SRC-PA-0022,PA0022,C0022,22,active,2026-01-05T00:00:00Z
SRC-PA-0023,PA0023,C0023,23,active,2026-01-05T00:00:00Z
SRC-PA-0024,PA0024,C0024,24,active,2026-01-05T00:00:00Z
SRC-PA-0025,PA0025,C0025,25,active,2026-01-05T00:00:00Z
SRC-PA-0026,PA0026,C0026,26,active,2026-01-05T00:00:00Z
SRC-PA-0027,PA0027,C0027,27,active,2026-01-05T00:00:00Z
SRC-PA-0028,PA0028,C0028,28,active,2026-01-05T00:00:00Z
SRC-PA-0029,PA0029,C0029,1,active,2026-01-05T00:00:00Z
SRC-PA-0030,PA0030,C0030,2,active,2026-01-05T00:00:00Z
SRC-PA-0031,PA0031,C0031,3,active,2026-01-05T00:00:00Z
SRC-PA-0032,PA0032,C0032,4,active,2026-01-05T00:00:00Z
SRC-PA-0033,PA0033,C0033,5,active,2026-01-05T00:00:00Z
SRC-PA-0034,PA0034,C0034,6,active,2026-01-05T00:00:00Z
SRC-PA-0035,PA0035,C0035,7,active,2026-01-05T00:00:00Z
SRC-PA-0036,PA0036,C0036,8,active,2026-01-05T00:00:00Z
SRC-PA-0037,PA0037,C0037,9,active,2026-01-05T00:00:00Z
SRC-PA-0038,PA0038,C0038,10,active,2026-01-05T00:00:00Z
SRC-PA-0039,PA0039,C0039,11,active,2026-01-05T00:00:00Z
SRC-PA-0040,PA0040,C0040,12,active,2026-01-05T00:00:00Z
SRC-PA-0041,PA0041,C0041,13,active,2026-01-05T00:00:00Z
SRC-PA-0042,PA0042,C0042,14,active,2026-01-05T00:00:00Z
SRC-PA-0043,PA0043,C0043,15,active,2026-01-05T00:00:00Z
SRC-PA-0044,PA0044,C0044,16,active,2026-01-05T00:00:00Z
SRC-PA-0045,PA0045,C0045,17,active,2026-01-05T00:00:00Z
SRC-PA-0046,PA0046,C0046,18,active,2026-01-05T00:00:00Z
SRC-PA-0047,PA0047,C0047,19,active,2026-01-05T00:00:00Z
SRC-PA-0048,PA0048,C0048,20,active,2026-01-05T00:00:00Z
SRC-PA-0049,PA0049,C0049,21,active,2026-01-05T00:00:00Z
SRC-PA-0050,PA0050,C0050,22,active,2026-01-05T00:00:00Z
SRC-PA-0051,PA0051,C0051,23,active,2026-01-05T00:00:00Z
SRC-PA-0052,PA0052,C0052,24,active,2026-01-05T00:00:00Z
SRC-PA-0053,PA0053,C0053,25,active,2026-01-05T00:00:00Z
SRC-PA-0054,PA0054,C0054,26,active,2026-01-05T00:00:00Z
SRC-PA-0055,PA0055,C0055,27,active,2026-01-05T00:00:00Z
SRC-PA-0056,PA0056,C0056,28,active,2026-01-05T00:00:00Z
SRC-PA-0057,PA0057,C0057,1,active,2026-01-05T00:00:00Z
SRC-PA-0058,PA0058,C0058,2,active,2026-01-05T00:00:00Z
SRC-PA-0059,PA0059,C0059,3,active,2026-01-05T00:00:00Z
SRC-PA-0060,PA0060,C0060,4,active,2026-01-05T00:00:00Z
SRC-PA-0061,PA0061,C0061,5,active,2026-01-05T00:00:00Z
SRC-PA-0062,PA0062,C0062,6,active,2026-01-05T00:00:00Z
SRC-PA-0063,PA0063,C0063,7,active,2026-01-05T00:00:00Z
SRC-PA-0064,PA0064,C0064,8,active,2026-01-05T00:00:00Z
SRC-PA-0065,PA0065,C0065,9,active,2026-01-05T00:00:00Z
SRC-PA-0066,PA0066,C0066,10,active,2026-01-05T00:00:00Z
SRC-PA-0067,PA0067,C0067,11,active,2026-01-05T00:00:00Z
SRC-PA-0068,PA0068,C0068,12,active,2026-01-05T00:00:00Z
SRC-PA-0069,PA0069,C0069,13,active,2026-01-05T00:00:00Z
SRC-PA-0070,PA0070,C0070,14,active,2026-01-05T00:00:00Z
SRC-PA-0071,PA0071,C0071,15,active,2026-01-05T00:00:00Z
SRC-PA-0072,PA0072,C0072,16,active,2026-01-05T00:00:00Z
SRC-PA-0073,PA0073,C0073,17,active,2026-01-05T00:00:00Z
SRC-PA-0074,PA0074,C0074,18,active,2026-01-05T00:00:00Z
SRC-PA-0075,PA0075,C0075,19,active,2026-01-05T00:00:00Z
SRC-PA-0076,PA0076,C0076,20,active,2026-01-05T00:00:00Z
SRC-PA-0077,PA0077,C0077,21,active,2026-01-05T00:00:00Z
SRC-PA-0078,PA0078,C0078,22,active,2026-01-05T00:00:00Z
SRC-PA-0079,PA0079,C0079,23,active,2026-01-05T00:00:00Z
SRC-PA-0080,PA0080,C0080,24,active,2026-01-05T00:00:00Z
SRC-PA-0081,PA0081,C0081,25,active,2026-01-05T00:00:00Z
SRC-PA-0082,PA0082,C0082,26,active,2026-01-05T00:00:00Z
SRC-PA-0083,PA0083,C0083,27,active,2026-01-05T00:00:00Z
SRC-PA-0084,PA0084,C0084,28,active,2026-01-05T00:00:00Z
SRC-PA-0085,PA0085,C0085,1,active,2026-01-05T00:00:00Z
SRC-PA-0086,PA0086,C0086,2,active,2026-01-05T00:00:00Z
SRC-PA-0087,PA0087,C0087,3,active,2026-01-05T00:00:00Z
SRC-PA-0088,PA0088,C0088,4,active,2026-01-05T00:00:00Z
SRC-PA-0089,PA0089,C0089,5,active,2026-01-05T00:00:00Z
SRC-PA-0090,PA0090,C0090,6,active,2026-01-05T00:00:00Z
SRC-PA-0091,PA0091,C0091,7,active,2026-01-05T00:00:00Z
SRC-PA-0092,PA0092,C0092,8,active,2026-01-05T00:00:00Z
SRC-PA-0093,PA0093,C0093,9,active,2026-01-05T00:00:00Z
SRC-PA-0094,PA0094,C0094,10,active,2026-01-05T00:00:00Z
SRC-PA-0095,PA0095,C0095,11,active,2026-01-05T00:00:00Z
SRC-PA-0096,PA0096,C0096,12,active,2026-01-05T00:00:00Z
SRC-PA-0097,PA0097,C0097,13,active,2026-01-05T00:00:00Z
SRC-PA-0098,PA0098,C0098,14,active,2026-01-05T00:00:00Z
SRC-PA-0099,PA0099,C0099,15,active,2026-01-05T00:00:00Z
SRC-PA-0100,PA0100,C0100,16,active,2026-01-05T00:00:00Z
SRC-PA-0101,PA0101,C0101,17,active,2026-01-05T00:00:00Z
SRC-PA-0102,PA0102,C0102,18,active,2026-01-05T00:00:00Z
SRC-PA-0103,PA0103,C0103,19,active,2026-01-05T00:00:00Z
SRC-PA-0104,PA0104,C0104,20,active,2026-01-05T00:00:00Z
SRC-PA-0105,PA0105,C0105,21,active,2026-01-05T00:00:00Z
SRC-PA-0106,PA0106,C0106,22,active,2026-01-05T00:00:00Z
SRC-PA-0107,PA0107,C0107,23,active,2026-01-05T00:00:00Z
SRC-PA-0108,PA0108,C0108,24,active,2026-01-05T00:00:00Z
SRC-PA-0109,PA0109,C0109,25,active,2026-01-05T00:00:00Z
SRC-PA-0110,PA0110,C0110,26,active,2026-01-05T00:00:00Z
SRC-PA-0111,PA0111,C0111,27,active,2026-01-05T00:00:00Z
SRC-PA-0112,PA0112,C0112,28,active,2026-01-05T00:00:00Z
SRC-PA-0113,PA0113,C0113,1,active,2026-01-05T00:00:00Z
SRC-PA-0114,PA0114,C0114,2,active,2026-01-05T00:00:00Z
SRC-PA-0115,PA0115,C0115,3,active,2026-01-05T00:00:00Z
SRC-PA-0116,PA0116,C0116,4,active,2026-01-05T00:00:00Z
SRC-PA-0117,PA0117,C0117,5,active,2026-01-05T00:00:00Z
SRC-PA-0118,PA0118,C0118,6,active,2026-01-05T00:00:00Z
SRC-PA-0119,PA0119,C0119,7,active,2026-01-05T00:00:00Z
SRC-PA-0120,PA0120,C0120,8,active,2026-01-05T00:00:00Z
SRC-PA-0121,PA0121,C0121,9,active,2026-01-05T00:00:00Z
SRC-PA-0122,PA0122,C0122,10,active,2026-01-05T00:00:00Z
SRC-PA-0123,PA0123,C0123,11,active,2026-01-05T00:00:00Z
SRC-PA-0124,PA0124,C0124,12,active,2026-01-05T00:00:00Z
SRC-PA-0125,PA0125,C0125,13,active,2026-01-05T00:00:00Z
SRC-PA-0126,PA0126,C0126,14,active,2026-01-05T00:00:00Z
SRC-PA-0127,PA0127,C0127,15,active,2026-01-05T00:00:00Z
SRC-PA-0128,PA0128,C0128,16,active,2026-01-05T00:00:00Z
SRC-PA-0129,PA0129,C0129,17,active,2026-01-05T00:00:00Z
SRC-PA-0130,PA0130,C0130,18,active,2026-01-05T00:00:00Z
SRC-PA-0131,PA0131,C0131,19,active,2026-01-05T00:00:00Z
SRC-PA-0132,PA0132,C0132,20,active,2026-01-05T00:00:00Z
SRC-PA-0133,PA0133,C0133,21,active,2026-01-05T00:00:00Z
SRC-PA-0134,PA0134,C0134,22,active,2026-01-05T00:00:00Z
SRC-PA-0135,PA0135,C0135,23,active,2026-01-05T00:00:00Z
SRC-PA-0136,PA0136,C0136,24,active,2026-01-05T00:00:00Z
SRC-PA-0137,PA0137,C0137,25,active,2026-01-05T00:00:00Z
SRC-PA-0138,PA0138,C0138,26,active,2026-01-05T00:00:00Z
SRC-PA-0139,PA0139,C0139,27,active,2026-01-05T00:00:00Z
SRC-PA-0140,PA0140,C0140,28,active,2026-01-05T00:00:00Z
SRC-PA-0141,PA0141,C0141,1,active,2026-01-05T00:00:00Z
SRC-PA-0142,PA0142,C0142,2,active,2026-01-05T00:00:00Z
SRC-PA-0143,PA0143,C0143,3,active,2026-01-05T00:00:00Z
SRC-PA-0144,PA0144,C0144,4,active,2026-01-05T00:00:00Z
SRC-PA-0145,PA0145,C0145,5,active,2026-01-05T00:00:00Z
SRC-PA-0146,PA0146,C0146,6,active,2026-01-05T00:00:00Z
SRC-PA-0147,PA0147,C0147,7,active,2026-01-05T00:00:00Z
SRC-PA-0148,PA0148,C0148,8,active,2026-01-05T00:00:00Z
SRC-PA-0149,PA0149,C0149,9,active,2026-01-05T00:00:00Z
SRC-PA-0150,PA0150,C0150,10,active,2026-01-05T00:00:00Z
SRC-PA-0151,PA0151,C0151,11,active,2026-01-05T00:00:00Z
SRC-PA-0152,PA0152,C0152,12,active,2026-01-05T00:00:00Z
SRC-PA-0153,PA0153,C0153,13,active,2026-01-05T00:00:00Z
SRC-PA-0154,PA0154,C0154,14,active,2026-01-05T00:00:00Z
SRC-PA-0155,PA0155,C0155,15,active,2026-01-05T00:00:00Z
SRC-PA-0156,PA0156,C0156,16,active,2026-01-05T00:00:00Z
SRC-PA-0157,PA0157,C0157,17,active,2026-01-05T00:00:00Z
SRC-PA-0158,PA0158,C0158,18,active,2026-01-05T00:00:00Z
SRC-PA-0159,PA0159,C0159,19,active,2026-01-05T00:00:00Z
SRC-PA-0160,PA0160,C0160,20,active,2026-01-05T00:00:00Z
SRC-PA-0161,PA0161,C0161,21,active,2026-01-05T00:00:00Z
SRC-PA-0162,PA0162,C0162,22,active,2026-01-05T00:00:00Z
SRC-PA-0163,PA0163,C0163,23,active,2026-01-05T00:00:00Z
SRC-PA-0164,PA0164,C0164,24,active,2026-01-05T00:00:00Z
SRC-PA-0165,PA0165,C0165,25,active,2026-01-05T00:00:00Z
SRC-PA-0166,PA0166,C0166,26,active,2026-01-05T00:00:00Z
SRC-PA-0167,PA0167,C0167,27,active,2026-01-05T00:00:00Z
SRC-PA-0168,PA0168,C0168,28,active,2026-01-05T00:00:00Z
SRC-PA-0169,PA0169,C0169,1,active,2026-01-05T00:00:00Z
SRC-PA-0170,PA0170,C0170,2,active,2026-01-05T00:00:00Z
SRC-PA-0171,PA0171,C0171,3,active,2026-01-05T00:00:00Z
SRC-PA-0172,PA0172,C0172,4,active,2026-01-05T00:00:00Z
SRC-PA-0173,PA0173,C0173,5,active,2026-01-05T00:00:00Z
SRC-PA-0174,PA0174,C0174,6,active,2026-01-05T00:00:00Z
SRC-PA-0175,PA0175,C0175,7,active,2026-01-05T00:00:00Z
SRC-PA-0176,PA0176,C0176,8,active,2026-01-05T00:00:00Z
SRC-PA-0177,PA0177,C0177,9,active,2026-01-05T00:00:00Z
SRC-PA-0178,PA0178,C0178,10,active,2026-01-05T00:00:00Z
SRC-PA-0179,PA0179,C0179,11,active,2026-01-05T00:00:00Z
SRC-PA-0180,PA0180,C0180,12,active,2026-01-05T00:00:00Z
SRC-PA-0181,PA0181,C0181,13,active,2026-01-05T00:00:00Z
SRC-PA-0182,PA0182,C0182,14,active,2026-01-05T00:00:00Z
SRC-PA-0183,PA0183,C0183,15,active,2026-01-05T00:00:00Z
SRC-PA-0184,PA0184,C0184,16,active,2026-01-05T00:00:00Z
SRC-PA-0185,PA0185,C0185,17,active,2026-01-05T00:00:00Z
SRC-PA-0186,PA0186,C0186,18,active,2026-01-05T00:00:00Z
SRC-PA-0187,PA0187,C0187,19,active,2026-01-05T00:00:00Z
SRC-PA-0188,PA0188,C0188,20,active,2026-01-05T00:00:00Z
SRC-PA-0189,PA0189,C0189,21,active,2026-01-05T00:00:00Z
SRC-PA-0190,PA0190,C0190,22,active,2026-01-05T00:00:00Z
SRC-PA-0191,PA0191,C0191,23,active,2026-01-05T00:00:00Z
SRC-PA-0192,PA0192,C0192,24,active,2026-01-05T00:00:00Z
SRC-PA-0193,PA0193,C0193,25,active,2026-01-05T00:00:00Z
SRC-PA-0194,PA0194,C0194,26,active,2026-01-05T00:00:00Z
SRC-PA-0195,PA0195,C0195,27,active,2026-01-05T00:00:00Z
SRC-PA-0196,PA0196,C0196,28,active,2026-01-05T00:00:00Z
SRC-PA-0197,PA0197,C0197,1,active,2026-01-05T00:00:00Z
SRC-PA-0198,PA0198,C0198,2,active,2026-01-05T00:00:00Z
SRC-PA-0199,PA0199,C0199,3,active,2026-01-05T00:00:00Z
SRC-PA-0200,PA0200,C0200,4,active,2026-01-05T00:00:00Z
SRC-PA-0201,PA0201,C0201,5,active,2026-01-05T00:00:00Z
SRC-PA-0202,PA0202,C0202,6,active,2026-01-05T00:00:00Z
SRC-PA-0203,PA0203,C0203,7,active,2026-01-05T00:00:00Z
SRC-PA-0204,PA0204,C0204,8,active,2026-01-05T00:00:00Z
SRC-PA-0205,PA0205,C0205,9,active,2026-01-05T00:00:00Z
SRC-PA-0206,PA0206,C0206,10,active,2026-01-05T00:00:00Z
SRC-PA-0207,PA0207,C0207,11,active,2026-01-05T00:00:00Z
SRC-PA-0208,PA0208,C0208,12,active,2026-01-05T00:00:00Z
SRC-PA-0209,PA0209,C0209,13,active,2026-01-05T00:00:00Z
SRC-PA-0210,PA0210,C0210,14,active,2026-01-05T00:00:00Z
SRC-PA-0211,PA0211,C0211,15,active,2026-01-05T00:00:00Z
SRC-PA-0212,PA0212,C0212,16,active,2026-01-05T00:00:00Z
SRC-PA-0213,PA0213,C0213,17,active,2026-01-05T00:00:00Z
SRC-PA-0214,PA0214,C0214,18,active,2026-01-05T00:00:00Z
SRC-PA-0215,PA0215,C0215,19,active,2026-01-05T00:00:00Z
SRC-PA-0216,PA0216,C0216,20,active,2026-01-05T00:00:00Z
SRC-PA-0217,PA0217,C0217,21,active,2026-01-05T00:00:00Z
SRC-PA-0218,PA0218,C0218,22,active,2026-01-05T00:00:00Z
SRC-PA-0219,PA0219,C0219,23,active,2026-01-05T00:00:00Z
SRC-PA-0220,PA0220,C0220,24,active,2026-01-05T00:00:00Z
SRC-PA-0221,PA0221,C0221,25,active,2026-01-05T00:00:00Z
SRC-PA-0222,PA0222,C0222,26,active,2026-01-05T00:00:00Z
SRC-PA-0223,PA0223,C0223,27,active,2026-01-05T00:00:00Z
SRC-PA-0224,PA0224,C0224,28,active,2026-01-05T00:00:00Z
SRC-PA-0225,PA0225,C0225,1,active,2026-01-05T00:00:00Z
SRC-PA-0226,PA0226,C0226,2,active,2026-01-05T00:00:00Z
SRC-PA-0227,PA0227,C0227,3,active,2026-01-05T00:00:00Z
SRC-PA-0228,PA0228,C0228,4,active,2026-01-05T00:00:00Z
SRC-PA-0229,PA0229,C0229,5,active,2026-01-05T00:00:00Z
SRC-PA-0230,PA0230,C0230,6,active,2026-01-05T00:00:00Z
SRC-PA-0231,PA0231,C0231,7,active,2026-01-05T00:00:00Z
SRC-PA-0232,PA0232,C0232,8,active,2026-01-05T00:00:00Z
SRC-PA-0233,PA0233,C0233,9,active,2026-01-05T00:00:00Z
SRC-PA-0234,PA0234,C0234,10,active,2026-01-05T00:00:00Z
SRC-PA-0235,PA0235,C0235,11,active,2026-01-05T00:00:00Z
SRC-PA-0236,PA0236,C0236,12,active,2026-01-05T00:00:00Z
SRC-PA-0237,PA0237,C0237,13,active,2026-01-05T00:00:00Z
SRC-PA-0238,PA0238,C0238,14,active,2026-01-05T00:00:00Z
SRC-PA-0239,PA0239,C0239,15,active,2026-01-05T00:00:00Z
SRC-PA-0240,PA0240,C0240,16,active,2026-01-05T00:00:00Z
SRC-PA-0241,PA0241,C0241,17,active,2026-01-05T00:00:00Z
SRC-PA-0242,PA0242,C0242,18,active,2026-01-05T00:00:00Z
SRC-PA-0243,PA0243,C0243,19,active,2026-01-05T00:00:00Z
SRC-PA-0244,PA0244,C0244,20,active,2026-01-05T00:00:00Z
SRC-PA-0245,PA0245,C0245,21,active,2026-01-05T00:00:00Z
SRC-PA-0246,PA0246,C0246,22,active,2026-01-05T00:00:00Z
SRC-PA-0247,PA0247,C0247,23,active,2026-01-05T00:00:00Z
SRC-PA-0248,PA0248,C0248,24,active,2026-01-05T00:00:00Z
SRC-PA-0249,PA0249,C0249,25,active,2026-01-05T00:00:00Z
SRC-PA-0250,PA0250,C0250,26,active,2026-01-05T00:00:00Z
SRC-PA-0251,PA0251,C0251,27,active,2026-01-05T00:00:00Z
SRC-PA-0252,PA0252,C0252,28,active,2026-01-05T00:00:00Z
SRC-PA-0253,PA0253,C0253,1,active,2026-01-05T00:00:00Z
SRC-PA-0254,PA0254,C0254,2,active,2026-01-05T00:00:00Z
SRC-PA-0255,PA0255,C0255,3,active,2026-01-05T00:00:00Z
SRC-PA-0256,PA0256,C0256,4,active,2026-01-05T00:00:00Z
SRC-PA-0257,PA0257,C0257,5,active,2026-01-05T00:00:00Z
SRC-PA-0258,PA0258,C0258,6,active,2026-01-05T00:00:00Z
SRC-PA-0259,PA0259,C0259,7,active,2026-01-05T00:00:00Z
SRC-PA-0260,PA0260,C0260,8,active,2026-01-05T00:00:00Z
SRC-PA-0261,PA0261,C0261,9,active,2026-01-05T00:00:00Z
SRC-PA-0262,PA0262,C0262,10,active,2026-01-05T00:00:00Z
SRC-PA-0263,PA0263,C0263,11,active,2026-01-05T00:00:00Z
SRC-PA-0264,PA0264,C0264,12,active,2026-01-05T00:00:00Z
SRC-PA-0265,PA0265,C0265,13,active,2026-01-05T00:00:00Z
SRC-PA-0266,PA0266,C0266,14,active,2026-01-05T00:00:00Z
SRC-PA-0267,PA0267,C0267,15,active,2026-01-05T00:00:00Z
SRC-PA-0268,PA0268,C0268,16,active,2026-01-05T00:00:00Z
SRC-PA-0269,PA0269,C0269,17,active,2026-01-05T00:00:00Z
SRC-PA-0270,PA0270,C0270,18,active,2026-01-05T00:00:00Z
SRC-PA-0271,PA0271,C0271,19,active,2026-01-05T00:00:00Z
SRC-PA-0272,PA0272,C0272,20,active,2026-01-05T00:00:00Z
SRC-PA-0273,PA0273,C0273,21,active,2026-01-05T00:00:00Z
SRC-PA-0274,PA0274,C0274,22,active,2026-01-05T00:00:00Z
SRC-PA-0275,PA0275,C0275,23,active,2026-01-05T00:00:00Z
SRC-PA-0276,PA0276,C0276,24,active,2026-01-05T00:00:00Z
SRC-PA-0277,PA0277,C0277,25,active,2026-01-05T00:00:00Z
SRC-PA-0278,PA0278,C0278,26,active,2026-01-05T00:00:00Z
SRC-PA-0279,PA0279,C9999,27,active,2026-01-05T00:00:00Z
SRC-PA-0280,PA0280,C9999,28,active,2026-01-05T00:00:00Z
