source_row_id,line_id,account_id,product_id,msisdn,activation_date,status,updated_at
SRC-POL-0001,POL0001,PA0001,POST01,800000001,2024-01-15,active,2026-01-06T00:00:00Z
SRC-POL-0002,POL0002,PA0002,POST02,800000002,2024-02-15,active,2026-01-06T00:00:00Z
SRC-POL-0003,POL0003,PA0003,POST03,800000003,2024-03-15,active,2026-01-06T00:00:00Z
SRC-POL-0004,POL0004,PA0004,POST04,800000004,2024-04-15,active,2026-01-06T00:00:00Z
SRC-POL-0005,POL0005,PA0005,POST05,800000005,2024-05-15,active,2026-01-06T00:00:00Z
SRC-POL-0006,POL0006,PA0006,POST01,800000006,2024-06-15,active,2026-01-06T00:00:00Z
SRC-POL-0007,POL0007,PA0007,POST02,800000007,2024-07-15,active,2026-01-06T00:00:00Z
SRC-POL-0008,POL0008,PA0008,POST03,800000008,2024-08-15,active,2026-01-06T00:00:00Z
SRC-POL-0009,POL0009,PA0009,POST04,800000009,2024-09-15,active,2026-01-06T00:00:00Z
SRC-POL-0010,POL0010,PA0010,POST05,800000010,2024-10-15,active,2026-01-06T00:00:00Z
SRC-POL-0011,POL0011,PA0011,POST01,800000011,2024-11-15,active,2026-01-06T00:00:00Z
SRC-POL-0012,POL0012,PA0012,POST02,800000012,2024-12-15,active,2026-01-06T00:00:00Z
SRC-POL-0013,POL0013,PA0013,POST03,800000013,2024-01-15,active,2026-01-06T00:00:00Z
SRC-POL-0014,POL0014,PA0014,POST04,800000014,2024-02-15,active,2026-01-06T00:00:00Z
SRC-POL-0015,POL0015,PA0015,POST05,800000015,2024-03-15,active,2026-01-06T00:00:00Z
SRC-POL-0016,POL0016,PA0016,POST01,800000016,2024-04-15,active,2026-01-06T00:00:00Z
SRC-POL-0017,POL0017,PA0017,POST02,800000017,2024-05-15,suspended,2026-01-06T00:00:00Z
SRC-POL-0018,POL0018,PA0018,POST03,800000018,2024-06-15,active,2026-01-06T00:00:00Z
SRC-POL-0019,POL0019,PA0019,POST04,800000019,2024-07-15,active,2026-01-06T00:00:00Z
SRC-POL-0020,POL0020,PA0020,POST05,800000020,2024-08-15,active,2026-01-06T00:00:00Z
SRC-POL-0021,POL0021,PA0021,POST01,800000021,2024-09-15,active,2026-01-06T00:00:00Z
SRC-POL-0022,POL0022,PA0022,POST02,800000022,2024-10-15,active,2026-01-06T00:00:00Z
SRC-POL-0023,POL0023,PA0023,POST03,800000023,2024-11-15,active,2026-01-06T00:00:00Z
SRC-POL-0024,POL0024,PA0024,POST04,800000024,2024-12-15,active,2026-01-06T00:00:00Z
SRC-POL-0025,POL0025,PA0025,POST05,800000025,2024-01-15,active,2026-01-06T00:00:00Z
SRC-POL-0026,POL0026,PA0026,POST01,800000026,2024-02-15,active,2026-01-06T00:00:00Z
SRC-POL-0027,POL0027,PA0027,POST02,800000027,2024-03-15,active,2026-01-06T00:00:00Z
SRC-POL-0028,POL0028,PA0028,POST03,800000028,2024-04-15,active,2026-01-06T00:00:00Z
SRC-POL-0029,POL0029,PA0029,POST04,800000029,2024-05-15,active,2026-01-06T00:00:00Z
SRC-POL-0030,POL0030,PA0030,POST05,800000030,2024-06-15,active,2026-01-06T00:00:00Z
SRC-POL-0031,POL0031,PA0031,POST01,800000031,2024-07-15,active,2026-01-06T00:00:00Z
SRC-POL-0032,POL0032,PA0032,POST02,800000032,2024-08-15,active,2026-01-06T00:00:00Z
SRC-POL-0033,POL0033,PA0033,POST03,800000033,2024-09-15,active,2026-01-06T00:00:00Z
SRC-POL-0034,POL0034,PA0034,POST04,800000034,2024-10-15,suspended,2026-01-06T00:00:00Z
SRC-POL-0035,POL0035,PA0035,POST05,800000035,2024-11-15,active,2026-01-06T00:00:00Z
SRC-POL-0036,POL0036,PA0036,POST01,800000036,2024-12-15,active,2026-01-06T00:00:00Z
SRC-POL-0037,POL0037,PA0037,POST02,800000037,2024-01-15,active,2026-01-06T00:00:00Z
SRC-POL-0038,POL0038,PA0038,POST03,800000038,2024-02-15,active,2026-01-06T00:00:00Z
SRC-POL-0039,POL0039,PA0039,POST04,800000039,2024-03-15,active,2026-01-06T00:00:00Z
SRC-POL-0040,POL0040,PA0040,POST05,800000040,2024-04-15,active,2026-01-06T00:00:00Z
SRC-POL-0041,POL0041,PA0041,POST01,800000041,2024-05-15,active,2026-01-06T00:00:00Z
SRC-POL-0042,POL0042,PA0042,POST02,800000042,2024-06-15,active,2026-01-06T00:00:00Z
SRC-POL-0043,POL0043,PA0043,POST03,800000043,2024-07-15,active,2026-01-06T00:00:00Z
SRC-POL-0044,POL0044,PA0044,POST04,800000044,2024-08-15,active,2026-01-06T00:00:00Z
SRC-POL-0045,POL0045,PA0045,POST05,800000045,2024-09-15,active,2026-01-06T00:00:00Z
SRC-POL-0046,POL0046,PA0046,POST01,800000046,2024-10-15,active,2026-01-06T00:00:00Z
SRC-POL-0047,POL0047,PA0047,POST02,800000047,2024-11-15,active,2026-01-06T00:00:00Z
SRC-POL-0048,POL0048,PA0048,POST03,800000048,2024-12-15,active,2026-01-06T00:00:00Z
SRC-POL-0049,POL0049,PA0049,POST04,800000049,2024-01-15,active,2026-01-06T00:00:00Z
SRC-POL-0050,POL0050,PA0050,POST05,800000050,2024-02-15,active,2026-01-06T00:00:00Z
SRC-POL-0051,POL0051,PA0051,POST01,800000051,2024-03-15,suspended,2026-01-06T00:00:00Z
SRC-POL-0052,POL0052,PA0052,POST02,800000052,2024-04-15,active,2026-01-06T00:00:00Z
SRC-POL-0053,POL0053,PA0053,POST03,800000053,2024-05-15,active,2026-01-06T00:00:00Z
SRC-POL-0054,POL0054,PA0054,POST04,800000054,2024-06-15,active,2026-01-06T00:00:00Z
SRC-POL-0055,POL0055,PA0055,POST05,800000055,2024-07-15,active,2026-01-06T00:00:00Z
SRC-POL-0056,POL0056,PA0056,POST01,800000056,2024-08-15,active,2026-01-06T00:00:00Z
SRC-POL-0057,POL0057,PA0057,POST02,800000057,2024-09-15,active,2026-01-06T00:00:00Z
SRC-POL-0058,POL0058,PA0058,POST03,800000058,2024-10-15,active,2026-01-06T00:00:00Z
SRC-POL-0059,POL0059,PA0059,POST04,800000059,2024-11-15,active,2026-01-06T00:00:00Z
SRC-POL-0060,POL0060,PA0060,POST05,800000060,2024-12-15,active,2026-01-06T00:00:00Z
SRC-POL-0061,POL0061,PA0061,POST01,800000061,2024-01-15,active,2026-01-06T00:00:00Z
SRC-POL-0062,POL0062,PA0062,POST02,800000062,2024-02-15,active,2026-01-06T00:00:00Z
SRC-POL-0063,POL0063,PA0063,POST03,800000063,2024-03-15,active,2026-01-06T00:00:00Z
SRC-POL-0064,POL0064,PA0064,POST04,800000064,2024-04-15,active,2026-01-06T00:00:00Z
SRC-POL-0065,POL0065,PA0065,POST05,800000065,2024-05-15,active,2026-01-06T00:00:00Z
SRC-POL-0066,POL0066,PA0066,POST01,800000066,2024-06-15,active,2026-01-06T00:00:00Z
SRC-POL-0067,POL0067,PA0067,POST02,800000067,2024-07-15,active,2026-01-06T00:00:00Z
SRC-POL-0068,POL0068,PA0068,POST03,800000068,2024-08-15,suspended,2026-01-06T00:00:00Z
SRC-POL-0069,POL0069,PA0069,POST04,800000069,2024-09-15,active,2026-01-06T00:00:00Z
SRC-POL-0070,POL0070,PA0070,POST05,800000070,2024-10-15,active,2026-01-06T00:00:00Z
SRC-POL-0071,POL0071,PA0071,POST01,800000071,2024-11-15,active,2026-01-06T00:00:00Z
SRC-POL-0072,POL0072,PA0072,POST02,800000072,2024-12-15,active,2026-01-06T00:00:00Z
SRC-POL-0073,POL0073,PA0073,POST03,800000073,2024-01-15,active,2026-01-06T00:00:00Z
SRC-POL-0074,POL0074,PA0074,POST04,800000074,2024-02-15,active,2026-01-06T00:00:00Z
SRC-POL-0075,POL0075,PA0075,POST05,800000075,2024-03-15,active,2026-01-06T00:00:00Z
SRC-POL-0076,POL0076,PA0076,POST01,800000076,2024-04-15,active,2026-01-06T00:00:00Z
SRC-POL-0077,POL0077,PA0077,POST02,800000077,2024-05-15,active,2026-01-06T00:00:00Z
SRC-POL-0078,POL0078,PA0078,POST03,800000078,2024-06-15,active,2026-01-06T00:00:00Z
SRC-POL-0079,POL0079,PA0079,POST04,800000079,2024-07-15,active,2026-01-06T00:00:00Z
SRC-POL-0080,POL0080,PA0080,POST05,800000080,2024-08-15,active,2026-01-06T00:00:00Z
SRC-POL-0081,POL0081,PA0081,POST01,800000081,2024-09-15,active,2026-01-06T00:00:00Z
SRC-POL-0082,POL0082,PA0082,POST02,800000082,2024-10-15,active,2026-01-06T00:00:00Z
SRC-POL-0083,POL0083,PA0083,POST03,800000083,2024-11-15,active,2026-01-06T00:00:00Z
SRC-POL-0084,POL0084,PA0084,POST04,800000084,2024-12-15,active,2026-01-06T00:00:00Z
SRC-POL-0085,POL0085,PA0085,POST05,800000085,2024-01-15,suspended,2026-01-06T00:00:00Z
SRC-POL-0086,POL0086,PA0086,POST01,800000086,2024-02-15,active,2026-01-06T00:00:00Z
SRC-POL-0087,POL0087,PA0087,POST02,800000087,2024-03-15,active,2026-01-06T00:00:00Z
SRC-POL-0088,POL0088,PA0088,POST03,800000088,2024-04-15,active,2026-01-06T00:00:00Z
SRC-POL-0089,POL0089,PA0089,POST04,800000089,2024-05-15,active,2026-01-06T00:00:00Z
SRC-POL-0090,POL0090,PA0090,POST05,800000090,2024-06-15,active,2026-01-06T00:00:00Z
SRC-POL-0091,POL0091,PA0091,POST01,800000091,2024-07-15,active,2026-01-06T00:00:00Z
SRC-POL-0092,POL0092,PA0092,POST02,800000092,2024-08-15,active,2026-01-06T00:00:00Z
SRC-POL-0093,POL0093,PA0093,POST03,800000093,2024-09-15,active,2026-01-06T00:00:00Z
SRC-POL-0094,POL0094,PA0094,POST04,800000094,2024-10-15,active,2026-01-06T00:00:00Z
SRC-POL-0095,POL0095,PA0095,POST05,800000095,2024-11-15,active,2026-01-06T00:00:00Z
SRC-POL-0096,POL0096,PA0096,POST01,800000096,2024-12-15,active,2026-01-06T00:00:00Z
SRC-POL-0097,POL0097,PA0097,POST02,800000097,2024-01-15,active,2026-01-06T00:00:00Z
SRC-POL-0098,POL0098,PA0098,POST03,800000098,2024-02-15,active,2026-01-06T00:00:00Z
SRC-POL-0099,POL0099,PA0099,POST04,800000099,2024-03-15,active,2026-01-06T00:00:00Z
SRC-POL-0100,POL0100,PA0100,POST05,800000100,2024-04-15,active,2026-01-06T00:00:00Z
SRC-POL-0101,POL0101,PA0101,POST01,800000101,2024-05-15,active,2026-01-06T00:00:00Z
SRC-POL-0102,POL0102,PA0102,POST02,800000102,2024-06-15,suspended,2026-01-06T00:00:00Z
SRC-POL-0103,POL0103,PA0103,POST03,800000103,2024-07-15,active,2026-01-06T00:00:00Z
SRC-POL-0104,POL0104,PA0104,POST04,800000104,2024-08-15,active,2026-01-06T00:00:00Z
SRC-POL-0105,POL0105,PA0105,POST05,800000105,2024-09-15,active,2026-01-06T00:00:00Z
SRC-POL-0106,POL0106,PA0106,POST01,800000106,2024-10-15,active,2026-01-06T00:00:00Z
SRC-POL-0107,POL0107,PA0107,POST02,800000107,2024-11-15,active,2026-01-06T00:00:00Z
SRC-POL-0108,POL0108,PA0108,POST03,800000108,2024-12-15,active,2026-01-06T00:00:00Z
SRC-POL-0109,POL0109,PA0109,POST04,800000109,2024-01-15,active,2026-01-06T00:00:00Z
SRC-POL-0110,POL0110,PA0110,POST05,800000110,2024-02-15,active,2026-01-06T00:00:00Z
SRC-POL-0111,POL0111,PA0111,POST01,800000111,2024-03-15,active,2026-01-06T00:00:00Z
SRC-POL-0112,POL0112,PA0112,POST02,800000112,2024-04-15,active,2026-01-06T00:00:00Z
SRC-POL-0113,POL0113,PA0113,POST03,800000113,2024-05-15,active,2026-01-06T00:00:00Z
SRC-POL-0114,POL0114,PA0114,POST04,800000114,2024-06-15,active,2026-01-06T00:00:00Z
SRC-POL-0115,POL0115,PA0115,POST05,800000115,2024-07-15,active,2026-01-06T00:00:00Z
SRC-POL-0116,POL0116,PA0116,POST01,800000116,2024-08-15,active,2026-01-06T00:00:00Z
SRC-POL-0117,POL0117,PA0117,POST02,800000117,2024-09-15,active,2026-01-06T00:00:00Z
SRC-POL-0118,POL0118,PA0118,POST03,800000118,2024-10-15,active,2026-01-06T00:00:00Z
SRC-POL-0119,POL0119,PA0119,POST04,800000119,2024-11-15,suspended,2026-01-06T00:00:00Z
SRC-POL-0120,POL0120,PA0120,POST05,800000120,2024-12-15,active,2026-01-06T00:00:00Z
SRC-POL-0121,POL0121,PA0121,POST01,800000121,2024-01-15,active,2026-01-06T00:00:00Z
SRC-POL-0122,POL0122,PA0122,POST02,800000122,2024-02-15,active,2026-01-06T00:00:00Z
SRC-POL-0123,POL0123,PA0123,POST03,800000123,2024-03-15,active,2026-01-06T00:00:00Z
SRC-POL-0124,POL0124,PA0124,POST04,800000124,2024-04-15,active,2026-01-06T00:00:00Z
SRC-POL-0125,POL0125,PA0125,POST05,800000125,2024-05-15,active,2026-01-06T00:00:00Z
SRC-POL-0126,POL0126,PA0126,POST01,800000126,2024-06-15,active,2026-01-06T00:00:00Z
SRC-POL-0127,POL0127,PA0127,POST02,800000127,2024-07-15,active,2026-01-06T00:00:00Z
SRC-POL-0128,POL0128,PA0128,POST03,800000128,2024-08-15,active,2026-01-06T00:00:00Z
SRC-POL-0129,POL0129,PA0129,POST04,800000129,2024-09-15,active,2026-01-06T00:00:00Z
SRC-POL-0130,POL0130,PA0130,POST05,800000130,2024-10-15,active,2026-01-06T00:00:00Z
SRC-POL-0131,POL0131,PA0131,POST01,800000131,2024-11-15,active,2026-01-06T00:00:00Z
SRC-POL-0132,POL0132,PA0132,POST02,800000132,2024-12-15,active,2026-01-06T00:00:00Z
SRC-POL-0133,POL0133,PA0133,POST03,800000133,2024-01-15,active,2026-01-06T00:00:00Z
SRC-POL-0134,POL0134,PA0134,POST04,800000134,2024-02-15,active,2026-01-06T00:00:00Z
SRC-POL-0135,POL0135,PA0135,POST05,800000135,2024-03-15,active,2026-01-06T00:00:00Z
SRC-POL-0136,POL0136,PA0136,POST01,800000136,2024-04-15,suspended,2026-01-06T00:00:00Z
SRC-POL-0137,POL0137,PA0137,POST02,800000137,2024-05-15,active,2026-01-06T00:00:00Z
SRC-POL-0138,POL0138,PA0138,POST03,800000138,2024-06-15,active,2026-01-06T00:00:00Z
SRC-POL-0139,POL0139,PA0139,POST04,800000139,2024-07-15,active,2026-01-06T00:00:00Z
SRC-POL-0140,POL0140,PA0140,POST05,800000140,2024-08-15,active,2026-01-06T00:00:00Z
SRC-POL-0141,POL0141,PA0141,POST01,800000141,2024-09-15,active,2026-01-06T00:00:00Z
SRC-POL-0142,POL0142,PA0142,POST02,800000142,2024-10-15,active,2026-01-06T00:00:00Z
SRC-POL-0143,POL0143,PA0143,POST03,800000143,2024-11-15,active,2026-01-06T00:00:00Z
SRC-POL-0144,POL0144,PA0144,POST04,800000144,2024-12-15,active,2026-01-06T00:00:00Z
SRC-POL-0145,POL0145,PA0145,POST05,800000145,2024-01-15,active,2026-01-06T00:00:00Z
SRC-POL-0146,POL0146,PA0146,POST01,800000146,2024-02-15,active,2026-01-06T00:00:00Z
SRC-POL-0147,POL0147,PA0147,POST02,800000147,2024-03-15,active,2026-01-06T00:00:00Z
SRC-POL-0148,POL0148,PA0148,POST03,800000148,2024-04-15,active,2026-01-06T00:00:00Z
SRC-POL-0149,POL0149,PA0149,POST04,800000149,2024-05-15,active,2026-01-06T00:00:00Z
SRC-POL-0150,POL0150,PA0150,POST05,800000150,2024-06-15,active,2026-01-06T00:00:00Z
SRC-POL-0151,POL0151,PA0151,POST01,800000151,2024-07-15,active,2026-01-06T00:00:00Z
SRC-POL-0152,POL0152,PA0152,POST02,800000152,2024-08-15,active,2026-01-06T00:00:00Z
SRC-POL-0153,POL0153,PA0153,POST03,800000153,2024-09-15,suspended,2026-01-06T00:00:00Z
SRC-POL-0154,POL0154,PA0154,POST04,800000154,2024-10-15,active,2026-01-06T00:00:00Z
SRC-POL-0155,POL0155,PA0155,POST05,800000155,2024-11-15,active,2026-01-06T00:00:00Z
SRC-POL-0156,POL0156,PA0156,POST01,800000156,2024-12-15,active,2026-01-06T00:00:00Z
SRC-POL-0157,POL0157,PA0157,POST02,800000157,2024-01-15,active,2026-01-06T00:00:00Z
SRC-POL-0158,POL0158,PA0158,POST03,800000158,2024-02-15,active,2026-01-06T00:00:00Z
SRC-POL-0159,POL0159,PA0159,POST04,800000159,2024-03-15,active,2026-01-06T00:00:00Z
SRC-POL-0160,POL0160,PA0160,POST05,800000160,2024-04-15,active,2026-01-06T00:00:00Z
SRC-POL-0161,POL0161,PA0161,POST01,800000161,2024-05-15,active,2026-01-06T00:00:00Z
SRC-POL-0162,POL0162,PA0162,POST02,800000162,2024-06-15,active,2026-01-06T00:00:00Z
SRC-POL-0163,POL0163,PA0163,POST03,800000163,2024-07-15,active,2026-01-06T00:00:00Z
SRC-POL-0164,POL0164,PA0164,POST04,800000164,2024-08-15,active,2026-01-06T00:00:00Z
SRC-POL-0165,POL0165,PA0165,POST05,800000165,2024-09-15,active,2026-01-06T00:00:00Z
SRC-POL-0166,POL0166,PA0166,POST01,800000166,2024-10-15,active,2026-01-06T00:00:00Z
SRC-POL-0167,POL0167,PA0167,POST02,800000167,2024-11-15,active,2026-01-06T00:00:00Z
SRC-POL-0168,POL0168,PA0168,POST03,800000168,2024-12-15,active,2026-01-06T00:00:00Z
SRC-POL-0169,POL0169,PA0169,POST04,800000169,2024-01-15,active,2026-01-06T00:00:00Z
SRC-POL-0170,POL0170,PA0170,POST05,800000170,2024-02-15,suspended,2026-01-06T00:00:00Z
SRC-POL-0171,POL0171,PA0171,POST01,800000171,2024-03-15,active,2026-01-06T00:00:00Z
SRC-POL-0172,POL0172,PA0172,POST02,800000172,2024-04-15,active,2026-01-06T00:00:00Z
SRC-POL-0173,POL0173,PA0173,POST03,800000173,2024-05-15,active,2026-01-06T00:00:00Z
SRC-POL-0174,POL0174,PA0174,POST04,800000174,2024-06-15,active,2026-01-06T00:00:00Z
SRC-POL-0175,POL0175,PA0175,POST05,800000175,2024-07-15,active,2026-01-06T00:00:00Z
SRC-POL-0176,POL0176,PA0176,POST01,800000176,2024-08-15,active,2026-01-06T00:00:00Z
SRC-POL-0177,POL0177,PA0177,POST02,800000177,2024-09-15,active,2026-01-06T00:00:00Z
SRC-POL-0178,POL0178,PA0178,POST03,800000178,2024-10-15,active,2026-01-06T00:00:00Z
SRC-POL-0179,POL0179,PA0179,POST04,800000179,2024-11-15,active,2026-01-06T00:00:00Z
SRC-POL-0180,POL0180,PA0180,POST05,800000180,2024-12-15,active,2026-01-06T00:00:00Z
SRC-POL-0181,POL0181,PA0181,POST01,800000181,2024-01-15,active,2026-01-06T00:00:00Z
SRC-POL-0182,POL0182,PA0182,POST02,800000182,2024-02-15,active,2026-01-06T00:00:00Z
SRC-POL-0183,POL0183,PA0183,POST03,800000183,2024-03-15,active,2026-01-06T00:00:00Z
SRC-POL-0184,POL0184,PA0184,POST04,800000184,2024-04-15,active,2026-01-06T00:00:00Z
SRC-POL-0185,POL0185,PA0185,POST05,800000185,2024-05-15,active,2026-01-06T00:00:00Z
SRC-POL-0186,POL0186,PA0186,POST01,800000186,2024-06-15,active,2026-01-06T00:00:00Z
SRC-POL-0187,POL0187,PA0187,POST02,800000187,2024-07-15,suspended,2026-01-06T00:00:00Z
SRC-POL-0188,POL0188,PA0188,POST03,800000188,2024-08-15,active,2026-01-06T00:00:00Z
SRC-POL-0189,POL0189,PA0189,POST04,800000189,2024-09-15,active,2026-01-06T00:00:00Z
SRC-POL-0190,POL0190,PA0190,POST05,800000190,2024-10-15,active,2026-01-06T00:00:00Z
SRC-POL-0191,POL0191,PA0191,POST01,800000191,2024-11-15,active,2026-01-06T00:00:00Z
SRC-POL-0192,POL0192,PA0192,POST02,800000192,2024-12-15,active,2026-01-06T00:00:00Z
SRC-POL-0193,POL0193,PA0193,POST03,800000193,2024-01-15,active,2026-01-06T00:00:00Z
SRC-POL-0194,POL0194,PA0194,POST04,800000194,2024-02-15,active,2026-01-06T00:00:00Z
SRC-POL-0195,POL0195,PA0195,POST05,800000195,2024-03-15,active,2026-01-06T00:00:00Z
SRC-POL-0196,POL0196,PA0196,POST01,800000196,2024-04-15,active,2026-01-06T00:00:00Z
SRC-POL-0197,POL0197,PA0197,POST02,800000197,2024-05-15,active,2026-01-06T00:00:00Z
SRC-POL-0198,POL0198,PA0198,POST03,800000198,2024-06-15,active,2026-01-06T00:00:00Z
SRC-POL-0199,POL0199,PA0199,POST04,800000199,2024-07-15,active,2026-01-06T00:00:00Z
SRC-POL-0200,POL0200,PA0200,POST05,800000200,2024-08-15,active,2026-01-06T00:00:00Z
SRC-POL-0201,POL0201,PA0201,POST01,800000201,2024-09-15,active,2026-01-06T00:00:00Z
SRC-POL-0202,POL0202,PA0202,POST02,800000202,2024-10-15,active,2026-01-06T00:00:00Z
SRC-POL-0203,POL0203,PA0203,POST03,800000203,2024-11-15,active,2026-01-06T00:00:00Z
SRC-POL-0204,POL0204,PA0204,POST04,800000204,2024-12-15,suspended,2026-01-06T00:00:00Z
SRC-POL-0205,POL0205,PA0205,POST05,800000205,2024-01-15,active,2026-01-06T00:00:00Z
SRC-POL-0206,POL0206,PA0206,POST01,800000206,2024-02-15,active,2026-01-06T00:00:00Z
SRC-POL-0207,POL0207,PA0207,POST02,800000207,2024-03-15,active,2026-01-06T00:00:00Z
SRC-POL-0208,POL0208,PA0208,POST03,800000208,2024-04-15,active,2026-01-06T00:00:00Z
SRC-POL-0209,POL0209,PA0209,POST04,800000209,2024-05-15,active,2026-01-06T00:00:00Z
SRC-POL-0210,POL0210,PA0210,POST05,800000210,2024-06-15,active,2026-01-06T00:00:00Z
SRC-POL-0211,POL0211,PA0211,POST01,800000211,2024-07-15,active,2026-01-06T00:00:00Z
SRC-POL-0212,POL0212,PA0212,POST02,800000212,2024-08-15,active,2026-01-06T00:00:00Z
SRC-POL-0213,POL0213,PA0213,POST03,800000213,2024-09-15,active,2026-01-06T00:00:00Z
SRC-POL-0214,POL0214,PA0214,POST04,800000214,2024-10-15,active,2026-01-06T00:00:00Z
SRC-POL-0215,POL0215,PA0215,POST05,800000215,2024-11-15,active,2026-01-06T00:00:00Z
SRC-POL-0216,POL0216,PA0216,POST01,800000216,2024-12-15,active,2026-01-06T00:00:00Z
SRC-POL-0217,POL0217,PA0217,POST02,800000217,2024-01-15,active,2026-01-06T00:00:00Z
SRC-POL-0218,POL0218,PA0218,POST03,800000218,2024-02-15,active,2026-01-06T00:00:00Z
SRC-POL-0219,POL0219,PA0219,POST04,800000219,2024-03-15,active,2026-01-06T00:00:00Z
SRC-POL-0220,POL0220,PA0220,POST05,800000220,2024-04-15,active,2026-01-06T00:00:00Z
SRC-POL-0221,POL0221,PA0221,POST01,800000221,2024-05-15,suspended,2026-01-06T00:00:00Z
SRC-POL-0222,POL0222,PA0222,POST02,800000222,2024-06-15,active,2026-01-06T00:00:00Z
SRC-POL-0223,POL0223,PA0223,POST03,800000223,2024-07-15,active,2026-01-06T00:00:00Z
SRC-POL-0224,POL0224,PA0224,POST04,800000224,2024-08-15,active,2026-01-06T00:00:00Z
SRC-POL-0225,POL0225,PA0225,POST05,800000225,2024-09-15,active,2026-01-06T00:00:00Z
SRC-POL-0226,POL0226,PA0226,POST01,800000226,2024-10-15,active,2026-01-06T00:00:00Z
SRC-POL-0227,POL0227,PA0227,POST02,800000227,2024-11-15,active,2026-01-06T00:00:00Z
SRC-POL-0228,POL0228,PA0228,POST03,800000228,2024-12-15,active,2026-01-06T00:00:00Z
SRC-POL-0229,POL0229,PA0229,POST04,800000229,2024-01-15,active,2026-01-06T00:00:00Z
SRC-POL-0230,POL0230,PA0230,POST05,800000230,2024-02-15,active,2026-01-06T00:00:00Z
SRC-POL-0231,POL0231,PA0231,POST01,800000231,2024-03-15,active,2026-01-06T00:00:00Z
SRC-POL-0232,POL0232,PA0232,POST02,800000232,2024-04-15,active,2026-01-06T00:00:00Z
SRC-POL-0233,POL0233,PA0233,POST03,800000233,2024-05-15,active,2026-01-06T00:00:00Z
SRC-POL-0234,POL0234,PA0234,POST04,800000234,2024-06-15,active,2026-01-06T00:00:00Z
SRC-POL-0235,POL0235,PA0235,POST05,800000235,2024-07-15,active,2026-01-06T00:00:00Z
SRC-POL-0236,POL0236,PA0236,POST01,800000236,2024-08-15,active,2026-01-06T00:00:00Z
SRC-POL-0237,POL0237,PA0237,POST02,800000237,2024-09-15,active,2026-01-06T00:00:00Z
SRC-POL-0238,POL0238,PA0238,POST03,800000238,2024-10-15,suspended,2026-01-06T00:00:00Z
SRC-POL-0239,POL0239,PA0239,POST04,800000239,2024-11-15,active,2026-01-06T00:00:00Z
SRC-POL-0240,POL0240,PA0240,POST05,800000240,2024-12-15,active,2026-01-06T00:00:00Z
SRC-POL-0241,POL0241,PA0241,POST01,800000241,2024-01-15,active,2026-01-06T00:00:00Z
SRC-POL-0242,POL0242,PA0242,POST02,800000242,2024-02-15,active,2026-01-06T00:00:00Z
SRC-POL-0243,POL0243,PA0243,POST03,800000243,2024-03-15,active,2026-01-06T00:00:00Z
SRC-POL-0244,POL0244,PA0244,POST04,800000244,2024-04-15,active,2026-01-06T00:00:00Z
SRC-POL-0245,POL0245,PA0245,POST05,800000245,2024-05-15,active,2026-01-06T00:00:00Z
SRC-POL-0246,POL0246,PA0246,POST01,800000246,2024-06-15,active,2026-01-06T00:00:00Z
SRC-POL-0247,POL0247,PA0247,POST02,800000247,2024-07-15,active,2026-01-06T00:00:00Z
SRC-POL-0248,POL0248,PA0248,POST03,800000248,2024-08-15,active,2026-01-06T00:00:00Z
SRC-POL-0249,POL0249,PA0249,POST04,800000249,2024-09-15,active,2026-01-06T00:00:00Z
SRC-POL-0250,POL0250,PA0250,POST05,800000250,2024-10-15,active,2026-01-06T00:00:00Z
SRC-POL-0251,POL0251,PA0251,POST01,800000251,2024-11-15,active,2026-01-06T00:00:00Z
SRC-POL-0252,POL0252,PA0252,POST02,800000252,2024-12-15,active,2026-01-06T00:00:00Z
SRC-POL-0253,POL0253,PA0253,POST03,800000253,2024-01-15,active,2026-01-06T00:00:00Z
SRC-POL-0254,POL0254,PA0254,POST04,800000254,2024-02-15,active,2026-01-06T00:00:00Z
SRC-POL-0255,POL0255,PA0255,POST05,800000255,2024-03-15,suspended,2026-01-06T00:00:00Z
SRC-POL-0256,POL0256,PA0256,POST01,800000256,2024-04-15,active,2026-01-06T00:00:00Z
SRC-POL-0257,POL0257,PA0257,POST02,800000257,2024-05-15,active,2026-01-06T00:00:00Z
SRC-POL-0258,POL0258,PA0258,POST03,800000258,2024-06-15,active,2026-01-06T00:00:00Z
SRC-POL-0259,POL0259,PA0259,POST04,800000259,2024-07-15,active,2026-01-06T00:00:00Z
SRC-POL-0260,POL0260,PA0260,POST05,800000260,2024-08-15,active,2026-01-06T00:00:00Z
SRC-POL-0261,POL0261,PA0261,POST01,800000261,2024-09-15,active,2026-01-06T00:00:00Z
SRC-POL-0262,POL0262,PA0262,POST02,800000262,2024-10-15,active,2026-01-06T00:00:00Z
SRC-POL-0263,POL0263,PA0263,POST03,800000263,2024-11-15,active,2026-01-06T00:00:00Z
SRC-POL-0264,POL0264,PA0264,POST04,800000264,2024-12-15,active,2026-01-06T00:00:00Z
SRC-POL-0265,POL0265,PA0265,POST05,800000265,2024-01-15,active,2026-01-06T00:00:00Z
SRC-POL-0266,POL0266,PA0266,POST01,800000266,2024-02-15,active,2026-01-06T00:00:00Z
SRC-POL-0267,POL0267,PA0267,POST02,800000267,2024-03-15,active,2026-01-06T00:00:00Z
SRC-POL-0268,POL0268,PA0268,POST03,800000268,2024-04-15,active,2026-01-06T00:00:00Z
SRC-POL-0269,POL0269,PA0269,POST04,800000269,2024-05-15,active,2026-01-06T00:00:00Z
SRC-POL-0270,POL0270,PA0270,POST05,800000270,2024-06-15,active,2026-01-06T00:00:00Z
SRC-POL-0271,POL0271,PA0271,POST01,800000271,2024-07-15,active,2026-01-06T00:00:00Z
SRC-POL-0272,POL0272,PA0272,POST02,800000272,2024-08-15,suspended,2026-01-06T00:00:00Z
SRC-POL-0273,POL0273,PA0273,POST03,800000273,2024-09-15,active,2026-01-06T00:00:00Z
SRC-POL-0274,POL0274,PA0274,POST04,800000274,2024-10-15,active,2026-01-06T00:00:00Z
SRC-POL-0275,POL0275,PA0275,POST05,800000275,2024-11-15,active,2026-01-06T00:00:00Z
SRC-POL-0276,POL0276,PA0276,POST01,800000276,2024-12-15,active,2026-01-06T00:00:00Z
SRC-POL-0277,POL0277,PA0277,POST02,800000277,2024-01-15,active,2026-01-06T00:00:00Z
SRC-POL-0278,POL0278,PA0278,POST03,800000278,2024-02-15,active,2026-01-06T00:00:00Z
SRC-POL-0279,POL0279,PA0001,POST04,800000279,2024-03-15,active,2026-01-06T00:00:00Z
SRC-POL-0280,POL0280,PA0002,POST05,800000280,2024-04-15,active,2026-01-06T00:00:00Z
SRC-POL-0281,POL0281,PA0003,POST01,800000281,2024-05-15,active,2026-01-06T00:00:00Z
SRC-POL-0282,POL0282,PA0004,POST02,800000282,2024-06-15,active,2026-01-06T00:00:00Z
SRC-POL-0283,POL0283,PA0005,POST03,800000283,2024-07-15,active,2026-01-06T00:00:00Z
SRC-POL-0284,POL0284,PA0006,POST04,800000284,2024-08-15,active,2026-01-06T00:00:00Z
SRC-POL-0285,POL0285,PA0007,POST05,800000285,2024-09-15,active,2026-01-06T00:00:00Z
SRC-POL-0286,POL0286,PA0008,POST01,800000286,2024-10-15,active,2026-01-06T00:00:00Z
SRC-POL-0287,POL0287,PA0009,POST02,800000287,2024-11-15,active,2026-01-06T00:00:00Z
SRC-POL-0288,POL0288,PA0010,POST03,800000288,2024-12-15,active,2026-01-06T00:00:00Z
SRC-POL-0289,POL0289,PA0011,POST04,800000289,2024-01-15,suspended,2026-01-06T00:00:00Z
SRC-POL-0290,POL0290,PA0012,POST05,800000290,2024-02-15,active,2026-01-06T00:00:00Z
SRC-POL-0291,POL0291,PA0013,POST01,800000291,2024-03-15,active,2026-01-06T00:00:00Z
SRC-POL-0292,POL0292,PA0014,POST02,800000292,2024-04-15,active,2026-01-06T00:00:00Z
SRC-POL-0293,POL0293,PA0015,POST03,800000293,2024-05-15,active,2026-01-06T00:00:00Z
SRC-POL-0294,POL0294,PA0016,POST04,800000294,2024-06-15,active,2026-01-06T00:00:00Z
SRC-POL-0295,POL0295,PA0017,POST05,800000295,2024-07-15,active,2026-01-06T00:00:00Z
SRC-POL-0296,POL0296,PA0018,POST01,800000296,2024-08-15,active,2026-01-06T00:00:00Z
SRC-POL-0297,POL0297,PA0019,POST02,800000297,2024-09-15,active,2026-01-06T00:00:00Z
SRC-POL-0298,POL0298,PA0020,POST03,800000298,2024-10-15,active,2026-01-06T00:00:00Z
SRC-POL-0299,POL0299,PA0021,POST04,800000299,2024-11-15,active,2026-01-06T00:00:00Z
SRC-POL-0300,POL0300,PA0022,POST05,800000300,2024-12-15,active,2026-01-06T00:00:00Z
SRC-POL-0301,POL0301,PA0023,POST01,800000301,2024-01-15,active,2026-01-06T00:00:00Z
SRC-POL-0302,POL0302,PA0024,POST02,800000302,2024-02-15,active,2026-01-06T00:00:00Z
SRC-POL-0303,POL0303,PA0025,POST03,800000303,2024-03-15,active,2026-01-06T00:00:00Z
SRC-POL-0304,POL0304,PA0026,POST04,800000304,2024-04-15,active,2026-01-06T00:00:00Z
SRC-POL-0305,POL0305,PA0027,POST05,800000305,2024-05-15,active,2026-01-06T00:00:00Z
SRC-POL-0306,POL0306,PA0028,POST01,800000306,2024-06-15,suspended,2026-01-06T00:00:00Z
SRC-POL-0307,POL0307,PA0029,POST02,800000307,2024-07-15,active,2026-01-06T00:00:00Z
SRC-POL-0308,POL0308,PA0030,POST03,800000308,2024-08-15,active,2026-01-06T00:00:00Z
SRC-POL-0309,POL0309,PA0031,POST04,800000309,2024-09-15,active,2026-01-06T00:00:00Z
SRC-POL-0310,POL0310,PA0032,POST05,800000310,2024-10-15,active,2026-01-06T00:00:00Z
SRC-POL-0311,POL0311,PA0033,POST01,800000311,2024-11-15,active,2026-01-06T00:00:00Z
SRC-POL-0312,POL0312,PA0034,POST02,800000312,2024-12-15,active,2026-01-06T00:00:00Z
SRC-POL-0313,POL0313,PA0035,POST03,800000313,2024-01-15,active,2026-01-06T00:00:00Z
SRC-POL-0314,POL0314,PA0036,POST04,800000314,2024-02-15,active,2026-01-06T00:00:00Z
SRC-POL-0315,POL0315,PA0037,POST05,800000315,2024-03-15,active,2026-01-06T00:00:00Z
SRC-POL-0316,POL0316,PA0038,POST01,800000316,2024-04-15,active,2026-01-06T00:00:00Z
SRC-POL-0317,POL0317,PA0039,POST02,800000317,2024-05-15,active,2026-01-06T00:00:00Z
SRC-POL-0318,POL0318,PA0040,POST03,800000318,2024-06-15,active,2026-01-06T00:00:00Z
SRC-POL-0319,POL0319,PA0041,POST04,800000319,2024-07-15,active,2026-01-06T00:00:00Z
SRC-POL-0320,POL0320,PA0042,POST05,800000320,2024-08-15,active,2026-01-06T00:00:00Z
SRC-POL-0321,POL0321,PA0043,POST01,800000321,2024-09-15,active,2026-01-06T00:00:00Z
SRC-POL-0322,POL0322,PA0044,POST02,800000322,2024-10-15,active,2026-01-06T00:00:00Z
SRC-POL-0323,POL0323,PA0045,POST03,800000323,2024-11-15,suspended,2026-01-06T00:00:00Z
SRC-POL-0324,POL0324,PA0046,POST04,800000324,2024-12-15,active,2026-01-06T00:00:00Z
SRC-POL-0325,POL0325,PA0047,POST05,800000325,2024-01-15,active,2026-01-06T00:00:00Z
SRC-POL-0326,POL0326,PA0048,POST01,800000326,2024-02-15,active,2026-01-06T00:00:00Z
SRC-POL-0327,POL0327,PA0049,POST02,800000327,2024-03-15,active,2026-01-06T00:00:00Z
SRC-POL-0328,POL0328,PA0050,POST03,800000328,2024-04-15,active,2026-01-06T00:00:00Z
SRC-POL-0329,POL0329,PA0051,POST04,800000329,2024-05-15,active,2026-01-06T00:00:00Z
SRC-POL-0330,POL0330,PA0052,POST05,800000330,2024-06-15,active,2026-01-06T00:00:00Z
SRC-POL-0331,POL0331,PA0053,POST01,800000331,2024-07-15,active,2026-01-06T00:00:00Z
SRC-POL-0332,POL0332,PA0054,POST02,800000332,2024-08-15,active,2026-01-06T00:00:00Z
SRC-POL-0333,POL0333,PA0055,POST03,800000333,2024-09-15,active,2026-01-06T00:00:00Z
SRC-POL-0334,POL0334,PA0056,POST04,800000334,2024-10-15,active,2026-01-06T00:00:00Z
SRC-POL-0335,POL0335,PA0057,POST05,800000335,2024-11-15,active,2026-01-06T00:00:00Z
SRC-POL-0336,POL0336,PA0058,POST01,800000336,2024-12-15,active,2026-01-06T00:00:00Z
SRC-POL-0337,POL0337,PA0059,POST02,800000337,2024-01-15,active,2026-01-06T00:00:00Z
SRC-POL-0338,POL0338,PA0060,POST03,800000338,2024-02-15,active,2026-01-06T00:00:00Z
SRC-POL-0339,POL0339,PA0061,POST04,800000339,2024-03-15,active,2026-01-06T00:00:00Z
SRC-POL-0340,POL0340,PA0062,POST05,800000340,2024-04-15,suspended,2026-01-06T00:00:00Z
SRC-POL-0341,POL0341,PA0063,POST01,800000341,2024-05-15,active,2026-01-06T00:00:00Z
SRC-POL-0342,POL0342,PA0064,POST02,800000342,2024-06-15,active,2026-01-06T00:00:00Z
SRC-POL-0343,POL0343,PA0065,POST03,800000343,2024-07-15,active,2026-01-06T00:00:00Z
SRC-POL-0344,POL0344,PA0066,POST04,800000344,2024-08-15,active,2026-01-06T00:00:00Z
SRC-POL-0345,POL0345,PA0067,POST05,800000345,2024-09-15,active,2026-01-06T00:00:00Z
SRC-POL-0346,POL0346,PA0068,POST01,800000346,2024-10-15,active,2026-01-06T00:00:00Z
SRC-POL-0347,POL0347,PA0069,POST02,800000347,2024-11-15,active,2026-01-06T00:00:00Z
SRC-POL-0348,POL0348,PA0070,POST03,800000348,2024-12-15,active,2026-01-06T00:00:00Z
SRC-POL-0349,POL0349,PA0071,POST04,800000349,2024-01-15,active,2026-01-06T00:00:00Z
SRC-POL-0350,POL0350,PA0072,POST05,800000350,2024-02-15,active,2026-01-06T00:00:00Z
SRC-POL-0351,POL0351,PA0073,POST01,800000351,2024-03-15,active,2026-01-06T00:00:00Z
SRC-POL-0352,POL0352,PA0074,POST02,800000352,2024-04-15,active,2026-01-06T00:00:00Z
SRC-POL-0353,POL0353,PA0075,POST03,800000353,2024-05-15,active,2026-01-06T00:00:00Z
SRC-POL-0354,POL0354,PA0076,POST04,800000354,2024-06-15,active,2026-01-06T00:00:00Z
SRC-POL-0355,POL0355,PA0077,POST05,800000355,2024-07-15,active,2026-01-06T00:00:00Z
SRC-POL-0356,POL0356,PA0078,POST01,800000356,2024-08-15,active,2026-01-06T00:00:00Z
SRC-POL-0357,POL0357,PA0079,POST02,800000357,2024-09-15,suspended,2026-01-06T00:00:00Z
SRC-POL-0358,POL0358,PA0080,POST03,800000358,2024-10-15,active,2026-01-06T00:00:00Z
SRC-POL-0359,POL0359,PA0081,POST04,800000359,2024-11-15,active,2026-01-06T00:00:00Z
SRC-POL-0360,POL0360,PA0082,POST05,800000360,2024-12-15,active,2026-01-06T00:00:00Z
SRC-POL-0361,POL0361,PA0083,POST01,800000361,2024-01-15,active,2026-01-06T00:00:00Z
SRC-POL-0362,POL0362,PA0084,POST02,800000362,2024-02-15,active,2026-01-06T00:00:00Z
SRC-POL-0363,POL0363,PA0085,POST03,800000363,2024-03-15,active,2026-01-06T00:00:00Z
SRC-POL-0364,POL0364,PA0086,POST04,800000364,2024-04-15,active,2026-01-06T00:00:00Z
SRC-POL-0365,POL0365,PA0087,POST05,800000365,2024-05-15,active,2026-01-06T00:00:00Z
SRC-POL-0366,POL0366,PA0088,POST01,800000366,2024-06-15,active,2026-01-06T00:00:00Z
SRC-POL-0367,POL0367,PA0089,POST02,800000367,2024-07-15,active,2026-01-06T00:00:00Z
SRC-POL-0368,POL0368,PA0090,POST03,800000368,2024-08-15,active,2026-01-06T00:00:00Z
SRC-POL-0369,POL0369,PA0091,POST04,800000369,2024-09-15,active,2026-01-06T00:00:00Z
SRC-POL-0370,POL0370,PA0092,POST05,800000370,2024-10-15,active,2026-01-06T00:00:00Z
SRC-POL-0371,POL0371,PA0093,POST01,800000371,2024-11-15,active,2026-01-06T00:00:00Z
SRC-POL-0372,POL0372,PA0094,POST02,800000372,2024-12-15,active,2026-01-06T00:00:00Z
SRC-POL-0373,POL0373,PA0095,POST03,800000373,2024-01-15,active,2026-01-06T00:00:00Z
SRC-POL-0374,POL0374,PA0096,POST04,800000374,2024-02-15,suspended,2026-01-06T00:00:00Z
SRC-POL-0375,POL0375,PA0097,POST05,800000375,2024-03-15,active,2026-01-06T00:00:00Z
SRC-POL-0376,POL0376,PA0098,POST01,800000376,2024-04-15,active,2026-01-06T00:00:00Z
SRC-POL-0377,POL0377,PA0099,POST02,800000377,2024-05-15,active,2026-01-06T00:00:00Z
SRC-POL-0378,POL0378,PA0100,POST03,800000378,2024-06-15,active,2026-01-06T00:00:00Z
SRC-POL-0379,POL0379,PA0101,POST04,800000379,2024-07-15,active,2026-01-06T00:00:00Z
SRC-POL-0380,POL0380,PA0102,POST05,800000380,2024-08-15,active,2026-01-06T00:00:00Z
SRC-POL-0381,POL0381,PA0103,POST01,800000381,2024-09-15,active,2026-01-06T00:00:00Z
SRC-POL-0382,POL0382,PA0104,POST02,800000382,2024-10-15,active,2026-01-06T00:00:00Z
SRC-POL-0383,POL0383,PA0105,POST03,800000383,2024-11-15,active,2026-01-06T00:00:00Z
SRC-POL-0384,POL0384,PA0106,POST04,800000384,2024-12-15,active,2026-01-06T00:00:00Z
SRC-POL-0385,POL0385,PA0107,POST05,800000385,2024-01-15,active,2026-01-06T00:00:00Z
SRC-POL-0386,POL0386,PA0108,POST01,800000386,2024-02-15,active,2026-01-06T00:00:00Z
SRC-POL-0387,POL0387,PA0109,POST02,800000387,2024-03-15,active,2026-01-06T00:00:00Z
SRC-POL-0388,POL0388,PA0110,POST03,800000388,2024-04-15,active,2026-01-06T00:00:00Z
SRC-POL-0389,POL0389,PA0111,POST04,800000389,2024-05-15,active,2026-01-06T00:00:00Z
SRC-POL-0390,POL0390,PA0112,POST05,800000390,2024-06-15,active,2026-01-06T00:00:00Z
SRC-POL-0391,POL0391,PA0113,POST01,800000391,2024-07-15,suspended,2026-01-06T00:00:00Z
SRC-POL-0392,POL0392,PA0114,POST02,800000392,2024-08-15,active,2026-01-06T00:00:00Z
SRC-POL-0393,POL0393,PA0115,POST03,800000393,2024-09-15,active,2026-01-06T00:00:00Z
SRC-POL-0394,POL0394,PA0116,POST04,800000394,2024-10-15,active,2026-01-06T00:00:00Z
SRC-POL-0395,POL0395,PA0117,POST05,800000395,2024-11-15,active,2026-01-06T00:00:00Z
SRC-POL-0396,POL0396,PA0118,POST01,800000396,2024-12-15,active,2026-01-06T00:00:00Z
SRC-POL-0397,POL0397,PA0119,POST02,800000397,2024-01-15,active,2026-01-06T00:00:00Z
SRC-POL-0398,POL0398,PA0120,POST03,800000398,2024-02-15,active,2026-01-06T00:00:00Z
SRC-POL-0399,POL0399,PA9999,POST04,800000399,2024-03-15,active,2026-01-06T00:00:00Z
SRC-POL-0400,POL0400,PA9999,POST05,800000400,2024-04-15,active,2026-01-06T00:00:00Z
