source_row_id,line_id,customer_id,product_id,msisdn,activation_date,status,updated_at
SRC-PL-0001,PL0001,C0001,PRE01,700000001,2025-01-01,active,2026-01-04T00:00:00Z
SRC-PL-0002,PL0002,C0002,PRE02,700000002,2025-02-01,active,2026-01-04T00:00:00Z
SRC-PL-0003,PL0003,C0003,PRE03,700000003,2025-03-01,active,2026-01-04T00:00:00Z
SRC-PL-0004,PL0004,C0004,PRE04,700000004,2025-04-01,active,2026-01-04T00:00:00Z
SRC-PL-0005,PL0005,C0005,PRE05,700000005,2025-05-01,active,2026-01-04T00:00:00Z
SRC-PL-0006,PL0006,C0006,PRE01,700000006,2025-06-01,active,2026-01-04T00:00:00Z
SRC-PL-0007,PL0007,C0007,PRE02,700000007,2025-07-01,active,2026-01-04T00:00:00Z
SRC-PL-0008,PL0008,C0008,PRE03,700000008,2025-08-01,active,2026-01-04T00:00:00Z
SRC-PL-0009,PL0009,C0009,PRE04,700000009,2025-09-01,active,2026-01-04T00:00:00Z
SRC-PL-0010,PL0010,C0010,PRE05,700000010,2025-10-01,active,2026-01-04T00:00:00Z
SRC-PL-0011,PL0011,C0011,PRE01,700000011,2025-11-01,suspended,2026-01-04T00:00:00Z
SRC-PL-0012,PL0012,C0012,PRE02,700000012,2025-12-01,active,2026-01-04T00:00:00Z
SRC-PL-0013,PL0013,C0013,PRE03,700000013,2025-01-01,active,2026-01-04T00:00:00Z
SRC-PL-0014,PL0014,C0014,PRE04,700000014,2025-02-01,active,2026-01-04T00:00:00Z
SRC-PL-0015,PL0015,C0015,PRE05,700000015,2025-03-01,active,2026-01-04T00:00:00Z
SRC-PL-0016,PL0016,C0016,PRE01,700000016,2025-04-01,active,2026-01-04T00:00:00Z
SRC-PL-0017,PL0017,C0017,PRE02,700000017,2025-05-01,active,2026-01-04T00:00:00Z
SRC-PL-0018,PL0018,C0018,PRE03,700000018,2025-06-01,active,2026-01-04T00:00:00Z
SRC-PL-0019,PL0019,C0019,PRE04,700000019,2025-07-01,active,2026-01-04T00:00:00Z
SRC-PL-0020,PL0020,C0020,PRE05,700000020,2025-08-01,active,2026-01-04T00:00:00Z
SRC-PL-0021,PL0021,C0021,PRE01,700000021,2025-09-01,active,2026-01-04T00:00:00Z
SRC-PL-0022,PL0022,C0022,PRE02,700000022,2025-10-01,suspended,2026-01-04T00:00:00Z
SRC-PL-0023,PL0023,C0023,PRE03,700000023,2025-11-01,active,2026-01-04T00:00:00Z
SRC-PL-0024,PL0024,C0024,PRE04,700000024,2025-12-01,active,2026-01-04T00:00:00Z
SRC-PL-0025,PL0025,C0025,PRE05,700000025,2025-01-01,active,2026-01-04T00:00:00Z
SRC-PL-0026,PL0026,C0026,PRE01,700000026,2025-02-01,active,2026-01-04T00:00:00Z
SRC-PL-0027,PL0027,C0027,PRE02,700000027,2025-03-01,active,2026-01-04T00:00:00Z
SRC-PL-0028,PL0028,C0028,PRE03,700000028,2025-04-01,active,2026-01-04T00:00:00Z
SRC-PL-0029,PL0029,C0029,PRE04,700000029,2025-05-01,active,2026-01-04T00:00:00Z
SRC-PL-0030,PL0030,C0030,PRE05,700000030,2025-06-01,active,2026-01-04T00:00:00Z
SRC-PL-0031,PL0031,C0031,PRE01,700000031,2025-07-01,active,2026-01-04T00:00:00Z
SRC-PL-0032,PL0032,C0032,PRE02,700000032,2025-08-01,active,2026-01-04T00:00:00Z
SRC-PL-0033,PL0033,C0033,PRE03,700000033,2025-09-01,suspended,2026-01-04T00:00:00Z
SRC-PL-0034,PL0034,C0034,PRE04,700000034,2025-10-01,active,2026-01-04T00:00:00Z
SRC-PL-0035,PL0035,C0035,PRE05,700000035,2025-11-01,active,2026-01-04T00:00:00Z
SRC-PL-0036,PL0036,C0036,PRE01,700000036,2025-12-01,active,2026-01-04T00:00:00Z
SRC-PL-0037,PL0037,C0037,PRE02,700000037,2025-01-01,active,2026-01-04T00:00:00Z
SRC-PL-0038,PL0038,C0038,PRE03,700000038,2025-02-01,active,2026-01-04T00:00:00Z
SRC-PL-0039,PL0039,C0039,PRE04,700000039,2025-03-01,active,2026-01-04T00:00:00Z
SRC-PL-0040,PL0040,C0040,PRE05,700000040,2025-04-01,active,2026-01-04T00:00:00Z
SRC-PL-0041,PL0041,C0041,PRE01,700000041,2025-05-01,active,2026-01-04T00:00:00Z
SRC-PL-0042,PL0042,C0042,PRE02,700000042,2025-06-01,active,2026-01-04T00:00:00Z
SRC-PL-0043,PL0043,C0043,PRE03,700000043,2025-07-01,active,2026-01-04T00:00:00Z
SRC-PL-0044,PL0044,C0044,PRE04,700000044,2025-08-01,suspended,2026-01-04T00:00:00Z
SRC-PL-0045,PL0045,C0045,PRE05,700000045,2025-09-01,active,2026-01-04T00:00:00Z
SRC-PL-0046,PL0046,C0046,PRE01,700000046,2025-10-01,active,2026-01-04T00:00:00Z
SRC-PL-0047,PL0047,C0047,PRE02,700000047,2025-11-01,active,2026-01-04T00:00:00Z
SRC-PL-0048,PL0048,C0048,PRE03,700000048,2025-12-01,active,2026-01-04T00:00:00Z
SRC-PL-0049,PL0049,C0049,PRE04,700000049,2025-01-01,active,2026-01-04T00:00:00Z
SRC-PL-0050,PL0050,C0050,PRE05,700000050,2025-02-01,active,2026-01-04T00:00:00Z
SRC-PL-0051,PL0051,C0051,PRE01,700000051,2025-03-01,active,2026-01-04T00:00:00Z
SRC-PL-0052,PL0052,C0052,PRE02,700000052,2025-04-01,active,2026-01-04T00:00:00Z
SRC-PL-0053,PL0053,C0053,PRE03,700000053,2025-05-01,active,2026-01-04T00:00:00Z
SRC-PL-0054,PL0054,C0054,PRE04,700000054,2025-06-01,active,2026-01-04T00:00:00Z
SRC-PL-0055,PL0055,C0055,PRE05,700000055,2025-07-01,suspended,2026-01-04T00:00:00Z
SRC-PL-0056,PL0056,C0056,PRE01,700000056,2025-08-01,active,2026-01-04T00:00:00Z
SRC-PL-0057,PL0057,C0057,PRE02,700000057,2025-09-01,active,2026-01-04T00:00:00Z
SRC-PL-0058,PL0058,C0058,PRE03,700000058,2025-10-01,active,2026-01-04T00:00:00Z
SRC-PL-0059,PL0059,C0059,PRE04,700000059,2025-11-01,active,2026-01-04T00:00:00Z
SRC-PL-0060,PL0060,C0060,PRE05,700000060,2025-12-01,active,2026-01-04T00:00:00Z
SRC-PL-0061,PL0061,C0061,PRE01,700000061,2025-01-01,active,2026-01-04T00:00:00Z
SRC-PL-0062,PL0062,C0062,PRE02,700000062,2025-02-01,active,2026-01-04T00:00:00Z
SRC-PL-0063,PL0063,C0063,PRE03,700000063,2025-03-01,active,2026-01-04T00:00:00Z
SRC-PL-0064,PL0064,C0064,PRE04,700000064,2025-04-01,active,2026-01-04T00:00:00Z
SRC-PL-0065,PL0065,C0065,PRE05,700000065,2025-05-01,active,2026-01-04T00:00:00Z
SRC-PL-0066,PL0066,C0066,PRE01,700000066,2025-06-01,suspended,2026-01-04T00:00:00Z
SRC-PL-0067,PL0067,C0067,PRE02,700000067,2025-07-01,active,2026-01-04T00:00:00Z
SRC-PL-0068,PL0068,C0068,PRE03,700000068,2025-08-01,active,2026-01-04T00:00:00Z
SRC-PL-0069,PL0069,C0069,PRE04,700000069,2025-09-01,active,2026-01-04T00:00:00Z
SRC-PL-0070,PL0070,C0070,PRE05,700000070,2025-10-01,active,2026-01-04T00:00:00Z
SRC-PL-0071,PL0071,C0071,PRE01,700000071,2025-11-01,active,2026-01-04T00:00:00Z
SRC-PL-0072,PL0072,C0072,PRE02,700000072,2025-12-01,active,2026-01-04T00:00:00Z
SRC-PL-0073,PL0073,C0073,PRE03,700000073,2025-01-01,active,2026-01-04T00:00:00Z
SRC-PL-0074,PL0074,C0074,PRE04,700000074,2025-02-01,active,2026-01-04T00:00:00Z
SRC-PL-0075,PL0075,C0075,PRE05,700000075,2025-03-01,active,2026-01-04T00:00:00Z
SRC-PL-0076,PL0076,C0076,PRE01,700000076,2025-04-01,active,2026-01-04T00:00:00Z
SRC-PL-0077,PL0077,C0077,PRE02,700000077,2025-05-01,suspended,2026-01-04T00:00:00Z
SRC-PL-0078,PL0078,C0078,PRE03,700000078,2025-06-01,active,2026-01-04T00:00:00Z
SRC-PL-0079,PL0079,C0079,PRE04,700000079,2025-07-01,active,2026-01-04T00:00:00Z
SRC-PL-0080,PL0080,C0080,PRE05,700000080,2025-08-01,active,2026-01-04T00:00:00Z
SRC-PL-0081,PL0081,C0081,PRE01,700000081,2025-09-01,active,2026-01-04T00:00:00Z
SRC-PL-0082,PL0082,C0082,PRE02,700000082,2025-10-01,active,2026-01-04T00:00:00Z
SRC-PL-0083,PL0083,C0083,PRE03,700000083,2025-11-01,active,2026-01-04T00:00:00Z
SRC-PL-0084,PL0084,C0084,PRE04,700000084,2025-12-01,active,2026-01-04T00:00:00Z
SRC-PL-0085,PL0085,C0085,PRE05,700000085,2025-01-01,active,2026-01-04T00:00:00Z
SRC-PL-0086,PL0086,C0086,PRE01,700000086,2025-02-01,active,2026-01-04T00:00:00Z
SRC-PL-0087,PL0087,C0087,PRE02,700000087,2025-03-01,active,2026-01-04T00:00:00Z
SRC-PL-0088,PL0088,C0088,PRE03,700000088,2025-04-01,suspended,2026-01-04T00:00:00Z
SRC-PL-0089,PL0089,C0089,PRE04,700000089,2025-05-01,active,2026-01-04T00:00:00Z
SRC-PL-0090,PL0090,C0090,PRE05,700000090,2025-06-01,active,2026-01-04T00:00:00Z
SRC-PL-0091,PL0091,C0091,PRE01,700000091,2025-07-01,active,2026-01-04T00:00:00Z
SRC-PL-0092,PL0092,C0092,PRE02,700000092,2025-08-01,active,2026-01-04T00:00:00Z
SRC-PL-0093,PL0093,C0093,PRE03,700000093,2025-09-01,active,2026-01-04T00:00:00Z
SRC-PL-0094,PL0094,C0094,PRE04,700000094,2025-10-01,active,2026-01-04T00:00:00Z
SRC-PL-0095,PL0095,C0095,PRE05,700000095,2025-11-01,active,2026-01-04T00:00:00Z
SRC-PL-0096,PL0096,C0096,PRE01,700000096,2025-12-01,active,2026-01-04T00:00:00Z
SRC-PL-0097,PL0097,C0097,PRE02,700000097,2025-01-01,active,2026-01-04T00:00:00Z
SRC-PL-0098,PL0098,C0098,PRE03,700000098,2025-02-01,active,2026-01-04T00:00:00Z
SRC-PL-0099,PL0099,C0099,PRE04,700000099,2025-03-01,suspended,2026-01-04T00:00:00Z
SRC-PL-0100,PL0100,C0100,PRE05,700000100,2025-04-01,active,2026-01-04T00:00:00Z
SRC-PL-0101,PL0101,C0101,PRE01,700000101,2025-05-01,active,2026-01-04T00:00:00Z
SRC-PL-0102,PL0102,C0102,PRE02,700000102,2025-06-01,active,2026-01-04T00:00:00Z
SRC-PL-0103,PL0103,C0103,PRE03,700000103,2025-07-01,active,2026-01-04T00:00:00Z
SRC-PL-0104,PL0104,C0104,PRE04,700000104,2025-08-01,active,2026-01-04T00:00:00Z
SRC-PL-0105,PL0105,C0105,PRE05,700000105,2025-09-01,active,2026-01-04T00:00:00Z
SRC-PL-0106,PL0106,C0106,PRE01,700000106,2025-10-01,active,2026-01-04T00:00:00Z
SRC-PL-0107,PL0107,C0107,PRE02,700000107,2025-11-01,active,2026-01-04T00:00:00Z
SRC-PL-0108,PL0108,C0108,PRE03,700000108,2025-12-01,active,2026-01-04T00:00:00Z
SRC-PL-0109,PL0109,C0109,PRE04,700000109,2025-01-01,active,2026-01-04T00:00:00Z
SRC-PL-0110,PL0110,C0110,PRE05,700000110,2025-02-01,suspended,2026-01-04T00:00:00Z
SRC-PL-0111,PL0111,C0111,PRE01,700000111,2025-03-01,active,2026-01-04T00:00:00Z
SRC-PL-0112,PL0112,C0112,PRE02,700000112,2025-04-01,active,2026-01-04T00:00:00Z
SRC-PL-0113,PL0113,C0113,PRE03,700000113,2025-05-01,active,2026-01-04T00:00:00Z
SRC-PL-0114,PL0114,C0114,PRE04,700000114,2025-06-01,active,2026-01-04T00:00:00Z
SRC-PL-0115,PL0115,C0115,PRE05,700000115,2025-07-01,active,2026-01-04T00:00:00Z
SRC-PL-0116,PL0116,C0116,PRE01,700000116,2025-08-01,active,2026-01-04T00:00:00Z
SRC-PL-0117,PL0117,C0117,PRE02,700000117,2025-09-01,active,2026-01-04T00:00:00Z
SRC-PL-0118,PL0118,C0118,PRE03,700000118,2025-10-01,active,2026-01-04T00:00:00Z
SRC-PL-0119,PL0119,C0119,PRE04,700000119,2025-11-01,active,2026-01-04T00:00:00Z
SRC-PL-0120,PL0120,C0120,PRE05,700000120,2025-12-01,active,2026-01-04T00:00:00Z
SRC-PL-0121,PL0121,C0121,PRE01,700000121,2025-01-01,suspended,2026-01-04T00:00:00Z
SRC-PL-0122,PL0122,C0122,PRE02,700000122,2025-02-01,active,2026-01-04T00:00:00Z
SRC-PL-0123,PL0123,C0123,PRE03,700000123,2025-03-01,active,2026-01-04T00:00:00Z
SRC-PL-0124,PL0124,C0124,PRE04,700000124,2025-04-01,active,2026-01-04T00:00:00Z
SRC-PL-0125,PL0125,C0125,PRE05,700000125,2025-05-01,active,2026-01-04T00:00:00Z
SRC-PL-0126,PL0126,C0126,PRE01,700000126,2025-06-01,active,2026-01-04T00:00:00Z
SRC-PL-0127,PL0127,C0127,PRE02,700000127,2025-07-01,active,2026-01-04T00:00:00Z
SRC-PL-0128,PL0128,C0128,PRE03,700000128,2025-08-01,active,2026-01-04T00:00:00Z
SRC-PL-0129,PL0129,C0129,PRE04,700000129,2025-09-01,active,2026-01-04T00:00:00Z
SRC-PL-0130,PL0130,C0130,PRE05,700000130,2025-10-01,active,2026-01-04T00:00:00Z
SRC-PL-0131,PL0131,C0131,PRE01,700000131,2025-11-01,active,2026-01-04T00:00:00Z
SRC-PL-0132,PL0132,C0132,PRE02,700000132,2025-12-01,suspended,2026-01-04T00:00:00Z
SRC-PL-0133,PL0133,C0133,PRE03,700000133,2025-01-01,active,2026-01-04T00:00:00Z
SRC-PL-0134,PL0134,C0134,PRE04,700000134,2025-02-01,active,2026-01-04T00:00:00Z
SRC-PL-0135,PL0135,C0135,PRE05,700000135,2025-03-01,active,2026-01-04T00:00:00Z
SRC-PL-0136,PL0136,C0136,PRE01,700000136,2025-04-01,active,2026-01-04T00:00:00Z
SRC-PL-0137,PL0137,C0137,PRE02,700000137,2025-05-01,active,2026-01-04T00:00:00Z
SRC-PL-0138,PL0138,C0138,PRE03,700000138,2025-06-01,active,2026-01-04T00:00:00Z
SRC-PL-0139,PL0139,C0139,PRE04,700000139,2025-07-01,active,2026-01-04T00:00:00Z
SRC-PL-0140,PL0140,C0140,PRE05,700000140,2025-08-01,active,2026-01-04T00:00:00Z
SRC-PL-0141,PL0141,C0141,PRE01,700000141,2025-09-01,active,2026-01-04T00:00:00Z
SRC-PL-0142,PL0142,C0142,PRE02,700000142,2025-10-01,active,2026-01-04T00:00:00Z
SRC-PL-0143,PL0143,C0143,PRE03,700000143,2025-11-01,suspended,2026-01-04T00:00:00Z
SRC-PL-0144,PL0144,C0144,PRE04,700000144,2025-12-01,active,2026-01-04T00:00:00Z
SRC-PL-0145,PL0145,C0145,PRE05,700000145,2025-01-01,active,2026-01-04T00:00:00Z
SRC-PL-0146,PL0146,C0146,PRE01,700000146,2025-02-01,active,2026-01-04T00:00:00Z
SRC-PL-0147,PL0147,C0147,PRE02,700000147,2025-03-01,active,2026-01-04T00:00:00Z
SRC-PL-0148,PL0148,C0148,PRE03,700000148,2025-04-01,active,2026-01-04T00:00:00Z
SRC-PL-0149,PL0149,C0149,PRE04,700000149,2025-05-01,active,2026-01-04T00:00:00Z
SRC-PL-0150,PL0150,C0150,PRE05,700000150,2025-06-01,active,2026-01-04T00:00:00Z
SRC-PL-0151,PL0151,C0151,PRE01,700000151,2025-07-01,active,2026-01-04T00:00:00Z
SRC-PL-0152,PL0152,C0152,PRE02,700000152,2025-08-01,active,2026-01-04T00:00:00Z
SRC-PL-0153,PL0153,C0153,PRE03,700000153,2025-09-01,active,2026-01-04T00:00:00Z
SRC-PL-0154,PL0154,C0154,PRE04,700000154,2025-10-01,suspended,2026-01-04T00:00:00Z
SRC-PL-0155,PL0155,C0155,PRE05,700000155,2025-11-01,active,2026-01-04T00:00:00Z
SRC-PL-0156,PL0156,C0156,PRE01,700000156,2025-12-01,active,2026-01-04T00:00:00Z
SRC-PL-0157,PL0157,C0157,PRE02,700000157,2025-01-01,active,2026-01-04T00:00:00Z
SRC-PL-0158,PL0158,C0158,PRE03,700000158,2025-02-01,active,2026-01-04T00:00:00Z
SRC-PL-0159,PL0159,C0159,PRE04,700000159,2025-03-01,active,2026-01-04T00:00:00Z
SRC-PL-0160,PL0160,C0160,PRE05,700000160,2025-04-01,active,2026-01-04T00:00:00Z
SRC-PL-0161,PL0161,C0161,PRE01,700000161,2025-05-01,active,2026-01-04T00:00:00Z
SRC-PL-0162,PL0162,C0162,PRE02,700000162,2025-06-01,active,2026-01-04T00:00:00Z
SRC-PL-0163,PL0163,C0163,PRE03,700000163,2025-07-01,active,2026-01-04T00:00:00Z
SRC-PL-0164,PL0164,C0164,PRE04,700000164,2025-08-01,active,2026-01-04T00:00:00Z
SRC-PL-0165,PL0165,C0165,PRE05,700000165,2025-09-01,suspended,2026-01-04T00:00:00Z
SRC-PL-0166,PL0166,C0166,PRE01,700000166,2025-10-01,active,2026-01-04T00:00:00Z
SRC-PL-0167,PL0167,C0167,PRE02,700000167,2025-11-01,active,2026-01-04T00:00:00Z
SRC-PL-0168,PL0168,C0168,PRE03,700000168,2025-12-01,active,2026-01-04T00:00:00Z
SRC-PL-0169,PL0169,C0169,PRE04,700000169,2025-01-01,active,2026-01-04T00:00:00Z
SRC-PL-0170,PL0170,C0170,PRE05,700000170,2025-02-01,active,2026-01-04T00:00:00Z
SRC-PL-0171,PL0171,C0171,PRE01,700000171,2025-03-01,active,2026-01-04T00:00:00Z
SRC-PL-0172,PL0172,C0172,PRE02,700000172,2025-04-01,active,2026-01-04T00:00:00Z
SRC-PL-0173,PL0173,C0173,PRE03,700000173,2025-05-01,active,2026-01-04T00:00:00Z
SRC-PL-0174,PL0174,C0174,PRE04,700000174,2025-06-01,active,2026-01-04T00:00:00Z
SRC-PL-0175,PL0175,C0175,PRE05,700000175,2025-07-01,active,2026-01-04T00:00:00Z
SRC-PL-0176,PL0176,C0176,PRE01,700000176,2025-08-01,suspended,2026-01-04T00:00:00Z
SRC-PL-0177,PL0177,C0177,PRE02,700000177,2025-09-01,active,2026-01-04T00:00:00Z
SRC-PL-0178,PL0178,C0178,PRE03,700000178,2025-10-01,active,2026-01-04T00:00:00Z
SRC-PL-0179,PL0179,C0179,PRE04,700000179,2025-11-01,active,2026-01-04T00:00:00Z
SRC-PL-0180,PL0180,C0180,PRE05,700000180,2025-12-01,active,2026-01-04T00:00:00Z
SRC-PL-0181,PL0181,C0181,PRE01,700000181,2025-01-01,active,2026-01-04T00:00:00Z
SRC-PL-0182,PL0182,C0182,PRE02,700000182,2025-02-01,active,2026-01-04T00:00:00Z
SRC-PL-0183,PL0183,C0183,PRE03,700000183,2025-03-01,active,2026-01-04T00:00:00Z
SRC-PL-0184,PL0184,C0184,PRE04,700000184,2025-04-01,active,2026-01-04T00:00:00Z
SRC-PL-0185,PL0185,C0185,PRE05,700000185,2025-05-01,active,2026-01-04T00:00:00Z
SRC-PL-0186,PL0186,C0186,PRE01,700000186,2025-06-01,active,2026-01-04T00:00:00Z
SRC-PL-0187,PL0187,C0187,PRE02,700000187,2025-07-01,suspended,2026-01-04T00:00:00Z
SRC-PL-0188,PL0188,C0188,PRE03,700000188,2025-08-01,active,2026-01-04T00:00:00Z
SRC-PL-0189,PL0189,C0189,PRE04,700000189,2025-09-01,active,2026-01-04T00:00:00Z
SRC-PL-0190,PL0190,C0190,PRE05,700000190,2025-10-01,active,2026-01-04T00:00:00Z
SRC-PL-0191,PL0191,C0191,PRE01,700000191,2025-11-01,active,2026-01-04T00:00:00Z
SRC-PL-0192,PL0192,C0192,PRE02,700000192,2025-12-01,active,2026-01-04T00:00:00Z
SRC-PL-0193,PL0193,C0193,PRE03,700000193,2025-01-01,active,2026-01-04T00:00:00Z
SRC-PL-0194,PL0194,C0194,PRE04,700000194,2025-02-01,active,2026-01-04T00:00:00Z
SRC-PL-0195,PL0195,C0195,PRE05,700000195,2025-03-01,active,2026-01-04T00:00:00Z
SRC-PL-0196,PL0196,C0196,PRE01,700000196,2025-04-01,active,2026-01-04T00:00:00Z
SRC-PL-0197,PL0197,C0197,PRE02,700000197,2025-05-01,active,2026-01-04T00:00:00Z
SRC-PL-0198,PL0198,C0198,PRE03,700000198,2025-06-01,suspended,2026-01-04T00:00:00Z
SRC-PL-0199,PL0199,C0199,PRE04,700000199,2025-07-01,active,2026-01-04T00:00:00Z
SRC-PL-0200,PL0200,C0200,PRE05,700000200,2025-08-01,active,2026-01-04T00:00:00Z
SRC-PL-0201,PL0201,C0201,PRE01,700000201,2025-09-01,active,2026-01-04T00:00:00Z
SRC-PL-0202,PL0202,C0202,PRE02,700000202,2025-10-01,active,2026-01-04T00:00:00Z
SRC-PL-0203,PL0203,C0203,PRE03,700000203,2025-11-01,active,2026-01-04T00:00:00Z
SRC-PL-0204,PL0204,C0204,PRE04,700000204,2025-12-01,active,2026-01-04T00:00:00Z
SRC-PL-0205,PL0205,C0205,PRE05,700000205,2025-01-01,active,2026-01-04T00:00:00Z
SRC-PL-0206,PL0206,C0206,PRE01,700000206,2025-02-01,active,2026-01-04T00:00:00Z
SRC-PL-0207,PL0207,C0207,PRE02,700000207,2025-03-01,active,2026-01-04T00:00:00Z
SRC-PL-0208,PL0208,C0208,PRE03,700000208,2025-04-01,active,2026-01-04T00:00:00Z
SRC-PL-0209,PL0209,C0209,PRE04,700000209,2025-05-01,suspended,2026-01-04T00:00:00Z
SRC-PL-0210,PL0210,C0210,PRE05,700000210,2025-06-01,active,2026-01-04T00:00:00Z
SRC-PL-0211,PL0211,C0211,PRE01,700000211,2025-07-01,active,2026-01-04T00:00:00Z
SRC-PL-0212,PL0212,C0212,PRE02,700000212,2025-08-01,active,2026-01-04T00:00:00Z
SRC-PL-0213,PL0213,C0213,PRE03,700000213,2025-09-01,active,2026-01-04T00:00:00Z
SRC-PL-0214,PL0214,C0214,PRE04,700000214,2025-10-01,active,2026-01-04T00:00:00Z
SRC-PL-0215,PL0215,C0215,PRE05,700000215,2025-11-01,active,2026-01-04T00:00:00Z
SRC-PL-0216,PL0216,C0216,PRE01,700000216,2025-12-01,active,2026-01-04T00:00:00Z
SRC-PL-0217,PL0217,C0217,PRE02,700000217,2025-01-01,active,2026-01-04T00:00:00Z
SRC-PL-0218,PL0218,C0218,PRE03,700000218,2025-02-01,active,2026-01-04T00:00:00Z
SRC-PL-0219,PL0219,C0219,PRE04,700000219,2025-03-01,active,2026-01-04T00:00:00Z
SRC-PL-0220,PL0220,C0220,PRE05,700000220,2025-04-01,suspended,2026-01-04T00:00:00Z
SRC-PL-0221,PL0221,C0221,PRE01,700000221,2025-05-01,active,2026-01-04T00:00:00Z
SRC-PL-0222,PL0222,C0222,PRE02,700000222,2025-06-01,active,2026-01-04T00:00:00Z
SRC-PL-0223,PL0223,C0223,PRE03,700000223,2025-07-01,active,2026-01-04T00:00:00Z
SRC-PL-0224,PL0224,C0224,PRE04,700000224,2025-08-01,active,2026-01-04T00:00:00Z
SRC-PL-0225,PL0225,C0225,PRE05,700000225,2025-09-01,active,2026-01-04T00:00:00Z
SRC-PL-0226,PL0226,C0226,PRE01,700000226,2025-10-01,active,2026-01-04T00:00:00Z
SRC-PL-0227,PL0227,C0227,PRE02,700000227,2025-11-01,active,2026-01-04T00:00:00Z
SRC-PL-0228,PL0228,C0228,PRE03,700000228,2025-12-01,active,2026-01-04T00:00:00Z
SRC-PL-0229,PL0229,C0229,PRE04,700000229,2025-01-01,active,2026-01-04T00:00:00Z
SRC-PL-0230,PL0230,C0230,PRE05,700000230,2025-02-01,active,2026-01-04T00:00:00Z
SRC-PL-0231,PL0231,C0231,PRE01,700000231,2025-03-01,suspended,2026-01-04T00:00:00Z
SRC-PL-0232,PL0232,C0232,PRE02,700000232,2025-04-01,active,2026-01-04T00:00:00Z
SRC-PL-0233,PL0233,C0233,PRE03,700000233,2025-05-01,active,2026-01-04T00:00:00Z
SRC-PL-0234,PL0234,C0234,PRE04,700000234,2025-06-01,active,2026-01-04T00:00:00Z
SRC-PL-0235,PL0235,C0235,PRE05,700000235,2025-07-01,active,2026-01-04T00:00:00Z
SRC-PL-0236,PL0236,C0236,PRE01,700000236,2025-08-01,active,2026-01-04T00:00:00Z
SRC-PL-0237,PL0237,C0237,PRE02,700000237,2025-09-01,active,2026-01-04T00:00:00Z
SRC-PL-0238,PL0238,C0238,PRE03,700000238,2025-10-01,active,2026-01-04T00:00:00Z
SRC-PL-0239,PL0239,C0239,PRE04,700000239,2025-11-01,active,2026-01-04T00:00:00Z
SRC-PL-0240,PL0240,C0240,PRE05,700000240,2025-12-01,active,2026-01-04T00:00:00Z
SRC-PL-0241,PL0241,C0241,PRE01,700000241,2025-01-01,active,2026-01-04T00:00:00Z
SRC-PL-0242,PL0242,C0242,PRE02,700000242,2025-02-01,suspended,2026-01-04T00:00:00Z
SRC-PL-0243,PL0243,C0243,PRE03,700000243,2025-03-01,active,2026-01-04T00:00:00Z
SRC-PL-0244,PL0244,C0244,PRE04,700000244,2025-04-01,active,2026-01-04T00:00:00Z
SRC-PL-0245,PL0245,C0245,PRE05,700000245,2025-05-01,active,2026-01-04T00:00:00Z
SRC-PL-0246,PL0246,C0246,PRE01,700000246,2025-06-01,active,2026-01-04T00:00:00Z
SRC-PL-0247,PL0247,C0247,PRE02,700000247,2025-07-01,active,2026-01-04T00:00:00Z
SRC-PL-0248,PL0248,C0248,PRE03,700000248,2025-08-01,active,2026-01-04T00:00:00Z
SRC-PL-0249,PL0249,C0249,PRE04,700000249,2025-09-01,active,2026-01-04T00:00:00Z
SRC-PL-0250,PL0250,C0250,PRE05,700000250,2025-10-01,active,2026-01-04T00:00:00Z
SRC-PL-0251,PL0251,C0251,PRE01,700000251,2025-11-01,active,2026-01-04T00:00:00Z
SRC-PL-0252,PL0252,C0252,PRE02,700000252,2025-12-01,active,2026-01-04T00:00:00Z
SRC-PL-0253,PL0253,C0253,PRE03,700000253,2025-01-01,suspended,2026-01-04T00:00:00Z
SRC-PL-0254,PL0254,C0254,PRE04,700000254,2025-02-01,active,2026-01-04T00:00:00Z
SRC-PL-0255,PL0255,C0255,PRE05,700000255,2025-03-01,active,2026-01-04T00:00:00Z
SRC-PL-0256,PL0256,C0256,PRE01,700000256,2025-04-01,active,2026-01-04T00:00:00Z
SRC-PL-0257,PL0257,C0257,PRE02,700000257,2025-05-01,active,2026-01-04T00:00:00Z
SRC-PL-0258,PL0258,C0258,PRE03,700000258,2025-06-01,active,2026-01-04T00:00:00Z
SRC-PL-0259,PL0259,C0259,PRE04,700000259,2025-07-01,active,2026-01-04T00:00:00Z
SRC-PL-0260,PL0260,C0260,PRE05,700000260,2025-08-01,active,2026-01-04T00:00:00Z
SRC-PL-0261,PL0261,C0261,PRE01,700000261,2025-09-01,active,2026-01-04T00:00:00Z
SRC-PL-0262,PL0262,C0262,PRE02,700000262,2025-10-01,active,2026-01-04T00:00:00Z
SRC-PL-0263,PL0263,C0263,PRE03,700000263,2025-11-01,active,2026-01-04T00:00:00Z
SRC-PL-0264,PL0264,C0264,PRE04,700000264,2025-12-01,suspended,2026-01-04T00:00:00Z
SRC-PL-0265,PL0265,C0265,PRE05,700000265,2025-01-01,active,2026-01-04T00:00:00Z
SRC-PL-0266,PL0266,C0266,PRE01,700000266,2025-02-01,active,2026-01-04T00:00:00Z
SRC-PL-0267,PL0267,C0267,PRE02,700000267,2025-03-01,active,2026-01-04T00:00:00Z
SRC-PL-0268,PL0268,C0268,PRE03,700000268,2025-04-01,active,2026-01-04T00:00:00Z
SRC-PL-0269,PL0269,C0269,PRE04,700000269,2025-05-01,active,2026-01-04T00:00:00Z
SRC-PL-0270,PL0270,C0270,PRE05,700000270,2025-06-01,active,2026-01-04T00:00:00Z
SRC-PL-0271,PL0271,C0271,PRE01,700000271,2025-07-01,active,2026-01-04T00:00:00Z
SRC-PL-0272,PL0272,C0272,PRE02,700000272,2025-08-01,active,2026-01-04T00:00:00Z
SRC-PL-0273,PL0273,C0273,PRE03,700000273,2025-09-01,active,2026-01-04T00:00:00Z
SRC-PL-0274,PL0274,C0274,PRE04,700000274,2025-10-01,active,2026-01-04T00:00:00Z
SRC-PL-0275,PL0275,C0275,PRE05,700000275,2025-11-01,suspended,2026-01-04T00:00:00Z
SRC-PL-0276,PL0276,C0276,PRE01,700000276,2025-12-01,active,2026-01-04T00:00:00Z
SRC-PL-0277,PL0277,C0277,PRE02,700000277,2025-01-01,active,2026-01-04T00:00:00Z
SRC-PL-0278,PL0278,C0278,PRE03,700000278,2025-02-01,active,2026-01-04T00:00:00Z
SRC-PL-0279,PL0279,C0279,PRE04,700000279,2025-03-01,active,2026-01-04T00:00:00Z
SRC-PL-0280,PL0280,C0280,PRE05,700000280,2025-04-01,active,2026-01-04T00:00:00Z
SRC-PL-0281,PL0281,C0281,PRE01,700000281,2025-05-01,active,2026-01-04T00:00:00Z
SRC-PL-0282,PL0282,C0282,PRE02,700000282,2025-06-01,active,2026-01-04T00:00:00Z
SRC-PL-0283,PL0283,C0283,PRE03,700000283,2025-07-01,active,2026-01-04T00:00:00Z
SRC-PL-0284,PL0284,C0284,PRE04,700000284,2025-08-01,active,2026-01-04T00:00:00Z
SRC-PL-0285,PL0285,C0285,PRE05,700000285,2025-09-01,active,2026-01-04T00:00:00Z
SRC-PL-0286,PL0286,C0286,PRE01,700000286,2025-10-01,suspended,2026-01-04T00:00:00Z
SRC-PL-0287,PL0287,C0287,PRE02,700000287,2025-11-01,active,2026-01-04T00:00:00Z
SRC-PL-0288,PL0288,C0288,PRE03,700000288,2025-12-01,active,2026-01-04T00:00:00Z
SRC-PL-0289,PL0289,C0289,PRE04,700000289,2025-01-01,active,2026-01-04T00:00:00Z
SRC-PL-0290,PL0290,C0290,PRE05,700000290,2025-02-01,active,2026-01-04T00:00:00Z
SRC-PL-0291,PL0291,C0291,PRE01,700000291,2025-03-01,active,2026-01-04T00:00:00Z
SRC-PL-0292,PL0292,C0292,PRE02,700000292,2025-04-01,active,2026-01-04T00:00:00Z
SRC-PL-0293,PL0293,C0293,PRE03,700000293,2025-05-01,active,2026-01-04T00:00:00Z
SRC-PL-0294,PL0294,C0294,PRE04,700000294,2025-06-01,active,2026-01-04T00:00:00Z
SRC-PL-0295,PL0295,C0295,PRE05,700000295,2025-07-01,active,2026-01-04T00:00:00Z
SRC-PL-0296,PL0296,C0296,PRE01,700000296,2025-08-01,active,2026-01-04T00:00:00Z
SRC-PL-0297,PL0297,C0297,PRE02,700000297,2025-09-01,suspended,2026-01-04T00:00:00Z
SRC-PL-0298,PL0298,C0298,PRE03,700000298,2025-10-01,active,2026-01-04T00:00:00Z
SRC-PL-0299,PL0299,C0299,PRE04,700000299,2025-11-01,active,2026-01-04T00:00:00Z
SRC-PL-0300,PL0300,C0300,PRE05,700000300,2025-12-01,active,2026-01-04T00:00:00Z
SRC-PL-0301,PL0301,C0301,PRE01,700000301,2025-01-01,active,2026-01-04T00:00:00Z
SRC-PL-0302,PL0302,C0302,PRE02,700000302,2025-02-01,active,2026-01-04T00:00:00Z
SRC-PL-0303,PL0303,C0303,PRE03,700000303,2025-03-01,active,2026-01-04T00:00:00Z
SRC-PL-0304,PL0304,C0304,PRE04,700000304,2025-04-01,active,2026-01-04T00:00:00Z
SRC-PL-0305,PL0305,C0305,PRE05,700000305,2025-05-01,active,2026-01-04T00:00:00Z
SRC-PL-0306,PL0306,C0306,PRE01,700000306,2025-06-01,active,2026-01-04T00:00:00Z
SRC-PL-0307,PL0307,C0307,PRE02,700000307,2025-07-01,active,2026-01-04T00:00:00Z
SRC-PL-0308,PL0308,C0308,PRE03,700000308,2025-08-01,suspended,2026-01-04T00:00:00Z
SRC-PL-0309,PL0309,C0309,PRE04,700000309,2025-09-01,active,2026-01-04T00:00:00Z
SRC-PL-0310,PL0310,C0310,PRE05,700000310,2025-10-01,active,2026-01-04T00:00:00Z
SRC-PL-0311,PL0311,C0311,PRE01,700000311,2025-11-01,active,2026-01-04T00:00:00Z
SRC-PL-0312,PL0312,C0312,PRE02,700000312,2025-12-01,active,2026-01-04T00:00:00Z
SRC-PL-0313,PL0313,C0313,PRE03,700000313,2025-01-01,active,2026-01-04T00:00:00Z
SRC-PL-0314,PL0314,C0314,PRE04,700000314,2025-02-01,active,2026-01-04T00:00:00Z
SRC-PL-0315,PL0315,C0315,PRE05,700000315,2025-03-01,active,2026-01-04T00:00:00Z
SRC-PL-0316,PL0316,C0316,PRE01,700000316,2025-04-01,active,2026-01-04T00:00:00Z
SRC-PL-0317,PL0317,C0317,PRE02,700000317,2025-05-01,active,2026-01-04T00:00:00Z
SRC-PL-0318,PL0318,C0318,PRE03,700000318,2025-06-01,active,2026-01-04T00:00:00Z
SRC-PL-0319,PL0319,C0319,PRE04,700000319,2025-07-01,suspended,2026-01-04T00:00:00Z
SRC-PL-0320,PL0320,C0320,PRE05,700000320,2025-08-01,active,2026-01-04T00:00:00Z
SRC-PL-0321,PL0321,C0321,PRE01,700000321,2025-09-01,active,2026-01-04T00:00:00Z
SRC-PL-0322,PL0322,C0322,PRE02,700000322,2025-10-01,active,2026-01-04T00:00:00Z
SRC-PL-0323,PL0323,C0323,PRE03,700000323,2025-11-01,active,2026-01-04T00:00:00Z
SRC-PL-0324,PL0324,C0324,PRE04,700000324,2025-12-01,active,2026-01-04T00:00:00Z
SRC-PL-0325,PL0325,C0325,PRE05,700000325,2025-01-01,active,2026-01-04T00:00:00Z
SRC-PL-0326,PL0326,C0326,PRE01,700000326,2025-02-01,active,2026-01-04T00:00:00Z
SRC-PL-0327,PL0327,C0327,PRE02,700000327,2025-03-01,active,2026-01-04T00:00:00Z
SRC-PL-0328,PL0328,C0328,PRE03,700000328,2025-04-01,active,2026-01-04T00:00:00Z
SRC-PL-0329,PL0329,C0329,PRE04,700000329,2025-05-01,active,2026-01-04T00:00:00Z
SRC-PL-0330,PL0330,C0330,PRE05,700000330,2025-06-01,suspended,2026-01-04T00:00:00Z
SRC-PL-0331,PL0331,C0331,PRE01,700000331,2025-07-01,active,2026-01-04T00:00:00Z
SRC-PL-0332,PL0332,C0332,PRE02,700000332,2025-08-01,active,2026-01-04T00:00:00Z
SRC-PL-0333,PL0333,C0333,PRE03,700000333,2025-09-01,active,2026-01-04T00:00:00Z
SRC-PL-0334,PL0334,C0334,PRE04,700000334,2025-10-01,active,2026-01-04T00:00:00Z
SRC-PL-0335,PL0335,C0335,PRE05,700000335,2025-11-01,active,2026-01-04T00:00:00Z
SRC-PL-0336,PL0336,C0336,PRE01,700000336,2025-12-01,active,2026-01-04T00:00:00Z
SRC-PL-0337,PL0337,C0337,PRE02,700000337,2025-01-01,active,2026-01-04T00:00:00Z
SRC-PL-0338,PL0338,C0338,PRE03,700000338,2025-02-01,active,2026-01-04T00:00:00Z
SRC-PL-0339,PL0339,C0339,PRE04,700000339,2025-03-01,active,2026-01-04T00:00:00Z
SRC-PL-0340,PL0340,C0340,PRE05,700000340,2025-04-01,active,2026-01-04T00:00:00Z
SRC-PL-0341,PL0341,C0341,PRE01,700000341,2025-05-01,suspended,2026-01-04T00:00:00Z
SRC-PL-0342,PL0342,C0342,PRE02,700000342,2025-06-01,active,2026-01-04T00:00:00Z
SRC-PL-0343,PL0343,C0343,PRE03,700000343,2025-07-01,active,2026-01-04T00:00:00Z
SRC-PL-0344,PL0344,C0344,PRE04,700000344,2025-08-01,active,2026-01-04T00:00:00Z
SRC-PL-0345,PL0345,C0345,PRE05,700000345,2025-09-01,active,2026-01-04T00:00:00Z
SRC-PL-0346,PL0346,C0346,PRE01,700000346,2025-10-01,active,2026-01-04T00:00:00Z
SRC-PL-0347,PL0347,C0347,PRE02,700000347,2025-11-01,active,2026-01-04T00:00:00Z
SRC-PL-0348,PL0348,C0348,PRE03,700000348,2025-12-01,active,2026-01-04T00:00:00Z
SRC-PL-0349,PL0349,C0349,PRE04,700000349,2025-01-01,active,2026-01-04T00:00:00Z
SRC-PL-0350,PL0350,C0350,PRE05,700000350,2025-02-01,active,2026-01-04T00:00:00Z
SRC-PL-0351,PL0351,C0351,PRE01,700000351,2025-03-01,active,2026-01-04T00:00:00Z
SRC-PL-0352,PL0352,C0352,PRE02,700000352,2025-04-01,suspended,2026-01-04T00:00:00Z
SRC-PL-0353,PL0353,C0353,PRE03,700000353,2025-05-01,active,2026-01-04T00:00:00Z
SRC-PL-0354,PL0354,C0354,PRE04,700000354,2025-06-01,active,2026-01-04T00:00:00Z
SRC-PL-0355,PL0355,C0355,PRE05,700000355,2025-07-01,active,2026-01-04T00:00:00Z
SRC-PL-0356,PL0356,C0356,PRE01,700000356,2025-08-01,active,2026-01-04T00:00:00Z
SRC-PL-0357,PL0357,C0357,PRE02,700000357,2025-09-01,active,2026-01-04T00:00:00Z
SRC-PL-0358,PL0358,C0358,PRE03,700000358,2025-10-01,active,2026-01-04T00:00:00Z
SRC-PL-0359,PL0359,C0359,PRE04,700000359,2025-11-01,active,2026-01-04T00:00:00Z
SRC-PL-0360,PL0360,C0360,PRE05,700000360,2025-12-01,active,2026-01-04T00:00:00Z
SRC-PL-0361,PL0361,C0361,PRE01,700000361,2025-01-01,active,2026-01-04T00:00:00Z
SRC-PL-0362,PL0362,C0362,PRE02,700000362,2025-02-01,active,2026-01-04T00:00:00Z
SRC-PL-0363,PL0363,C0363,PRE03,700000363,2025-03-01,suspended,2026-01-04T00:00:00Z
SRC-PL-0364,PL0364,C0364,PRE04,700000364,2025-04-01,active,2026-01-04T00:00:00Z
SRC-PL-0365,PL0365,C0365,PRE05,700000365,2025-05-01,active,2026-01-04T00:00:00Z
SRC-PL-0366,PL0366,C0366,PRE01,700000366,2025-06-01,active,2026-01-04T00:00:00Z
SRC-PL-0367,PL0367,C0367,PRE02,700000367,2025-07-01,active,2026-01-04T00:00:00Z
SRC-PL-0368,PL0368,C0368,PRE03,700000368,2025-08-01,active,2026-01-04T00:00:00Z
SRC-PL-0369,PL0369,C0369,PRE04,700000369,2025-09-01,active,2026-01-04T00:00:00Z
SRC-PL-0370,PL0370,C0370,PRE05,700000370,2025-10-01,active,2026-01-04T00:00:00Z
SRC-PL-0371,PL0371,C0371,PRE01,700000371,2025-11-01,active,2026-01-04T00:00:00Z
SRC-PL-0372,PL0372,C0372,PRE02,700000372,2025-12-01,active,2026-01-04T00:00:00Z
SRC-PL-0373,PL0373,C0373,PRE03,700000373,2025-01-01,active,2026-01-04T00:00:00Z
SRC-PL-0374,PL0374,C0374,PRE04,700000374,2025-02-01,suspended,2026-01-04T00:00:00Z
SRC-PL-0375,PL0375,C0375,PRE05,700000375,2025-03-01,active,2026-01-04T00:00:00Z
SRC-PL-0376,PL0376,C0376,PRE01,700000376,2025-04-01,active,2026-01-04T00:00:00Z
SRC-PL-0377,PL0377,C0377,PRE02,700000377,2025-05-01,active,2026-01-04T00:00:00Z
SRC-PL-0378,PL0378,C0378,PRE03,700000378,2025-06-01,active,2026-01-04T00:00:00Z
SRC-PL-0379,PL0379,C0379,PRE04,700000379,2025-07-01,active,2026-01-04T00:00:00Z
SRC-PL-0380,PL0380,C0380,PRE05,700000380,2025-08-01,active,2026-01-04T00:00:00Z
SRC-PL-0381,PL0381,C0381,PRE01,700000381,2025-09-01,active,2026-01-04T00:00:00Z
SRC-PL-0382,PL0382,C0382,PRE02,700000382,2025-10-01,active,2026-01-04T00:00:00Z
SRC-PL-0383,PL0383,C0383,PRE03,700000383,2025-11-01,active,2026-01-04T00:00:00Z
SRC-PL-0384,PL0384,C0384,PRE04,700000384,2025-12-01,active,2026-01-04T00:00:00Z
SRC-PL-0385,PL0385,C0385,PRE05,700000385,2025-01-01,suspended,2026-01-04T00:00:00Z
SRC-PL-0386,PL0386,C0386,PRE01,700000386,2025-02-01,active,2026-01-04T00:00:00Z
SRC-PL-0387,PL0387,C0387,PRE02,700000387,2025-03-01,active,2026-01-04T00:00:00Z
SRC-PL-0388,PL0388,C0388,PRE03,700000388,2025-04-01,active,2026-01-04T00:00:00Z
SRC-PL-0389,PL0389,C0389,PRE04,700000389,2025-05-01,active,2026-01-04T00:00:00Z
SRC-PL-0390,PL0390,C0390,PRE05,700000390,2025-06-01,active,2026-01-04T00:00:00Z
SRC-PL-0391,PL0391,C0391,PRE01,700000391,2025-07-01,active,2026-01-04T00:00:00Z
SRC-PL-0392,PL0392,C0392,PRE02,700000392,2025-08-01,active,2026-01-04T00:00:00Z
SRC-PL-0393,PL0393,C0393,PRE03,700000393,2025-09-01,active,2026-01-04T00:00:00Z
SRC-PL-0394,PL0394,C0394,PRE04,700000394,2025-10-01,active,2026-01-04T00:00:00Z
SRC-PL-0395,PL0395,C0395,PRE05,700000395,2025-11-01,active,2026-01-04T00:00:00Z
SRC-PL-0396,PL0396,C0396,PRE01,700000396,2025-12-01,suspended,2026-01-04T00:00:00Z
SRC-PL-0397,PL0397,C0397,PRE02,700000397,2025-01-01,active,2026-01-04T00:00:00Z
SRC-PL-0398,PL0398,C0398,PRE03,700000398,2025-02-01,active,2026-01-04T00:00:00Z
SRC-PL-0399,PL0399,C0399,PRE04,700000399,2025-03-01,active,2026-01-04T00:00:00Z
SRC-PL-0400,PL0400,C0400,PRE05,700000400,2025-04-01,active,2026-01-04T00:00:00Z
SRC-PL-0401,PL0401,C0401,PRE01,700000401,2025-05-01,active,2026-01-04T00:00:00Z
SRC-PL-0402,PL0402,C0402,PRE02,700000402,2025-06-01,active,2026-01-04T00:00:00Z
SRC-PL-0403,PL0403,C0403,PRE03,700000403,2025-07-01,active,2026-01-04T00:00:00Z
SRC-PL-0404,PL0404,C0404,PRE04,700000404,2025-08-01,active,2026-01-04T00:00:00Z
SRC-PL-0405,PL0405,C0405,PRE05,700000405,2025-09-01,active,2026-01-04T00:00:00Z
SRC-PL-0406,PL0406,C0406,PRE01,700000406,2025-10-01,active,2026-01-04T00:00:00Z
SRC-PL-0407,PL0407,C0407,PRE02,700000407,2025-11-01,suspended,2026-01-04T00:00:00Z
SRC-PL-0408,PL0408,C0408,PRE03,700000408,2025-12-01,active,2026-01-04T00:00:00Z
SRC-PL-0409,PL0409,C0409,PRE04,700000409,2025-01-01,active,2026-01-04T00:00:00Z
SRC-PL-0410,PL0410,C0410,PRE05,700000410,2025-02-01,active,2026-01-04T00:00:00Z
SRC-PL-0411,PL0411,C0411,PRE01,700000411,2025-03-01,active,2026-01-04T00:00:00Z
SRC-PL-0412,PL0412,C0412,PRE02,700000412,2025-04-01,active,2026-01-04T00:00:00Z
SRC-PL-0413,PL0413,C0413,PRE03,700000413,2025-05-01,active,2026-01-04T00:00:00Z
SRC-PL-0414,PL0414,C0414,PRE04,700000414,2025-06-01,active,2026-01-04T00:00:00Z
SRC-PL-0415,PL0415,C0415,PRE05,700000415,2025-07-01,active,2026-01-04T00:00:00Z
SRC-PL-0416,PL0416,C0416,PRE01,700000416,2025-08-01,active,2026-01-04T00:00:00Z
SRC-PL-0417,PL0417,C0417,PRE02,700000417,2025-09-01,active,2026-01-04T00:00:00Z
SRC-PL-0418,PL0418,C0418,PRE03,700000418,2025-10-01,suspended,2026-01-04T00:00:00Z
SRC-PL-0419,PL0419,C0419,PRE04,700000419,2025-11-01,active,2026-01-04T00:00:00Z
SRC-PL-0420,PL0420,C0420,PRE05,700000420,2025-12-01,active,2026-01-04T00:00:00Z
SRC-PL-0421,PL0421,C0421,PRE01,700000421,2025-01-01,active,2026-01-04T00:00:00Z
SRC-PL-0422,PL0422,C0422,PRE02,700000422,2025-02-01,active,2026-01-04T00:00:00Z
SRC-PL-0423,PL0423,C0423,PRE03,700000423,2025-03-01,active,2026-01-04T00:00:00Z
SRC-PL-0424,PL0424,C0424,PRE04,700000424,2025-04-01,active,2026-01-04T00:00:00Z
SRC-PL-0425,PL0425,C0425,PRE05,700000425,2025-05-01,active,2026-01-04T00:00:00Z
SRC-PL-0426,PL0426,C0426,PRE01,700000426,2025-06-01,active,2026-01-04T00:00:00Z
SRC-PL-0427,PL0427,C0427,PRE02,700000427,2025-07-01,active,2026-01-04T00:00:00Z
SRC-PL-0428,PL0428,C0428,PRE03,700000428,2025-08-01,active,2026-01-04T00:00:00Z
SRC-PL-0429,PL0429,C0429,PRE04,700000429,2025-09-01,suspended,2026-01-04T00:00:00Z
SRC-PL-0430,PL0430,C0430,PRE05,700000430,2025-10-01,active,2026-01-04T00:00:00Z
SRC-PL-0431,PL0431,C0431,PRE01,700000431,2025-11-01,active,2026-01-04T00:00:00Z
SRC-PL-0432,PL0432,C0432,PRE02,700000432,2025-12-01,active,2026-01-04T00:00:00Z
SRC-PL-0433,PL0433,C0433,PRE03,700000433,2025-01-01,active,2026-01-04T00:00:00Z
SRC-PL-0434,PL0434,C0434,PRE04,700000434,2025-02-01,active,2026-01-04T00:00:00Z
SRC-PL-0435,PL0435,C0435,PRE05,700000435,2025-03-01,active,2026-01-04T00:00:00Z
SRC-PL-0436,PL0436,C0436,PRE01,700000436,2025-04-01,active,2026-01-04T00:00:00Z
SRC-PL-0437,PL0437,C0437,PRE02,700000437,2025-05-01,active,2026-01-04T00:00:00Z
SRC-PL-0438,PL0438,C0438,PRE03,700000438,2025-06-01,active,2026-01-04T00:00:00Z
SRC-PL-0439,PL0439,C0439,PRE04,700000439,2025-07-01,active,2026-01-04T00:00:00Z
SRC-PL-0440,PL0440,C0440,PRE05,700000440,2025-08-01,suspended,2026-01-04T00:00:00Z
SRC-PL-0441,PL0441,C0441,PRE01,700000441,2025-09-01,active,2026-01-04T00:00:00Z
SRC-PL-0442,PL0442,C0442,PRE02,700000442,2025-10-01,active,2026-01-04T00:00:00Z
SRC-PL-0443,PL0443,C0443,PRE03,700000443,2025-11-01,active,2026-01-04T00:00:00Z
SRC-PL-0444,PL0444,C0444,PRE04,700000444,2025-12-01,active,2026-01-04T00:00:00Z
SRC-PL-0445,PL0445,C0445,PRE05,700000445,2025-01-01,active,2026-01-04T00:00:00Z
SRC-PL-0446,PL0446,C0446,PRE01,700000446,2025-02-01,active,2026-01-04T00:00:00Z
SRC-PL-0447,PL0447,C0447,PRE02,700000447,2025-03-01,active,2026-01-04T00:00:00Z
SRC-PL-0448,PL0448,C0448,PRE03,700000448,2025-04-01,active,2026-01-04T00:00:00Z
SRC-PL-0449,PL0449,C0449,PRE04,700000449,2025-05-01,active,2026-01-04T00:00:00Z
SRC-PL-0450,PL0450,C0450,PRE05,700000450,2025-06-01,active,2026-01-04T00:00:00Z
SRC-PL-0451,PL0451,C0451,PRE01,700000451,2025-07-01,suspended,2026-01-04T00:00:00Z
SRC-PL-0452,PL0452,C0452,PRE02,700000452,2025-08-01,active,2026-01-04T00:00:00Z
SRC-PL-0453,PL0453,C0453,PRE03,700000453,2025-09-01,active,2026-01-04T00:00:00Z
SRC-PL-0454,PL0454,C0454,PRE04,700000454,2025-10-01,active,2026-01-04T00:00:00Z
SRC-PL-0455,PL0455,C0455,PRE05,700000455,2025-11-01,active,2026-01-04T00:00:00Z
SRC-PL-0456,PL0456,C0456,PRE01,700000456,2025-12-01,active,2026-01-04T00:00:00Z
SRC-PL-0457,PL0457,C0457,PRE02,700000457,2025-01-01,active,2026-01-04T00:00:00Z
SRC-PL-0458,PL0458,C0458,PRE03,700000458,2025-02-01,active,2026-01-04T00:00:00Z
SRC-PL-0459,PL0459,C0459,PRE04,700000459,2025-03-01,active,2026-01-04T00:00:00Z
SRC-PL-0460,PL0460,C0460,PRE05,700000460,2025-04-01,active,2026-01-04T00:00:00Z
SRC-PL-0461,PL0461,C0461,PRE01,700000461,2025-05-01,active,2026-01-04T00:00:00Z
SRC-PL-0462,PL0462,C0462,PRE02,700000462,2025-06-01,suspended,2026-01-04T00:00:00Z
SRC-PL-0463,PL0463,C0463,PRE03,700000463,2025-07-01,active,2026-01-04T00:00:00Z
SRC-PL-0464,PL0464,C0464,PRE04,700000464,2025-08-01,active,2026-01-04T00:00:00Z
SRC-PL-0465,PL0465,C0465,PRE05,700000465,2025-09-01,active,2026-01-04T00:00:00Z
SRC-PL-0466,PL0466,C0466,PRE01,700000466,2025-10-01,active,2026-01-04T00:00:00Z
SRC-PL-0467,PL0467,C0467,PRE02,700000467,2025-11-01,active,2026-01-04T00:00:00Z
SRC-PL-0468,PL0468,C0468,PRE03,700000468,2025-12-01,active,2026-01-04T00:00:00Z
SRC-PL-0469,PL0469,C0469,PRE04,700000469,2025-01-01,active,2026-01-04T00:00:00Z
SRC-PL-0470,PL0470,C0470,PRE05,700000470,2025-02-01,active,2026-01-04T00:00:00Z
SRC-PL-0471,PL0471,C0471,PRE01,700000471,2025-03-01,active,2026-01-04T00:00:00Z
SRC-PL-0472,PL0472,C0472,PRE02,700000472,2025-04-01,active,2026-01-04T00:00:00Z
SRC-PL-0473,PL0473,C0473,PRE03,700000473,2025-05-01,suspended,2026-01-04T00:00:00Z
SRC-PL-0474,PL0474,C0474,PRE04,700000474,2025-06-01,active,2026-01-04T00:00:00Z
SRC-PL-0475,PL0475,C0475,PRE05,700000475,2025-07-01,active,2026-01-04T00:00:00Z
SRC-PL-0476,PL0476,C0476,PRE01,700000476,2025-08-01,active,2026-01-04T00:00:00Z
SRC-PL-0477,PL0477,C0477,PRE02,700000477,2025-09-01,active,2026-01-04T00:00:00Z
SRC-PL-0478,PL0478,C0478,PRE03,700000478,2025-10-01,active,2026-01-04T00:00:00Z
SRC-PL-0479,PL0479,C0479,PRE04,700000479,2025-11-01,active,2026-01-04T00:00:00Z
SRC-PL-0480,PL0480,C0480,PRE05,700000480,2025-12-01,active,2026-01-04T00:00:00Z
SRC-PL-0481,PL0481,C0481,PRE01,700000481,2025-01-01,active,2026-01-04T00:00:00Z
SRC-PL-0482,PL0482,C0482,PRE02,700000482,2025-02-01,active,2026-01-04T00:00:00Z
SRC-PL-0483,PL0483,C0483,PRE03,700000483,2025-03-01,active,2026-01-04T00:00:00Z
SRC-PL-0484,PL0484,C0484,PRE04,700000484,2025-04-01,suspended,2026-01-04T00:00:00Z
SRC-PL-0485,PL0485,C0485,PRE05,700000485,2025-05-01,active,2026-01-04T00:00:00Z
SRC-PL-0486,PL0486,C0486,PRE01,700000486,2025-06-01,active,2026-01-04T00:00:00Z
SRC-PL-0487,PL0487,C0487,PRE02,700000487,2025-07-01,active,2026-01-04T00:00:00Z
SRC-PL-0488,PL0488,C0488,PRE03,700000488,2025-08-01,active,2026-01-04T00:00:00Z
SRC-PL-0489,PL0489,C0489,PRE04,700000489,2025-09-01,active,2026-01-04T00:00:00Z
SRC-PL-0490,PL0490,C0490,PRE05,700000490,2025-10-01,active,2026-01-04T00:00:00Z
SRC-PL-0491,PL0491,C0491,PRE01,700000491,2025-11-01,active,2026-01-04T00:00:00Z
SRC-PL-0492,PL0492,C0492,PRE02,700000492,2025-12-01,active,2026-01-04T00:00:00Z
SRC-PL-0493,PL0493,C0493,PRE03,700000493,2025-01-01,active,2026-01-04T00:00:00Z
SRC-PL-0494,PL0494,C0001,PRE04,700000494,2025-02-01,active,2026-01-04T00:00:00Z
SRC-PL-0495,PL0495,C0002,PRE05,700000495,2025-03-01,suspended,2026-01-04T00:00:00Z
SRC-PL-0496,PL0496,C0003,PRE01,700000496,2025-04-01,active,2026-01-04T00:00:00Z
SRC-PL-0497,PL0497,C0004,PRE02,700000497,2025-05-01,active,2026-01-04T00:00:00Z
SRC-PL-0498,PL0498,C0005,PRE03,700000498,2025-06-01,active,2026-01-04T00:00:00Z
SRC-PL-0499,PL0499,C0006,PRE04,700000499,2025-07-01,active,2026-01-04T00:00:00Z
SRC-PL-0500,PL0500,C0007,PRE05,700000500,2025-08-01,active,2026-01-04T00:00:00Z
SRC-PL-0501,PL0501,C0008,PRE01,700000501,2025-09-01,active,2026-01-04T00:00:00Z
SRC-PL-0502,PL0502,C0009,PRE02,700000502,2025-10-01,active,2026-01-04T00:00:00Z
SRC-PL-0503,PL0503,C0010,PRE03,700000503,2025-11-01,active,2026-01-04T00:00:00Z
SRC-PL-0504,PL0504,C0011,PRE04,700000504,2025-12-01,active,2026-01-04T00:00:00Z
SRC-PL-0505,PL0505,C0012,PRE05,700000505,2025-01-01,active,2026-01-04T00:00:00Z
SRC-PL-0506,PL0506,C0013,PRE01,700000506,2025-02-01,suspended,2026-01-04T00:00:00Z
SRC-PL-0507,PL0507,C0014,PRE02,700000507,2025-03-01,active,2026-01-04T00:00:00Z
SRC-PL-0508,PL0508,C0015,PRE03,700000508,2025-04-01,active,2026-01-04T00:00:00Z
SRC-PL-0509,PL0509,C0016,PRE04,700000509,2025-05-01,active,2026-01-04T00:00:00Z
SRC-PL-0510,PL0510,C0017,PRE05,700000510,2025-06-01,active,2026-01-04T00:00:00Z
SRC-PL-0511,PL0511,C0018,PRE01,700000511,2025-07-01,active,2026-01-04T00:00:00Z
SRC-PL-0512,PL0512,C0019,PRE02,700000512,2025-08-01,active,2026-01-04T00:00:00Z
SRC-PL-0513,PL0513,C0020,PRE03,700000513,2025-09-01,active,2026-01-04T00:00:00Z
SRC-PL-0514,PL0514,C0021,PRE04,700000514,2025-10-01,active,2026-01-04T00:00:00Z
SRC-PL-0515,PL0515,C0022,PRE05,700000515,2025-11-01,active,2026-01-04T00:00:00Z
SRC-PL-0516,PL0516,C0023,PRE01,700000516,2025-12-01,active,2026-01-04T00:00:00Z
SRC-PL-0517,PL0517,C0024,PRE02,700000517,2025-01-01,suspended,2026-01-04T00:00:00Z
SRC-PL-0518,PL0518,C0025,PRE03,700000518,2025-02-01,active,2026-01-04T00:00:00Z
SRC-PL-0519,PL0519,C0026,PRE04,700000519,2025-03-01,active,2026-01-04T00:00:00Z
SRC-PL-0520,PL0520,C0027,PRE05,700000520,2025-04-01,active,2026-01-04T00:00:00Z
SRC-PL-0521,PL0521,C0028,PRE01,700000521,2025-05-01,active,2026-01-04T00:00:00Z
SRC-PL-0522,PL0522,C0029,PRE02,700000522,2025-06-01,active,2026-01-04T00:00:00Z
SRC-PL-0523,PL0523,C0030,PRE03,700000523,2025-07-01,active,2026-01-04T00:00:00Z
SRC-PL-0524,PL0524,C0031,PRE04,700000524,2025-08-01,active,2026-01-04T00:00:00Z
SRC-PL-0525,PL0525,C0032,PRE05,700000525,2025-09-01,active,2026-01-04T00:00:00Z
SRC-PL-0526,PL0526,C0033,PRE01,700000526,2025-10-01,active,2026-01-04T00:00:00Z
SRC-PL-0527,PL0527,C0034,PRE02,700000527,2025-11-01,active,2026-01-04T00:00:00Z
SRC-PL-0528,PL0528,C0035,PRE03,700000528,2025-12-01,suspended,2026-01-04T00:00:00Z
SRC-PL-0529,PL0529,C0036,PRE04,700000529,2025-01-01,active,2026-01-04T00:00:00Z
SRC-PL-0530,PL0530,C0037,PRE05,700000530,2025-02-01,active,2026-01-04T00:00:00Z
SRC-PL-0531,PL0531,C0038,PRE01,700000531,2025-03-01,active,2026-01-04T00:00:00Z
SRC-PL-0532,PL0532,C0039,PRE02,700000532,2025-04-01,active,2026-01-04T00:00:00Z
SRC-PL-0533,PL0533,C0040,PRE03,700000533,2025-05-01,active,2026-01-04T00:00:00Z
SRC-PL-0534,PL0534,C0041,PRE04,700000534,2025-06-01,active,2026-01-04T00:00:00Z
SRC-PL-0535,PL0535,C0042,PRE05,700000535,2025-07-01,active,2026-01-04T00:00:00Z
SRC-PL-0536,PL0536,C0043,PRE01,700000536,2025-08-01,active,2026-01-04T00:00:00Z
SRC-PL-0537,PL0537,C0044,PRE02,700000537,2025-09-01,active,2026-01-04T00:00:00Z
SRC-PL-0538,PL0538,C0045,PRE03,700000538,2025-10-01,active,2026-01-04T00:00:00Z
SRC-PL-0539,PL0539,C0046,PRE04,700000539,2025-11-01,suspended,2026-01-04T00:00:00Z
SRC-PL-0540,PL0540,C0047,PRE05,700000540,2025-12-01,active,2026-01-04T00:00:00Z
SRC-PL-0541,PL0541,C0048,PRE01,700000541,2025-01-01,active,2026-01-04T00:00:00Z
SRC-PL-0542,PL0542,C0049,PRE02,700000542,2025-02-01,active,2026-01-04T00:00:00Z
SRC-PL-0543,PL0543,C0050,PRE03,700000543,2025-03-01,active,2026-01-04T00:00:00Z
SRC-PL-0544,PL0544,C0051,PRE04,700000544,2025-04-01,active,2026-01-04T00:00:00Z
SRC-PL-0545,PL0545,C0052,PRE05,700000545,2025-05-01,active,2026-01-04T00:00:00Z
SRC-PL-0546,PL0546,C0053,PRE01,700000546,2025-06-01,active,2026-01-04T00:00:00Z
SRC-PL-0547,PL0547,C0054,PRE02,700000547,2025-07-01,active,2026-01-04T00:00:00Z
SRC-PL-0548,PL0548,C0055,PRE03,700000548,2025-08-01,active,2026-01-04T00:00:00Z
SRC-PL-0549,PL0549,C0056,PRE04,700000549,2025-09-01,active,2026-01-04T00:00:00Z
SRC-PL-0550,PL0550,C0057,PRE05,700000550,2025-10-01,suspended,2026-01-04T00:00:00Z
SRC-PL-0551,PL0551,C0058,PRE01,700000551,2025-11-01,active,2026-01-04T00:00:00Z
SRC-PL-0552,PL0552,C0059,PRE02,700000552,2025-12-01,active,2026-01-04T00:00:00Z
SRC-PL-0553,PL0553,C0060,PRE03,700000553,2025-01-01,active,2026-01-04T00:00:00Z
SRC-PL-0554,PL0554,C0061,PRE04,700000554,2025-02-01,active,2026-01-04T00:00:00Z
SRC-PL-0555,PL0555,C0062,PRE05,700000555,2025-03-01,active,2026-01-04T00:00:00Z
SRC-PL-0556,PL0556,C0063,PRE01,700000556,2025-04-01,active,2026-01-04T00:00:00Z
SRC-PL-0557,PL0557,C0064,PRE02,700000557,2025-05-01,active,2026-01-04T00:00:00Z
SRC-PL-0558,PL0558,C0065,PRE03,700000558,2025-06-01,active,2026-01-04T00:00:00Z
SRC-PL-0559,PL0559,C0066,PRE04,700000559,2025-07-01,active,2026-01-04T00:00:00Z
SRC-PL-0560,PL0560,C0067,PRE05,700000560,2025-08-01,active,2026-01-04T00:00:00Z
SRC-PL-0561,PL0561,C0068,PRE01,700000561,2025-09-01,suspended,2026-01-04T00:00:00Z
SRC-PL-0562,PL0562,C0069,PRE02,700000562,2025-10-01,active,2026-01-04T00:00:00Z
SRC-PL-0563,PL0563,C0070,PRE03,700000563,2025-11-01,active,2026-01-04T00:00:00Z
SRC-PL-0564,PL0564,C0071,PRE04,700000564,2025-12-01,active,2026-01-04T00:00:00Z
SRC-PL-0565,PL0565,C0072,PRE05,700000565,2025-01-01,active,2026-01-04T00:00:00Z
SRC-PL-0566,PL0566,C0073,PRE01,700000566,2025-02-01,active,2026-01-04T00:00:00Z
SRC-PL-0567,PL0567,C0074,PRE02,700000567,2025-03-01,active,2026-01-04T00:00:00Z
SRC-PL-0568,PL0568,C0075,PRE03,700000568,2025-04-01,active,2026-01-04T00:00:00Z
SRC-PL-0569,PL0569,C0076,PRE04,700000569,2025-05-01,active,2026-01-04T00:00:00Z
SRC-PL-0570,PL0570,C0077,PRE05,700000570,2025-06-01,active,2026-01-04T00:00:00Z
SRC-PL-0571,PL0571,C0078,PRE01,700000571,2025-07-01,active,2026-01-04T00:00:00Z
SRC-PL-0572,PL0572,C0079,PRE02,700000572,2025-08-01,suspended,2026-01-04T00:00:00Z
SRC-PL-0573,PL0573,C0080,PRE03,700000573,2025-09-01,active,2026-01-04T00:00:00Z
SRC-PL-0574,PL0574,C0081,PRE04,700000574,2025-10-01,active,2026-01-04T00:00:00Z
SRC-PL-0575,PL0575,C0082,PRE05,700000575,2025-11-01,active,2026-01-04T00:00:00Z
SRC-PL-0576,PL0576,C0083,PRE01,700000576,2025-12-01,active,2026-01-04T00:00:00Z
SRC-PL-0577,PL0577,C0084,PRE02,700000577,2025-01-01,active,2026-01-04T00:00:00Z
SRC-PL-0578,PL0578,C0085,PRE03,700000578,2025-02-01,active,2026-01-04T00:00:00Z
SRC-PL-0579,PL0579,C0086,PRE04,700000579,2025-03-01,active,2026-01-04T00:00:00Z
SRC-PL-0580,PL0580,C0087,PRE05,700000580,2025-04-01,active,2026-01-04T00:00:00Z
SRC-PL-0581,PL0581,C0088,PRE01,700000581,2025-05-01,active,2026-01-04T00:00:00Z
SRC-PL-0582,PL0582,C0089,PRE02,700000582,2025-06-01,active,2026-01-04T00:00:00Z
SRC-PL-0583,PL0583,C0090,PRE03,700000583,2025-07-01,suspended,2026-01-04T00:00:00Z
SRC-PL-0584,PL0584,C0091,PRE04,700000584,2025-08-01,active,2026-01-04T00:00:00Z
SRC-PL-0585,PL0585,C0092,PRE05,700000585,2025-09-01,active,2026-01-04T00:00:00Z
SRC-PL-0586,PL0586,C0093,PRE01,700000586,2025-10-01,active,2026-01-04T00:00:00Z
SRC-PL-0587,PL0587,C0094,PRE02,700000587,2025-11-01,active,2026-01-04T00:00:00Z
SRC-PL-0588,PL0588,C0095,PRE03,700000588,2025-12-01,active,2026-01-04T00:00:00Z
SRC-PL-0589,PL0589,C0096,PRE04,700000589,2025-01-01,active,2026-01-04T00:00:00Z
SRC-PL-0590,PL0590,C0097,PRE05,700000590,2025-02-01,active,2026-01-04T00:00:00Z
SRC-PL-0591,PL0591,C0098,PRE01,700000591,2025-03-01,active,2026-01-04T00:00:00Z
SRC-PL-0592,PL0592,C0099,PRE02,700000592,2025-04-01,active,2026-01-04T00:00:00Z
SRC-PL-0593,PL0593,C0100,PRE03,700000593,2025-05-01,active,2026-01-04T00:00:00Z
SRC-PL-0594,PL0594,C0101,PRE04,700000594,2025-06-01,suspended,2026-01-04T00:00:00Z
SRC-PL-0595,PL0595,C0102,PRE05,700000595,2025-07-01,active,2026-01-04T00:00:00Z
SRC-PL-0596,PL0596,C0103,PRE01,700000596,2025-08-01,active,2026-01-04T00:00:00Z
SRC-PL-0597,PL0597,C0104,PRE02,700000597,2025-09-01,active,2026-01-04T00:00:00Z
SRC-PL-0598,PL0598,C0105,PRE03,700000598,2025-10-01,active,2026-01-04T00:00:00Z
SRC-PL-0599,PL0599,C0106,PRE04,700000599,2025-11-01,active,2026-01-04T00:00:00Z
SRC-PL-0600,PL0600,C0107,PRE05,700000600,2025-12-01,active,2026-01-04T00:00:00Z
SRC-PL-0601,PL0601,C0108,PRE01,700000601,2025-01-01,active,2026-01-04T00:00:00Z
SRC-PL-0602,PL0602,C0109,PRE02,700000602,2025-02-01,active,2026-01-04T00:00:00Z
SRC-PL-0603,PL0603,C0110,PRE03,700000603,2025-03-01,active,2026-01-04T00:00:00Z
SRC-PL-0604,PL0604,C0111,PRE04,700000604,2025-04-01,active,2026-01-04T00:00:00Z
SRC-PL-0605,PL0605,C0112,PRE05,700000605,2025-05-01,suspended,2026-01-04T00:00:00Z
SRC-PL-0606,PL0606,C0113,PRE01,700000606,2025-06-01,active,2026-01-04T00:00:00Z
SRC-PL-0607,PL0607,C0114,PRE02,700000607,2025-07-01,active,2026-01-04T00:00:00Z
SRC-PL-0608,PL0608,C0115,PRE03,700000608,2025-08-01,active,2026-01-04T00:00:00Z
SRC-PL-0609,PL0609,C0116,PRE04,700000609,2025-09-01,active,2026-01-04T00:00:00Z
SRC-PL-0610,PL0610,C0117,PRE05,700000610,2025-10-01,active,2026-01-04T00:00:00Z
SRC-PL-0611,PL0611,C0118,PRE01,700000611,2025-11-01,active,2026-01-04T00:00:00Z
SRC-PL-0612,PL0612,C0119,PRE02,700000612,2025-12-01,active,2026-01-04T00:00:00Z
SRC-PL-0613,PL0613,C0120,PRE03,700000613,2025-01-01,active,2026-01-04T00:00:00Z
SRC-PL-0614,PL0614,C0121,PRE04,700000614,2025-02-01,active,2026-01-04T00:00:00Z
SRC-PL-0615,PL0615,C0122,PRE05,700000615,2025-03-01,active,2026-01-04T00:00:00Z
SRC-PL-0616,PL0616,C0123,PRE01,700000616,2025-04-01,suspended,2026-01-04T00:00:00Z
SRC-PL-0617,PL0617,C0124,PRE02,700000617,2025-05-01,active,2026-01-04T00:00:00Z
SRC-PL-0618,PL0618,C0125,PRE03,700000618,2025-06-01,active,2026-01-04T00:00:00Z
SRC-PL-0619,PL0619,C0126,PRE04,700000619,2025-07-01,active,2026-01-04T00:00:00Z
SRC-PL-0620,PL0620,C0127,PRE05,700000620,2025-08-01,active,2026-01-04T00:00:00Z
SRC-PL-0621,PL0621,C0128,PRE01,700000621,2025-09-01,active,2026-01-04T00:00:00Z
SRC-PL-0622,PL0622,C0129,PRE02,700000622,2025-10-01,active,2026-01-04T00:00:00Z
SRC-PL-0623,PL0623,C0130,PRE03,700000623,2025-11-01,active,2026-01-04T00:00:00Z
SRC-PL-0624,PL0624,C0131,PRE04,700000624,2025-12-01,active,2026-01-04T00:00:00Z
SRC-PL-0625,PL0625,C0132,PRE05,700000625,2025-01-01,active,2026-01-04T00:00:00Z
SRC-PL-0626,PL0626,C0133,PRE01,700000626,2025-02-01,active,2026-01-04T00:00:00Z
SRC-PL-0627,PL0627,C0134,PRE02,700000627,2025-03-01,suspended,2026-01-04T00:00:00Z
SRC-PL-0628,PL0628,C0135,PRE03,700000628,2025-04-01,active,2026-01-04T00:00:00Z
SRC-PL-0629,PL0629,C0136,PRE04,700000629,2025-05-01,active,2026-01-04T00:00:00Z
SRC-PL-0630,PL0630,C0137,PRE05,700000630,2025-06-01,active,2026-01-04T00:00:00Z
SRC-PL-0631,PL0631,C0138,PRE01,700000631,2025-07-01,active,2026-01-04T00:00:00Z
SRC-PL-0632,PL0632,C0139,PRE02,700000632,2025-08-01,active,2026-01-04T00:00:00Z
SRC-PL-0633,PL0633,C0140,PRE03,700000633,2025-09-01,active,2026-01-04T00:00:00Z
SRC-PL-0634,PL0634,C0141,PRE04,700000634,2025-10-01,active,2026-01-04T00:00:00Z
SRC-PL-0635,PL0635,C0142,PRE05,700000635,2025-11-01,active,2026-01-04T00:00:00Z
SRC-PL-0636,PL0636,C0143,PRE01,700000636,2025-12-01,active,2026-01-04T00:00:00Z
SRC-PL-0637,PL0637,C0144,PRE02,700000637,2025-01-01,active,2026-01-04T00:00:00Z
SRC-PL-0638,PL0638,C0145,PRE03,700000638,2025-02-01,suspended,2026-01-04T00:00:00Z
SRC-PL-0639,PL0639,C0146,PRE04,700000639,2025-03-01,active,2026-01-04T00:00:00Z
SRC-PL-0640,PL0640,C0147,PRE05,700000640,2025-04-01,active,2026-01-04T00:00:00Z
SRC-PL-0641,PL0641,C0148,PRE01,700000641,2025-05-01,active,2026-01-04T00:00:00Z
SRC-PL-0642,PL0642,C0149,PRE02,700000642,2025-06-01,active,2026-01-04T00:00:00Z
SRC-PL-0643,PL0643,C0150,PRE03,700000643,2025-07-01,active,2026-01-04T00:00:00Z
SRC-PL-0644,PL0644,C0151,PRE04,700000644,2025-08-01,active,2026-01-04T00:00:00Z
SRC-PL-0645,PL0645,C0152,PRE05,700000645,2025-09-01,active,2026-01-04T00:00:00Z
SRC-PL-0646,PL0646,C9999,PRE01,700000646,2025-10-01,active,2026-01-04T00:00:00Z
SRC-PL-0647,PL0647,C9999,PRE02,700000647,2025-11-01,active,2026-01-04T00:00:00Z
SRC-PL-0648,PL0648,C9999,PRE03,700000648,2025-12-01,active,2026-01-04T00:00:00Z
SRC-PL-0649,PL0649,C9999,PRE04,700000649,2025-01-01,suspended,2026-01-04T00:00:00Z
SRC-PL-0650,PL0650,C9999,PRE05,700000650,2025-02-01,active,2026-01-04T00:00:00Z
